561650.38000488 5117557.93994141 2155.43994141 107 120 139 2.000000 21.000000
561645.39001465 5117558.21997070 2157.31005859 90 104 123 2.000000 21.000000
561640.73999023 5117558.48999023 2159.42993164 108 122 137 2.000000 21.000000
561685.45001221 5117552.23999023 2147.70996094 72 80 96 2.000000 21.000000
561679.67999268 5117552.48999023 2148.39990234 58 64 77 2.000000 21.000000
561674.55999756 5117552.81005859 2151.07006836 64 68 86 2.000000 21.000000
561669.41000366 5117553.09008789 2152.78002930 68 74 92 2.000000 21.000000
561663.98999023 5117553.28002930 2152.67993164 94 102 120 2.000000 21.000000
561659.25000000 5117553.55004883 2154.55004883 93 101 119 2.000000 21.000000
561653.82998657 5117553.83007813 2156.12988281 108 118 140 2.000000 21.000000
561648.94000244 5117554.13989258 2158.67993164 94 106 128 2.000000 21.000000
561644.17001343 5117554.41992188 2160.69995117 92 110 121 2.000000 21.000000
561691.05999756 5117550.97998047 2146.09008789 76 84 102 2.000000 21.000000
561705.79998779 5117547.12988281 2141.35009766 78 84 100 2.000000 21.000000
561700.97000122 5117547.43994141 2143.92993164 77 86 103 2.000000 21.000000
561696.07998657 5117547.71997070 2145.83007813 72 79 96 2.000000 21.000000
561684.01000977 5117548.41992188 2150.73999023 75 82 98 2.000000 21.000000
561678.30999756 5117548.65991211 2151.35009766 62 66 82 2.000000 21.000000
561672.33999634 5117549.02001953 2153.92993164 66 71 91 2.000000 21.000000
561667.30999756 5117549.29003906 2155.65991211 85 94 114 2.000000 21.000000
561662.05999756 5117549.48999023 2155.82006836 86 96 118 2.000000 21.000000
561656.67001343 5117549.80004883 2157.94995117 101 116 135 2.000000 21.000000
561647.33999634 5117550.33007813 2161.76000977 92 108 127 2.000000 21.000000
561642.98001099 5117550.64990234 2164.78002930 114 128 144 2.000000 21.000000
561652.11999512 5117549.40991211 2160.20996094 113 126 149 2.000000 21.000000
561689.33999634 5117547.25000000 2149.27001953 76 86 104 2.000000 21.000000
561710.76000977 5117545.86010742 2139.91992188 65 73 88 2.000000 21.000000
561732.57000732 5117541.78002930 2134.28002930 75 82 100 2.000000 21.000000
561726.91000366 5117542.07006836 2135.72998047 66 74 90 2.000000 21.000000
561721.44000244 5117542.37988281 2137.64990234 71 82 97 2.000000 21.000000
561716.07998657 5117542.66992188 2139.47998047 68 76 92 2.000000 21.000000
561699.07998657 5117543.71997070 2147.47998047 74 82 98 2.000000 21.000000
561694.32998657 5117544.01000977 2149.69995117 72 80 97 2.000000 21.000000
561682.17001343 5117544.66992188 2153.82006836 69 72 88 2.000000 21.000000
561676.57998657 5117544.90991211 2154.56005859 64 71 86 2.000000 21.000000
561670.64999390 5117545.26000977 2156.93994141 89 104 119 2.000000 21.000000
561660.52999878 5117545.71997070 2158.80004883 89 101 122 2.000000 21.000000
561646.17999268 5117546.55004883 2164.86010742 99 110 130 2.000000 21.000000
561641.22000122 5117546.88989258 2167.84008789 117 130 146 2.000000 21.000000
561654.51998901 5117545.43994141 2162.08007813 101 117 131 2.000000 21.000000
561687.48999023 5117543.54003906 2152.36010742 73 80 98 2.000000 21.000000
561703.54000854 5117542.48999023 2145.12011719 72 78 92 2.000000 21.000000
561708.45999146 5117542.15991211 2142.66992188 66 72 87 2.000000 21.000000
561737.83999634 5117540.45996094 2133.51000977 74 82 102 2.000000 21.000000
561757.77000427 5117536.54003906 2127.69995117 92 96 110 2.000000 21.000000
561753.05999756 5117536.83007813 2129.85009766 86 95 106 2.000000 21.000000
561748.35000610 5117537.09008789 2131.60009766 84 92 104 2.000000 21.000000
561742.48999023 5117537.40991211 2133.47998047 73 82 100 2.000000 21.000000
561729.92999268 5117538.09008789 2137.41992188 66 70 88 2.000000 21.000000
561724.32000732 5117538.37011719 2138.85009766 58 64 80 2.000000 21.000000
561718.89999390 5117538.66992188 2140.70996094 70 76 94 2.000000 21.000000
561713.60998535 5117538.95996094 2142.62011719 68 73 90 2.000000 21.000000
561692.14001465 5117540.28002930 2152.64990234 65 72 88 2.000000 21.000000
561679.14999390 5117540.94995117 2156.37988281 61 66 82 2.000000 21.000000
561673.82000732 5117541.20996094 2157.64990234 84 95 112 2.000000 21.000000
561668.02999878 5117541.55004883 2159.95996094 95 107 126 2.000000 21.000000
561663.01000977 5117541.78002930 2160.91992188 83 96 116 2.000000 21.000000
561651.79998779 5117542.39990234 2165.10009766 103 117 134 2.000000 21.000000
561645.02999878 5117542.80004883 2168.01000977 105 118 136 2.000000 21.000000
561640.63000488 5117542.52001953 2170.44995117 126 148 164 2.000000 21.000000
561657.72000122 5117541.41992188 2163.29003906 114 132 146 2.000000 21.000000
561684.88000488 5117539.86010742 2155.60009766 76 82 98 2.000000 21.000000
561696.95001221 5117539.09008789 2150.57006836 65 73 87 2.000000 21.000000
561701.79000854 5117538.78002930 2148.50000000 62 69 84 2.000000 21.000000
561706.55999756 5117538.42993164 2145.55004883 66 71 86 2.000000 21.000000
561735.82000732 5117536.72998047 2136.41992188 75 82 100 2.000000 21.000000
561762.78999329 5117535.09008789 2126.39990234 109 115 123 2.000000 21.000000
561783.39999390 5117531.34008789 2122.37011719 80 89 104 2.000000 21.000000
561778.30999756 5117531.61010742 2123.95996094 84 92 100 2.000000 21.000000
561773.24000549 5117531.87011719 2125.26000977 153 153 149 2.000000 21.000000
561768.19000244 5117532.11010742 2126.36010742 68 74 94 2.000000 21.000000
561745.58000183 5117533.38989258 2134.71997070 75 84 100 2.000000 21.000000
561739.82000732 5117533.69995117 2136.54003906 78 86 102 2.000000 21.000000
561727.48999023 5117534.36010742 2140.37988281 61 66 82 2.000000 21.000000
561722.10000610 5117534.65991211 2142.28002930 56 62 77 2.000000 21.000000
561716.69000244 5117534.92993164 2143.66992188 70 76 92 2.000000 21.000000
561711.51998901 5117535.21997070 2145.59008789 68 72 90 2.000000 21.000000
561689.50000000 5117536.55004883 2155.71997070 66 74 91 2.000000 21.000000
561681.35000610 5117537.01000977 2158.68994141 66 72 88 2.000000 21.000000
561671.51998901 5117537.46997070 2160.71997070 94 108 120 2.000000 21.000000
561665.82000732 5117537.79003906 2162.92993164 90 104 120 2.000000 21.000000
561655.10998535 5117538.38989258 2166.97998047 106 122 139 2.000000 21.000000
561649.98001099 5117538.64990234 2168.43994141 104 118 137 2.000000 21.000000
561643.89999390 5117538.40991211 2171.33007813 128 144 160 2.000000 21.000000
561660.55999756 5117537.33007813 2164.16992188 117 134 148 2.000000 21.000000
561676.30999756 5117536.42993164 2159.71997070 60 69 83 2.000000 21.000000
561694.61999512 5117535.36010742 2153.89990234 64 71 86 2.000000 21.000000
561705.02999878 5117534.63989258 2148.52001953 63 68 84 2.000000 21.000000
561732.72000122 5117533.03002930 2139.69995117 77 83 99 2.000000 21.000000
561750.97999573 5117531.92993164 2133.16992188 76 86 101 2.000000 21.000000
561755.66000366 5117531.63989258 2131.19995117 90 94 108 2.000000 21.000000
561760.47000122 5117531.36010742 2129.68994141 108 115 123 2.000000 21.000000
561785.72999573 5117527.02001953 2117.59008789 69 74 90 2.000000 21.000000
561766.47999573 5117528.37011719 2129.71997070 97 101 112 2.000000 21.000000
561742.76000977 5117529.66992188 2137.80004883 76 84 101 2.000000 21.000000
561737.07000732 5117529.97998047 2139.71997070 76 82 100 2.000000 21.000000
561719.42001343 5117530.91992188 2145.25000000 71 78 94 2.000000 21.000000
561708.94000244 5117531.46997070 2148.53002930 62 67 85 2.000000 21.000000
561702.00000000 5117531.87988281 2151.42993164 67 71 87 2.000000 21.000000
561687.17999268 5117532.79003906 2158.58007813 62 72 88 2.000000 21.000000
561669.58999634 5117533.69995117 2163.65991211 90 102 120 2.000000 21.000000
561652.88000488 5117534.62011719 2170.01000977 104 118 136 2.000000 21.000000
561648.08999634 5117534.88989258 2171.87011719 114 127 144 2.000000 21.000000
561641.79998779 5117535.27001953 2174.85009766 189 204 208 2.000000 21.000000
561657.79998779 5117533.67993164 2168.42993164 108 123 141 2.000000 21.000000
561663.11999512 5117533.34008789 2166.35009766 102 120 136 2.000000 21.000000
561674.66000366 5117532.66992188 2162.79003906 74 82 100 2.000000 21.000000
561680.04000854 5117532.38989258 2161.77001953 65 72 90 2.000000 21.000000
561692.67999268 5117531.61010742 2156.93994141 64 71 86 2.000000 21.000000
561714.07998657 5117530.21997070 2147.41992188 68 76 94 2.000000 21.000000
561724.76998901 5117529.60009766 2144.02001953 67 73 91 2.000000 21.000000
561730.33999634 5117529.30004883 2142.62011719 73 80 97 2.000000 21.000000
561748.49000549 5117528.20996094 2136.14990234 75 82 100 2.000000 21.000000
561771.47000122 5117526.87988281 2128.70996094 86 89 99 2.000000 21.000000
561776.41000366 5117526.57006836 2126.69995117 66 72 90 2.000000 21.000000
561781.14999390 5117526.17993164 2122.98999023 70 75 92 2.000000 21.000000
561797.66000366 5117522.20996094 2110.65991211 62 69 83 2.000000 21.000000
561792.69000244 5117522.59008789 2114.37011719 76 80 96 2.000000 21.000000
561785.52999878 5117523.19995117 2120.94995117 73 80 95 2.000000 21.000000
561763.74000549 5117524.61010742 2132.64990234 96 102 108 2.000000 21.000000
561758.89999390 5117524.87011719 2134.11010742 74 81 98 2.000000 21.000000
561754.13000488 5117525.12988281 2135.67993164 74 80 98 2.000000 21.000000
561740.30999756 5117525.90991211 2140.89990234 75 82 100 2.000000 21.000000
561734.70001221 5117526.21997070 2142.81005859 77 85 102 2.000000 21.000000
561706.95999146 5117527.67993164 2151.36010742 56 62 78 2.000000 21.000000
561700.16000366 5117528.08007813 2154.33007813 60 64 78 2.000000 21.000000
561684.69000244 5117529.02001953 2161.60009766 63 68 84 2.000000 21.000000
561667.54998779 5117529.92993164 2166.95996094 82 95 112 2.000000 21.000000
561655.42001343 5117530.61010742 2171.69995117 112 128 145 2.000000 21.000000
561650.54000854 5117530.88989258 2173.77001953 105 118 136 2.000000 21.000000
561645.85000610 5117531.14990234 2175.55004883 119 137 152 2.000000 21.000000
561641.07998657 5117531.46997070 2178.47998047 228 235 230 2.000000 21.000000
561660.22000122 5117529.66992188 2170.29003906 99 116 130 2.000000 21.000000
561672.80999756 5117528.89990234 2165.55004883 80 90 106 2.000000 21.000000
561678.10998535 5117528.62988281 2164.59008789 55 62 78 2.000000 21.000000
561689.64001465 5117527.91992188 2160.30004883 60 65 80 2.000000 21.000000
561716.86999512 5117526.18994141 2148.85009766 70 76 97 2.000000 21.000000
561722.19000244 5117525.87988281 2147.12011719 70 78 98 2.000000 21.000000
561727.69000244 5117525.58007813 2145.72998047 72 80 100 2.000000 21.000000
561745.61000061 5117524.52001953 2139.51000977 68 76 94 2.000000 21.000000
561769.47999573 5117523.13989258 2131.97998047 94 97 106 2.000000 21.000000
561789.88000488 5117521.60009766 2118.56005859 72 78 94 2.000000 21.000000
561802.25000000 5117520.59008789 2108.95996094 62 68 84 2.000000 21.000000
561815.39999390 5117517.19995117 2103.98999023 62 62 76 2.000000 21.000000
561810.00000000 5117517.52001953 2106.12988281 59 60 74 2.000000 21.000000
561795.69000244 5117518.43994141 2113.77001953 68 73 88 2.000000 21.000000
561783.63000488 5117519.42993164 2124.17993164 70 79 94 2.000000 21.000000
561778.75999451 5117519.77001953 2127.13989258 68 76 92 2.000000 21.000000
561773.97000122 5117520.10009766 2130.16992188 66 70 86 2.000000 21.000000
561761.94000244 5117520.82006836 2135.48999023 97 105 112 2.000000 21.000000
561757.16999817 5117521.08007813 2137.18994141 81 90 107 2.000000 21.000000
561751.22999573 5117521.38989258 2138.93994141 71 81 100 2.000000 21.000000
561737.58999634 5117522.16992188 2144.13989258 71 79 95 2.000000 21.000000
561732.02999878 5117522.46997070 2146.06005859 72 82 96 2.000000 21.000000
561712.70001221 5117523.47998047 2151.88989258 64 74 86 2.000000 21.000000
561704.54998779 5117523.91992188 2154.51000977 54 60 71 2.000000 21.000000
561697.82998657 5117524.32006836 2157.50000000 62 67 80 2.000000 21.000000
561682.51000977 5117525.25000000 2164.65991211 59 62 80 2.000000 21.000000
561665.64999390 5117526.14990234 2170.11010742 94 106 124 2.000000 21.000000
561657.51998901 5117526.63989258 2174.03002930 106 124 140 2.000000 21.000000
561649.05999756 5117527.10009766 2176.93994141 116 129 150 2.000000 21.000000
561643.97000122 5117527.38989258 2179.21997070 225 232 227 2.000000 21.000000
561670.50000000 5117525.18994141 2168.75000000 75 85 101 2.000000 21.000000
561675.60998535 5117524.90991211 2167.46997070 86 93 110 2.000000 21.000000
561693.26998901 5117523.81005859 2160.44995117 55 61 76 2.000000 21.000000
561719.98001099 5117522.15991211 2150.13989258 68 77 96 2.000000 21.000000
561725.39999390 5117521.87011719 2148.72998047 70 80 96 2.000000 21.000000
561743.08999634 5117520.80004883 2142.37011719 66 75 92 2.000000 21.000000
561766.75999451 5117519.42993164 2134.78002930 94 94 103 2.000000 21.000000
561788.64999390 5117517.91992188 2123.09008789 76 82 96 2.000000 21.000000
561793.33999634 5117517.46997070 2118.11010742 74 79 94 2.000000 21.000000
561800.83999634 5117516.87988281 2112.68994141 70 78 94 2.000000 21.000000
561806.02000427 5117516.52001953 2109.80004883 63 66 81 2.000000 21.000000
561820.72999573 5117515.57006836 2103.26000977 69 72 87 2.000000 21.000000
561826.33999634 5117515.29003906 2102.16992188 68 75 90 2.000000 21.000000
561848.41000366 5117511.59008789 2096.69995117 67 75 91 2.000000 21.000000
561842.75000000 5117511.90991211 2098.79003906 69 76 90 2.000000 21.000000
561837.13999939 5117512.22998047 2100.85009766 72 78 93 2.000000 21.000000
561831.52999878 5117512.52001953 2102.42993164 70 76 92 2.000000 21.000000
561813.55999756 5117513.43994141 2107.30004883 60 62 75 2.000000 21.000000
561771.22999573 5117516.34008789 2132.93994141 67 75 94 2.000000 21.000000
561754.66999817 5117517.33007813 2140.25000000 72 80 98 2.000000 21.000000
561748.83999634 5117517.64990234 2142.31005859 68 78 96 2.000000 21.000000
561735.26998901 5117518.40991211 2147.15991211 76 81 96 2.000000 21.000000
561729.77999878 5117518.70996094 2149.03002930 72 81 100 2.000000 21.000000
561715.85000610 5117519.43994141 2153.21997070 66 72 88 2.000000 21.000000
561710.67001343 5117519.70996094 2154.72998047 56 62 78 2.000000 21.000000
561702.67001343 5117520.13989258 2157.37988281 56 62 74 2.000000 21.000000
561689.82998657 5117520.94995117 2163.89990234 60 65 80 2.000000 21.000000
561680.07998657 5117521.48999023 2167.50000000 80 86 104 2.000000 21.000000
561664.79000854 5117522.37988281 2174.03002930 94 106 126 2.000000 21.000000
561654.98999023 5117522.87988281 2176.80004883 100 111 130 2.000000 21.000000
561647.58999634 5117523.30004883 2179.87011719 122 135 146 2.000000 21.000000
561642.69000244 5117523.60009766 2182.30004883 247 247 238 2.000000 21.000000
561673.48999023 5117521.16992188 2170.37011719 86 94 115 2.000000 21.000000
561696.20001221 5117519.70996094 2160.62011719 93 101 117 2.000000 21.000000
561722.48001099 5117518.15991211 2151.87011719 72 79 99 2.000000 21.000000
561740.04000854 5117517.12988281 2145.86010742 68 76 92 2.000000 21.000000
561759.77999878 5117515.95996094 2139.05004883 79 90 102 2.000000 21.000000
561764.61000061 5117515.67993164 2137.56005859 71 79 94 2.000000 21.000000
561776.36999512 5117514.82006836 2130.25000000 66 74 92 2.000000 21.000000
561781.27000427 5117514.48999023 2127.88989258 67 75 90 2.000000 21.000000
561786.38000488 5117514.20996094 2126.43994141 68 74 90 2.000000 21.000000
561791.46000671 5117513.88989258 2124.44995117 66 70 90 2.000000 21.000000
561797.14999390 5117513.25000000 2116.59008789 68 75 94 2.000000 21.000000
561803.67999268 5117512.85009766 2113.96997070 72 79 94 2.000000 21.000000
561808.94000244 5117512.51000977 2111.67993164 76 78 92 2.000000 21.000000
561823.69999695 5117511.58007813 2105.35009766 66 72 86 2.000000 21.000000
561853.21000671 5117509.87011719 2095.66992188 69 74 88 2.000000 21.000000
561859.16999817 5117507.06005859 2094.22998047 65 72 88 2.000000 21.000000
561846.39999390 5117507.82006836 2099.71997070 68 74 90 2.000000 21.000000
561840.77000427 5117508.13989258 2101.89990234 69 74 88 2.000000 21.000000
561835.17999268 5117508.45996094 2103.98999023 70 76 91 2.000000 21.000000
561829.58999634 5117508.75000000 2105.64990234 70 76 92 2.000000 21.000000
561819.83000183 5117509.22998047 2107.83007813 56 61 73 2.000000 21.000000
561793.64999390 5117510.86010742 2120.41992188 66 71 88 2.000000 21.000000
561769.47000122 5117512.55004883 2135.72998047 70 77 94 2.000000 21.000000
561751.88000488 5117513.61010742 2143.44995117 68 78 97 2.000000 21.000000
561746.08999634 5117513.91992188 2145.37988281 71 82 99 2.000000 21.000000
561732.72000122 5117514.66992188 2150.35009766 76 85 101 2.000000 21.000000
561727.27999878 5117514.95996094 2152.12988281 74 81 102 2.000000 21.000000
561718.72000122 5117515.40991211 2154.58007813 71 77 96 2.000000 21.000000
561713.54000854 5117515.67993164 2156.26000977 60 65 80 2.000000 21.000000
561708.42001343 5117515.94995117 2157.71997070 59 65 82 2.000000 21.000000
561700.55999756 5117516.37988281 2160.53002930 80 86 102 2.000000 21.000000
561693.13000488 5117516.83007813 2163.87988281 88 97 114 2.000000 21.000000
561687.85000610 5117517.16992188 2166.76000977 60 68 85 2.000000 21.000000
561678.23001099 5117517.70996094 2170.40991211 86 98 114 2.000000 21.000000
561670.01000977 5117518.16992188 2173.57006836 76 86 104 2.000000 21.000000
561664.10000610 5117518.57006836 2177.30004883 78 86 104 2.000000 21.000000
561658.73001099 5117518.83007813 2178.62988281 114 128 144 2.000000 21.000000
561653.58999634 5117519.08007813 2179.86010742 108 118 138 2.000000 21.000000
561646.45999146 5117519.51000977 2183.14990234 244 245 232 2.000000 21.000000
561640.98999023 5117519.26000977 2184.21997070 231 231 222 2.000000 21.000000
561683.16000366 5117516.69995117 2169.15991211 83 94 110 2.000000 21.000000
561737.63000488 5117513.38989258 2149.10009766 73 82 100 2.000000 21.000000
561757.02999878 5117512.23999023 2142.35009766 72 82 98 2.000000 21.000000
561779.47999573 5117510.70996094 2130.83007813 67 76 92 2.000000 21.000000
561784.50999451 5117510.41992188 2129.25000000 64 72 88 2.000000 21.000000
561789.53999329 5117510.11010742 2127.18994141 66 72 88 2.000000 21.000000
561799.24000549 5117509.29003906 2119.07006836 72 76 90 2.000000 21.000000
561805.75000000 5117508.87988281 2116.44995117 79 84 98 2.000000 21.000000
561812.16999817 5117508.39990234 2112.19995117 62 66 80 2.000000 21.000000
561856.60000610 5117503.32006836 2097.63989258 59 63 79 2.000000 21.000000
561850.91000366 5117503.65991211 2100.14990234 68 74 89 2.000000 21.000000
561843.83999634 5117504.08007813 2103.00000000 68 74 89 2.000000 21.000000
561838.22999573 5117504.39990234 2105.19995117 66 71 86 2.000000 21.000000
561832.63999939 5117504.70996094 2107.09008789 68 72 88 2.000000 21.000000
561827.08999634 5117505.00000000 2108.85009766 70 75 91 2.000000 21.000000
561817.47999573 5117505.51000977 2111.64990234 68 76 92 2.000000 21.000000
561803.24000549 5117506.47998047 2120.20996094 72 80 94 2.000000 21.000000
561798.39999390 5117506.89990234 2124.83007813 66 72 85 2.000000 21.000000
561775.77999878 5117508.19995117 2133.68994141 64 73 90 2.000000 21.000000
561767.60000610 5117508.78002930 2138.87988281 69 77 92 2.000000 21.000000
561762.94999695 5117509.08007813 2141.37988281 71 78 96 2.000000 21.000000
561750.13000488 5117509.81005859 2146.32006836 68 73 92 2.000000 21.000000
561743.26000977 5117510.17993164 2148.55004883 74 82 99 2.000000 21.000000
561730.02999878 5117510.92993164 2153.47998047 72 80 99 2.000000 21.000000
561724.63000488 5117511.21997070 2155.17993164 74 81 100 2.000000 21.000000
561716.14999390 5117511.65991211 2157.68994141 70 75 92 2.000000 21.000000
561711.01000977 5117511.92993164 2159.36010742 68 72 89 2.000000 21.000000
561705.95001221 5117512.19995117 2160.87988281 85 93 110 2.000000 21.000000
561698.17001343 5117512.62011719 2163.57006836 86 96 113 2.000000 21.000000
561690.89001465 5117513.07006836 2167.08007813 86 100 114 2.000000 21.000000
561676.20999146 5117513.92993164 2173.21997070 84 95 113 2.000000 21.000000
561668.36999512 5117514.40991211 2177.05004883 84 92 106 2.000000 21.000000
561662.57000732 5117514.79003906 2180.40991211 108 120 138 2.000000 21.000000
561657.38000488 5117515.05004883 2181.73999023 104 119 136 2.000000 21.000000
561652.45001221 5117515.29003906 2183.11010742 133 147 163 2.000000 21.000000
561643.83999634 5117515.21997070 2185.77001953 228 232 222 2.000000 21.000000
561735.66000366 5117509.61010742 2152.17993164 72 82 102 2.000000 21.000000
561754.96000671 5117508.44995117 2145.18994141 62 66 82 2.000000 21.000000
561782.35000610 5117506.62988281 2132.02001953 68 73 90 2.000000 21.000000
561787.44999695 5117506.34008789 2130.42993164 66 72 88 2.000000 21.000000
561792.50999451 5117506.02001953 2128.32006836 72 78 92 2.000000 21.000000
561808.99000549 5117504.84008789 2118.69995117 76 80 92 2.000000 21.000000
561814.13999939 5117504.44995117 2115.29003906 74 80 96 2.000000 21.000000
561854.11999512 5117499.60009766 2101.03002930 66 72 88 2.000000 21.000000
561848.47999573 5117499.92993164 2103.43994141 68 76 93 2.000000 21.000000
561841.49000549 5117500.34008789 2106.23999023 68 76 91 2.000000 21.000000
561835.92999268 5117500.64990234 2108.30004883 68 72 86 2.000000 21.000000
561830.41000366 5117500.95996094 2110.28002930 74 77 94 2.000000 21.000000
561824.91000366 5117501.26000977 2112.01000977 72 76 93 2.000000 21.000000
561805.30999756 5117502.56005859 2122.94995117 76 80 97 2.000000 21.000000
561799.22999573 5117503.07006836 2128.53002930 80 84 90 2.000000 21.000000
561778.80000305 5117504.15991211 2134.86010742 68 75 92 2.000000 21.000000
561773.88000488 5117504.43994141 2136.77001953 64 73 91 2.000000 21.000000
561765.78999329 5117505.04003906 2142.38989258 71 80 95 2.000000 21.000000
561761.02999878 5117505.31005859 2144.22998047 74 84 104 2.000000 21.000000
561748.25000000 5117506.04003906 2149.07006836 70 78 96 2.000000 21.000000
561741.42001343 5117506.40991211 2151.37011719 74 83 101 2.000000 21.000000
561728.27999878 5117507.14990234 2156.25000000 77 84 102 2.000000 21.000000
561721.86999512 5117507.48999023 2158.20996094 72 80 98 2.000000 21.000000
561703.54000854 5117508.44995117 2163.82006836 87 97 116 2.000000 21.000000
561695.97000122 5117508.87988281 2166.65991211 84 94 111 2.000000 21.000000
561688.85000610 5117509.32006836 2170.07006836 91 100 119 2.000000 21.000000
561683.73001099 5117509.63989258 2172.62988281 93 106 122 2.000000 21.000000
561674.60998535 5117510.16992188 2176.53002930 81 92 108 2.000000 21.000000
561667.77999878 5117510.61010742 2180.33007813 80 90 106 2.000000 21.000000
561661.19000244 5117511.01000977 2183.43994141 111 123 140 2.000000 21.000000
561656.08999634 5117511.27001953 2184.82006836 113 128 144 2.000000 21.000000
561651.26998901 5117511.52001953 2186.33007813 235 240 240 2.000000 21.000000
561640.89001465 5117511.98999023 2188.38989258 242 244 233 2.000000 21.000000
561646.44000244 5117511.18994141 2187.80004883 240 242 232 2.000000 21.000000
561679.32000732 5117509.12011719 2175.09008789 87 102 117 2.000000 21.000000
561708.42001343 5117507.27001953 2163.06005859 81 89 106 2.000000 21.000000
561713.50000000 5117506.97998047 2161.46997070 64 70 87 2.000000 21.000000
561733.64999390 5117505.81005859 2155.08007813 75 81 101 2.000000 21.000000
561770.24000549 5117503.53002930 2140.31005859 64 73 89 2.000000 21.000000
561784.83999634 5117502.58007813 2133.67993164 66 72 89 2.000000 21.000000
561789.96000671 5117502.30004883 2132.31005859 68 73 87 2.000000 21.000000
561812.64999390 5117500.62988281 2118.25000000 68 73 90 2.000000 21.000000
561817.89999390 5117500.26000977 2115.34008789 70 75 91 2.000000 21.000000
561858.02999878 5117495.48999023 2101.66992188 68 74 90 2.000000 21.000000
561852.36999512 5117495.83007813 2104.11010742 65 71 87 2.000000 21.000000
561846.72999573 5117496.14990234 2106.22998047 68 74 90 2.000000 21.000000
561839.75000000 5117496.56005859 2109.13989258 66 72 87 2.000000 21.000000
561834.19999695 5117496.87988281 2111.22998047 64 70 86 2.000000 21.000000
561828.69000244 5117497.18994141 2113.17993164 66 72 90 2.000000 21.000000
561823.21000671 5117497.48999023 2115.04003906 68 75 93 2.000000 21.000000
561810.03999329 5117498.34008789 2121.95996094 72 79 94 2.000000 21.000000
561803.78999329 5117498.82006836 2126.84008789 72 78 94 2.000000 21.000000
561797.66000366 5117499.31005859 2131.85009766 77 83 89 2.000000 21.000000
561781.19000244 5117500.21997070 2137.64990234 68 76 92 2.000000 21.000000
561764.39999390 5117501.25000000 2145.41992188 69 78 94 2.000000 21.000000
561758.49000549 5117501.58007813 2147.59008789 72 80 97 2.000000 21.000000
561752.71000671 5117501.90991211 2149.81005859 57 62 78 2.000000 21.000000
561745.83999634 5117502.29003906 2152.20996094 73 82 100 2.000000 21.000000
561739.07000732 5117502.64990234 2154.36010742 72 82 102 2.000000 21.000000
561726.10000610 5117503.37988281 2159.20996094 72 80 98 2.000000 21.000000
561719.76998901 5117503.70996094 2161.21997070 70 78 97 2.000000 21.000000
561701.64001465 5117504.66992188 2166.86010742 86 97 114 2.000000 21.000000
561694.10000610 5117505.08007813 2169.55004883 92 103 119 2.000000 21.000000
561687.04998779 5117505.52001953 2172.95996094 91 100 118 2.000000 21.000000
561673.94000244 5117506.34008789 2179.73999023 82 90 105 2.000000 21.000000
561667.25000000 5117506.80004883 2183.88989258 81 94 110 2.000000 21.000000
561659.82998657 5117507.19995117 2186.48999023 107 118 136 2.000000 21.000000
561654.94000244 5117507.45996094 2188.15991211 120 148 167 2.000000 21.000000
561640.58999634 5117507.61010742 2191.41992188 241 239 227 2.000000 21.000000
561648.77999878 5117507.17993164 2189.81005859 240 241 234 2.000000 21.000000
561682.14001465 5117505.04003906 2176.15991211 91 98 117 2.000000 21.000000
561706.66000366 5117503.46997070 2165.93994141 94 106 122 2.000000 21.000000
561711.64999390 5117503.18994141 2164.39990234 79 88 104 2.000000 21.000000
561731.52999878 5117502.02001953 2158.00000000 71 79 98 2.000000 21.000000
561769.13000488 5117499.71997070 2143.67993164 65 72 88 2.000000 21.000000
561773.69000244 5117499.34008789 2140.12988281 66 72 89 2.000000 21.000000
561787.41999817 5117498.54003906 2135.56005859 64 68 87 2.000000 21.000000
561792.58000183 5117498.26000977 2134.31005859 77 82 96 2.000000 21.000000
561815.36999512 5117496.59008789 2120.33007813 74 77 92 2.000000 21.000000
561855.63999939 5117491.72998047 2105.25000000 65 71 88 2.000000 21.000000
561849.97000122 5117492.05004883 2107.26000977 68 72 89 2.000000 21.000000
561844.35000610 5117492.37011719 2109.31005859 67 72 89 2.000000 21.000000
561837.44000244 5117492.78002930 2112.22998047 66 72 88 2.000000 21.000000
561831.94999695 5117493.09008789 2114.41992188 61 69 83 2.000000 21.000000
561826.46000671 5117493.38989258 2116.22998047 67 74 88 2.000000 21.000000
561821.13000488 5117493.72998047 2118.83007813 67 75 86 2.000000 21.000000
561812.11999512 5117494.37988281 2124.97998047 78 84 98 2.000000 21.000000
561807.02000427 5117494.72998047 2128.09008789 78 84 98 2.000000 21.000000
561803.60000610 5117495.12011719 2133.06005859 73 80 92 2.000000 21.000000
561784.44000244 5117496.15991211 2139.33007813 66 72 86 2.000000 21.000000
561779.44999695 5117496.42993164 2141.05004883 67 75 90 2.000000 21.000000
561762.69999695 5117497.42993164 2148.25000000 64 72 88 2.000000 21.000000
561756.85000610 5117497.76000977 2150.40991211 59 65 81 2.000000 21.000000
561751.14999390 5117498.10009766 2153.00000000 62 68 85 2.000000 21.000000
561744.27000427 5117498.45996094 2155.04003906 72 82 102 2.000000 21.000000
561737.57998657 5117498.82006836 2157.29003906 73 82 102 2.000000 21.000000
561723.64999390 5117499.61010742 2162.46997070 70 76 94 2.000000 21.000000
561717.39999390 5117499.93994141 2164.44995117 60 66 82 2.000000 21.000000
561699.54000854 5117500.87988281 2169.95996094 92 106 122 2.000000 21.000000
561692.14001465 5117501.28002930 2172.59008789 85 97 113 2.000000 21.000000
561678.73001099 5117502.13989258 2179.68994141 86 95 109 2.000000 21.000000
561673.38000488 5117502.51000977 2183.19995117 84 94 105 2.000000 21.000000
561665.94000244 5117502.97998047 2187.13989258 95 110 125 2.000000 21.000000
561659.42999268 5117503.35009766 2189.68994141 115 130 146 2.000000 21.000000
561653.86999512 5117503.63989258 2191.43994141 226 234 233 2.000000 21.000000
561645.64999390 5117503.96997070 2192.26000977 243 242 231 2.000000 21.000000
561684.98999023 5117500.89990234 2176.63989258 81 94 110 2.000000 21.000000
561709.98001099 5117499.37011719 2167.26000977 83 95 112 2.000000 21.000000
561728.64001465 5117498.28002930 2161.30004883 64 71 88 2.000000 21.000000
561772.94000244 5117495.51000977 2143.27001953 67 72 88 2.000000 21.000000
561790.35000610 5117494.47998047 2137.25000000 66 72 88 2.000000 21.000000
561795.52000427 5117494.19995117 2135.95996094 104 108 108 2.000000 21.000000
561817.11000061 5117492.64990234 2123.34008789 74 82 92 2.000000 21.000000
561853.66000366 5117487.94995117 2108.25000000 69 74 88 2.000000 21.000000
561848.02000427 5117488.26000977 2110.23999023 64 70 86 2.000000 21.000000
561842.42999268 5117488.58007813 2112.37011719 70 76 90 2.000000 21.000000
561835.52000427 5117488.97998047 2115.12011719 66 72 86 2.000000 21.000000
561830.05999756 5117489.31005859 2117.46997070 55 60 74 2.000000 21.000000
561824.64999390 5117489.62988281 2119.87011719 71 76 87 2.000000 21.000000
561813.03999329 5117490.50000000 2128.16992188 74 80 94 2.000000 21.000000
561809.66999817 5117490.93994141 2134.13989258 74 79 96 2.000000 21.000000
561804.47000122 5117491.23999023 2136.27001953 146 136 131 2.000000 21.000000
561777.57000732 5117492.63989258 2144.02001953 65 72 88 2.000000 21.000000
561768.94000244 5117493.09008789 2146.55004883 63 68 83 2.000000 21.000000
561760.88000488 5117493.62988281 2151.21997070 53 59 73 2.000000 21.000000
561755.08000183 5117493.96997070 2153.62988281 66 72 88 2.000000 21.000000
561749.38000488 5117494.30004883 2155.93994141 70 78 95 2.000000 21.000000
561742.57000732 5117494.65991211 2158.04003906 75 84 104 2.000000 21.000000
561735.92001343 5117495.02001953 2160.22998047 69 75 95 2.000000 21.000000
561721.08999634 5117495.84008789 2165.58007813 64 70 86 2.000000 21.000000
561714.94000244 5117496.16992188 2167.60009766 61 67 84 2.000000 21.000000
561705.92999268 5117496.63989258 2170.20996094 90 103 124 2.000000 21.000000
561697.33999634 5117497.09008789 2172.98999023 86 99 116 2.000000 21.000000
561690.10000610 5117497.50000000 2175.84008789 86 97 114 2.000000 21.000000
561682.60998535 5117498.00000000 2180.22998047 86 96 110 2.000000 21.000000
561676.98999023 5117498.36010742 2183.27001953 76 86 98 2.000000 21.000000
561672.57000732 5117498.68994141 2186.64990234 84 96 108 2.000000 21.000000
561668.17001343 5117498.98999023 2189.33007813 103 116 130 2.000000 21.000000
561662.85998535 5117499.25000000 2190.80004883 98 114 130 2.000000 21.000000
561658.07998657 5117499.55004883 2193.32006836 137 157 174 2.000000 21.000000
561651.64999390 5117499.81005859 2193.97998047 234 234 222 2.000000 21.000000
561643.82000732 5117500.13989258 2195.06005859 224 224 210 2.000000 21.000000
561726.63000488 5117494.47998047 2164.37011719 64 70 86 2.000000 21.000000
561782.44999695 5117491.01000977 2142.02001953 73 77 93 2.000000 21.000000
561787.47000122 5117490.71997070 2140.47998047 69 75 88 2.000000 21.000000
561793.86000061 5117490.37988281 2138.93994141 75 80 90 2.000000 21.000000
561799.16000366 5117490.14990234 2138.55004883 128 130 134 2.000000 21.000000
561819.38999939 5117488.62988281 2125.56005859 75 80 92 2.000000 21.000000
561856.94999695 5117483.85009766 2109.31005859 69 74 92 2.000000 21.000000
561851.30000305 5117484.16992188 2111.42993164 66 73 88 2.000000 21.000000
561845.69999695 5117484.47998047 2113.43994141 67 76 90 2.000000 21.000000
561840.16000366 5117484.80004883 2115.65991211 66 72 85 2.000000 21.000000
561833.30000305 5117485.19995117 2118.43994141 66 72 86 2.000000 21.000000
561827.86999512 5117485.52001953 2120.65991211 58 56 72 2.000000 21.000000
561816.33000183 5117486.41992188 2129.63989258 75 80 96 2.000000 21.000000
561812.86999512 5117486.82006836 2134.85009766 72 78 94 2.000000 21.000000
561807.77999878 5117487.15991211 2137.77001953 78 83 98 2.000000 21.000000
561776.02000427 5117488.81005859 2146.85009766 66 72 88 2.000000 21.000000
561771.32000732 5117489.11010742 2149.40991211 66 72 86 2.000000 21.000000
561765.25000000 5117489.40991211 2150.84008789 68 72 86 2.000000 21.000000
561758.38000488 5117489.84008789 2154.27001953 68 75 90 2.000000 21.000000
561752.69000244 5117490.17993164 2156.65991211 68 78 96 2.000000 21.000000
561747.11000061 5117490.51000977 2159.03002930 70 80 98 2.000000 21.000000
561740.35998535 5117490.86010742 2160.96997070 74 80 96 2.000000 21.000000
561733.82000732 5117491.21997070 2163.22998047 66 74 88 2.000000 21.000000
561719.16000366 5117492.03002930 2168.48999023 59 62 78 2.000000 21.000000
561713.07000732 5117492.35009766 2170.40991211 74 80 97 2.000000 21.000000
561704.20999146 5117492.81005859 2173.21997070 88 100 120 2.000000 21.000000
561695.73001099 5117493.26000977 2176.01000977 90 102 120 2.000000 21.000000
561691.45001221 5117493.56005859 2178.68994141 93 105 122 2.000000 21.000000
561686.10998535 5117493.84008789 2180.37988281 96 109 126 2.000000 21.000000
561680.57000732 5117494.22998047 2184.14990234 82 92 106 2.000000 21.000000
561676.01998901 5117494.56005859 2187.36010742 80 91 106 2.000000 21.000000
561671.50000000 5117494.85009766 2189.90991211 81 87 102 2.000000 21.000000
561667.23001099 5117495.14990234 2192.70996094 104 114 130 2.000000 21.000000
561662.17001343 5117495.42993164 2194.68994141 118 132 150 2.000000 21.000000
561657.32998657 5117495.69995117 2196.54003906 234 240 236 2.000000 21.000000
561649.47000122 5117495.96997070 2196.52001953 234 234 216 2.000000 21.000000
561642.10000610 5117496.30004883 2198.10009766 158 159 151 2.000000 21.000000
561723.94000244 5117490.69995117 2167.64990234 64 66 81 2.000000 21.000000
561780.47000122 5117487.19995117 2145.16992188 57 61 77 2.000000 21.000000
561785.46000671 5117486.90991211 2143.60009766 72 74 90 2.000000 21.000000
561790.55999756 5117486.63989258 2142.37011719 69 73 88 2.000000 21.000000
561795.75000000 5117486.37988281 2141.43994141 88 92 98 2.000000 21.000000
561802.33999634 5117486.05004883 2140.40991211 110 112 115 2.000000 21.000000
561822.30999756 5117484.39990234 2124.42993164 55 55 73 2.000000 21.000000
561854.91000366 5117480.03002930 2112.85009766 68 74 90 2.000000 21.000000
561849.28999329 5117480.34008789 2114.68994141 66 74 89 2.000000 21.000000
561843.69999695 5117480.63989258 2116.48999023 68 75 88 2.000000 21.000000
561838.19999695 5117480.95996094 2118.70996094 71 78 92 2.000000 21.000000
561831.41000366 5117481.37011719 2121.69995117 65 72 88 2.000000 21.000000
561819.49000549 5117482.13989258 2127.89990234 68 68 89 2.000000 21.000000
561816.03999329 5117482.57006836 2133.67993164 79 86 99 2.000000 21.000000
561811.16999817 5117483.01000977 2138.61010742 72 77 91 2.000000 21.000000
561774.27000427 5117484.94995117 2149.65991211 68 74 88 2.000000 21.000000
561769.63000488 5117485.28002930 2152.56005859 68 76 85 2.000000 21.000000
561763.55000305 5117485.58007813 2153.98999023 57 62 76 2.000000 21.000000
561756.66000366 5117486.00000000 2157.16992188 71 77 95 2.000000 21.000000
561750.97000122 5117486.33007813 2159.44995117 68 76 95 2.000000 21.000000
561745.38999939 5117486.64990234 2161.78002930 68 76 96 2.000000 21.000000
561738.70001221 5117487.01000977 2163.86010742 61 66 84 2.000000 21.000000
561732.20001221 5117487.36010742 2166.02001953 66 72 89 2.000000 21.000000
561717.67001343 5117488.16992188 2171.33007813 74 78 96 2.000000 21.000000
561711.66000366 5117488.48999023 2173.29003906 86 95 114 2.000000 21.000000
561706.76998901 5117488.75000000 2174.88989258 86 100 116 2.000000 21.000000
561701.94000244 5117489.00000000 2176.27001953 88 104 120 2.000000 21.000000
561694.64001465 5117489.41992188 2179.37988281 101 113 132 2.000000 21.000000
561689.55999756 5117489.76000977 2182.42993164 90 103 122 2.000000 21.000000
561684.41000366 5117490.06005859 2184.50000000 92 104 123 2.000000 21.000000
561679.66000366 5117490.37988281 2187.36010742 80 88 106 2.000000 21.000000
561675.16000366 5117490.69995117 2190.55004883 77 85 104 2.000000 21.000000
561670.82998657 5117491.02001953 2193.66992188 86 92 108 2.000000 21.000000
561665.72000122 5117491.33007813 2196.05004883 112 122 140 2.000000 21.000000
561660.80999756 5117491.61010742 2198.23999023 153 163 170 2.000000 21.000000
561655.13000488 5117491.87011719 2199.32006836 237 240 226 2.000000 21.000000
561648.20999146 5117492.12011719 2199.50000000 233 234 216 2.000000 21.000000
561640.85998535 5117491.93994141 2201.59008789 149 157 158 2.000000 21.000000
561726.98001099 5117486.57006836 2168.58007813 64 68 84 2.000000 21.000000
561779.05000305 5117483.37011719 2148.33007813 62 67 83 2.000000 21.000000
561784.07000732 5117483.11010742 2147.27001953 70 74 90 2.000000 21.000000
561789.03999329 5117482.82006836 2145.60009766 67 74 87 2.000000 21.000000
561794.22000122 5117482.57006836 2144.86010742 95 100 112 2.000000 21.000000
561799.36000061 5117482.29003906 2143.59008789 108 108 108 2.000000 21.000000
561805.89999390 5117481.94995117 2142.15991211 138 138 139 2.000000 21.000000
561825.83999634 5117480.23999023 2125.06005859 53 57 70 2.000000 21.000000
561852.99000549 5117476.23999023 2116.03002930 68 74 91 2.000000 21.000000
561847.36000061 5117476.54003906 2117.76000977 67 74 90 2.000000 21.000000
561841.80000305 5117476.85009766 2119.76000977 69 76 90 2.000000 21.000000
561836.32000732 5117477.17993164 2122.12011719 71 75 87 2.000000 21.000000
561831.10000610 5117477.59008789 2126.26000977 76 78 90 2.000000 21.000000
561822.96000671 5117478.03002930 2128.93994141 62 67 82 2.000000 21.000000
561814.24000549 5117478.77001953 2136.82006836 74 80 94 2.000000 21.000000
561810.80999756 5117479.16992188 2142.09008789 70 74 86 2.000000 21.000000
561772.82000732 5117481.12988281 2152.72998047 66 70 84 2.000000 21.000000
561766.94000244 5117481.47998047 2155.26000977 54 58 71 2.000000 21.000000
561761.05000305 5117481.79003906 2157.17993164 56 63 73 2.000000 21.000000
561754.24000549 5117482.19995117 2160.22998047 68 75 92 2.000000 21.000000
561748.66000366 5117482.53002930 2162.61010742 66 74 92 2.000000 21.000000
561743.17999268 5117482.85009766 2164.95996094 69 74 94 2.000000 21.000000
561736.58999634 5117483.19995117 2166.91992188 59 63 83 2.000000 21.000000
561722.92001343 5117483.94995117 2171.76000977 56 60 76 2.000000 21.000000
561715.82000732 5117484.33007813 2174.27001953 92 99 116 2.000000 21.000000
561709.89001465 5117484.64990234 2176.23999023 92 103 120 2.000000 21.000000
561705.04998779 5117484.90991211 2177.86010742 84 94 110 2.000000 21.000000
561699.32998657 5117485.20996094 2179.55004883 92 107 124 2.000000 21.000000
561694.20001221 5117485.57006836 2183.03002930 90 104 122 2.000000 21.000000
561689.01998901 5117485.88989258 2185.56005859 96 110 132 2.000000 21.000000
561684.11999512 5117486.21997070 2188.45996094 90 102 121 2.000000 21.000000
561678.38000488 5117486.55004883 2190.83007813 78 86 104 2.000000 21.000000
561674.04998779 5117486.87988281 2194.36010742 84 90 108 2.000000 21.000000
561669.77999878 5117487.18994141 2197.34008789 88 98 116 2.000000 21.000000
561664.85000610 5117487.50000000 2199.96997070 126 139 154 2.000000 21.000000
561659.89999390 5117487.76000977 2201.52001953 242 244 232 2.000000 21.000000
561652.82998657 5117488.03002930 2202.02001953 242 241 232 2.000000 21.000000
561647.61999512 5117488.23999023 2202.60009766 139 149 146 2.000000 21.000000
561641.95001221 5117487.97998047 2204.47998047 158 160 152 2.000000 21.000000
561730.39001465 5117482.41992188 2169.63989258 62 66 83 2.000000 21.000000
561777.97000122 5117479.54003906 2151.94995117 60 64 80 2.000000 21.000000
561782.89999390 5117479.26000977 2150.51000977 70 76 90 2.000000 21.000000
561788.02000427 5117479.02001953 2149.94995117 74 81 91 2.000000 21.000000
561796.80999756 5117478.50000000 2146.89990234 64 73 88 2.000000 21.000000
561801.91999817 5117478.20996094 2145.30004883 102 108 108 2.000000 21.000000
561818.11999512 5117476.93994141 2133.80004883 64 70 83 2.000000 21.000000
561856.63999939 5117472.08007813 2116.18994141 65 70 84 2.000000 21.000000
561851.08000183 5117472.42993164 2119.00000000 66 72 90 2.000000 21.000000
561845.47999573 5117472.73999023 2120.86010742 66 76 91 2.000000 21.000000
561839.96000671 5117473.05004883 2122.96997070 67 74 88 2.000000 21.000000
561834.61999512 5117473.41992188 2126.30004883 72 76 90 2.000000 21.000000
561829.41999817 5117473.83007813 2130.38989258 76 81 98 2.000000 21.000000
561824.16999817 5117474.17993164 2133.35009766 76 80 98 2.000000 21.000000
561809.17999268 5117475.36010742 2145.31005859 87 92 104 2.000000 21.000000
561792.46000671 5117476.21997070 2150.07006836 68 76 94 2.000000 21.000000
561771.36999512 5117477.29003906 2155.70996094 62 64 80 2.000000 21.000000
561765.52999878 5117477.63989258 2158.37988281 56 60 75 2.000000 21.000000
561758.47000122 5117478.01000977 2160.47998047 62 67 82 2.000000 21.000000
561751.72000122 5117478.40991211 2163.45996094 70 76 93 2.000000 21.000000
561746.19000244 5117478.73999023 2165.88989258 70 76 94 2.000000 21.000000
561740.70999146 5117479.05004883 2168.05004883 67 71 89 2.000000 21.000000
561726.76998901 5117479.79003906 2172.53002930 62 64 78 2.000000 21.000000
561720.61999512 5117480.12988281 2174.81005859 74 80 96 2.000000 21.000000
561713.63000488 5117480.52001953 2177.39990234 94 102 120 2.000000 21.000000
561707.76000977 5117480.83007813 2179.34008789 90 101 118 2.000000 21.000000
561702.98999023 5117481.09008789 2180.87988281 89 99 116 2.000000 21.000000
561698.55999756 5117481.37988281 2183.36010742 104 113 132 2.000000 21.000000
561694.35998535 5117481.67993164 2186.34008789 89 99 116 2.000000 21.000000
561687.42001343 5117482.07006836 2189.00000000 101 114 131 2.000000 21.000000
561683.64001465 5117482.37011719 2192.29003906 92 104 120 2.000000 21.000000
561679.00000000 5117482.67993164 2194.98999023 84 91 108 2.000000 21.000000
561673.70001221 5117483.01000977 2197.69995117 80 86 104 2.000000 21.000000
561669.52999878 5117483.31005859 2200.63989258 94 101 116 2.000000 21.000000
561663.89001465 5117483.62988281 2203.08007813 191 196 196 2.000000 21.000000
561657.50000000 5117483.90991211 2204.13989258 222 225 212 2.000000 21.000000
561650.73001099 5117484.17993164 2204.77001953 181 184 180 2.000000 21.000000
561645.39999390 5117484.44995117 2206.37988281 171 177 172 2.000000 21.000000
561732.89001465 5117478.33007813 2171.09008789 64 68 84 2.000000 21.000000
561780.86999512 5117475.45996094 2154.19995117 66 70 84 2.000000 21.000000
561786.07000732 5117475.26000977 2154.48999023 70 74 85 2.000000 21.000000
561799.75000000 5117474.42993164 2149.27001953 73 78 92 2.000000 21.000000
561804.86000061 5117474.12988281 2147.58007813 72 79 88 2.000000 21.000000
561813.44999695 5117473.42993164 2140.93994141 70 77 90 2.000000 21.000000
561854.41999817 5117468.26000977 2119.53002930 65 67 84 2.000000 21.000000
561848.89999390 5117468.60009766 2122.14990234 68 76 88 2.000000 21.000000
561843.36000061 5117468.90991211 2124.15991211 66 76 90 2.000000 21.000000
561838.00999451 5117469.28002930 2127.48999023 72 78 92 2.000000 21.000000
561832.77999878 5117469.67993164 2131.37011719 85 90 105 2.000000 21.000000
561829.07000732 5117470.04003906 2135.66992188 75 81 99 2.000000 21.000000
561823.85000610 5117470.37988281 2138.55004883 70 76 92 2.000000 21.000000
561818.19999695 5117470.54003906 2137.60009766 60 64 76 2.000000 21.000000
561795.96000671 5117472.15991211 2152.86010742 92 92 100 2.000000 21.000000
561790.91000366 5117472.40991211 2154.18994141 93 97 111 2.000000 21.000000
561777.00999451 5117473.04003906 2156.33007813 63 68 83 2.000000 21.000000
561769.75999451 5117473.40991211 2158.51000977 58 58 74 2.000000 21.000000
561764.00999451 5117473.77001953 2161.32006836 61 63 79 2.000000 21.000000
561757.00000000 5117474.13989258 2163.43994141 62 67 83 2.000000 21.000000
561749.13999939 5117474.59008789 2166.60009766 70 76 93 2.000000 21.000000
561743.69000244 5117474.90991211 2169.00000000 69 74 93 2.000000 21.000000
561738.26998901 5117475.21997070 2171.09008789 70 74 90 2.000000 21.000000
561729.76000977 5117475.67993164 2173.96997070 64 66 80 2.000000 21.000000
561724.55999756 5117475.95996094 2175.69995117 65 70 86 2.000000 21.000000
561718.47000122 5117476.28002930 2177.76000977 94 102 118 2.000000 21.000000
561711.61999512 5117476.66992188 2180.40991211 92 102 120 2.000000 21.000000
561705.85998535 5117476.97998047 2182.43994141 88 100 116 2.000000 21.000000
561697.98999023 5117477.52001953 2187.32006836 76 82 104 2.000000 21.000000
561692.85000610 5117477.85009766 2190.06005859 99 107 125 2.000000 21.000000
561687.88000488 5117478.16992188 2192.80004883 95 110 126 2.000000 21.000000
561682.26000977 5117478.53002930 2195.77001953 94 105 123 2.000000 21.000000
561677.89999390 5117478.87011719 2199.33007813 84 92 112 2.000000 21.000000
561673.45001221 5117479.14990234 2201.71997070 80 88 106 2.000000 21.000000
561668.32998657 5117479.43994141 2203.83007813 92 101 119 2.000000 21.000000
561662.82000732 5117479.77001953 2206.38989258 243 240 223 2.000000 21.000000
561655.70999146 5117480.04003906 2206.92993164 180 178 167 2.000000 21.000000
561649.92001343 5117480.30004883 2207.98999023 154 162 159 2.000000 21.000000
561642.55999756 5117480.56005859 2208.27001953 220 222 205 2.000000 21.000000
561782.39999390 5117471.47998047 2157.40991211 88 90 101 2.000000 21.000000
561801.33000183 5117470.45996094 2152.75000000 114 114 114 2.000000 21.000000
561806.47999573 5117470.17993164 2151.34008789 65 72 84 2.000000 21.000000
561809.97999573 5117469.82006836 2147.26000977 66 74 88 2.000000 21.000000
561852.13000488 5117464.44995117 2123.05004883 65 68 84 2.000000 21.000000
561846.58999634 5117464.77001953 2125.34008789 64 70 82 2.000000 21.000000
561841.17999268 5117465.12988281 2128.33007813 69 76 90 2.000000 21.000000
561837.27000427 5117465.43994141 2131.58007813 72 77 91 2.000000 21.000000
561832.11999512 5117465.87011719 2136.07006836 69 73 89 2.000000 21.000000
561828.33000183 5117466.18994141 2139.57006836 69 76 94 2.000000 21.000000
561823.19000244 5117466.56005859 2142.92993164 71 76 94 2.000000 21.000000
561817.63999939 5117466.73999023 2142.47998047 67 72 85 2.000000 21.000000
561795.30999756 5117468.27001953 2156.02001953 96 96 104 2.000000 21.000000
561789.00999451 5117468.57006836 2157.54003906 92 94 106 2.000000 21.000000
561777.77000427 5117469.09008789 2159.52001953 66 72 88 2.000000 21.000000
561772.75999451 5117469.29003906 2159.84008789 58 58 70 2.000000 21.000000
561768.02000427 5117469.54003906 2161.47998047 59 61 76 2.000000 21.000000
561762.27999878 5117469.88989258 2164.12011719 66 72 88 2.000000 21.000000
561755.36000061 5117470.26000977 2166.26000977 62 68 84 2.000000 21.000000
561747.58000183 5117470.69995117 2169.40991211 65 71 88 2.000000 21.000000
561742.16000366 5117471.02001953 2171.79003906 71 75 91 2.000000 21.000000
561735.72000122 5117471.37988281 2174.19995117 66 70 84 2.000000 21.000000
561728.33999634 5117471.78002930 2176.76000977 62 64 80 2.000000 21.000000
561723.19000244 5117472.06005859 2178.58007813 74 84 100 2.000000 21.000000
561716.07998657 5117472.42993164 2180.71997070 91 98 116 2.000000 21.000000
561709.33999634 5117472.82006836 2183.55004883 100 110 127 2.000000 21.000000
561703.70001221 5117473.13989258 2185.73999023 86 97 112 2.000000 21.000000
561696.86999512 5117473.62988281 2190.45996094 78 82 98 2.000000 21.000000
561691.76998901 5117473.94995117 2193.14990234 86 96 116 2.000000 21.000000
561686.98001099 5117474.29003906 2196.33007813 86 98 115 2.000000 21.000000
561682.45001221 5117474.62988281 2199.77001953 71 80 99 2.000000 21.000000
561677.17999268 5117474.96997070 2202.79003906 88 96 115 2.000000 21.000000
561671.95001221 5117475.27001953 2204.98999023 87 100 116 2.000000 21.000000
561667.17001343 5117475.59008789 2207.87011719 148 154 154 2.000000 21.000000
561660.05999756 5117475.90991211 2209.22998047 171 175 173 2.000000 21.000000
561654.64001465 5117476.12988281 2209.92993164 163 161 148 2.000000 21.000000
561649.70001221 5117476.37011719 2211.17993164 162 169 164 2.000000 21.000000
561644.20999146 5117475.96997070 2210.36010742 215 218 196 2.000000 21.000000
561784.46000671 5117467.45996094 2159.79003906 131 130 132 2.000000 21.000000
561803.49000549 5117466.43994141 2155.08007813 78 85 92 2.000000 21.000000
561813.00999451 5117465.55004883 2145.59008789 70 75 88 2.000000 21.000000
561855.25999451 5117460.30004883 2123.86010742 62 67 82 2.000000 21.000000
561849.74000549 5117460.62988281 2126.34008789 61 64 78 2.000000 21.000000
561844.22999573 5117460.94995117 2128.44995117 67 72 86 2.000000 21.000000
561836.46000671 5117461.59008789 2135.28002930 74 80 94 2.000000 21.000000
561832.80999756 5117461.97998047 2140.14990234 70 74 91 2.000000 21.000000
561827.58000183 5117462.33007813 2143.10009766 69 75 92 2.000000 21.000000
561822.44999695 5117462.67993164 2146.21997070 72 78 96 2.000000 21.000000
561809.16999817 5117463.30004883 2148.73999023 62 68 82 2.000000 21.000000
561799.72999573 5117464.11010742 2157.64990234 88 88 96 2.000000 21.000000
561794.69999695 5117464.37988281 2159.29003906 98 105 114 2.000000 21.000000
561779.66000366 5117465.08007813 2162.28002930 75 80 92 2.000000 21.000000
561774.58000183 5117465.27001953 2162.27001953 60 61 78 2.000000 21.000000
561766.14999390 5117465.67993164 2164.37011719 58 61 76 2.000000 21.000000
561760.39999390 5117466.02001953 2166.76000977 68 73 90 2.000000 21.000000
561753.53999329 5117466.38989258 2169.16992188 62 68 83 2.000000 21.000000
561745.77000427 5117466.83007813 2172.19995117 66 70 84 2.000000 21.000000
561740.38000488 5117467.14990234 2174.54003906 64 65 79 2.000000 21.000000
561733.98001099 5117467.51000977 2177.00000000 63 68 80 2.000000 21.000000
561726.64999390 5117467.90991211 2179.60009766 79 88 103 2.000000 21.000000
561721.55999756 5117468.18994141 2181.45996094 85 96 114 2.000000 21.000000
561714.50000000 5117468.55004883 2183.52001953 90 100 118 2.000000 21.000000
561709.95999146 5117468.87988281 2186.64990234 73 83 100 2.000000 21.000000
561703.42001343 5117469.25000000 2189.25000000 80 92 108 2.000000 21.000000
561695.64001465 5117469.76000977 2193.73999023 70 78 95 2.000000 21.000000
561690.73999023 5117470.11010742 2196.95996094 66 73 93 2.000000 21.000000
561686.05999756 5117470.43994141 2200.26000977 79 86 106 2.000000 21.000000
561681.48999023 5117470.76000977 2203.23999023 69 76 95 2.000000 21.000000
561677.14999390 5117471.08007813 2206.34008789 70 76 96 2.000000 21.000000
561671.89001465 5117471.36010742 2208.27001953 100 112 128 2.000000 21.000000
561665.54998779 5117471.71997070 2210.88989258 170 169 157 2.000000 21.000000
561660.79998779 5117471.96997070 2212.53002930 135 147 153 2.000000 21.000000
561655.33999634 5117472.18994141 2213.12988281 175 178 164 2.000000 21.000000
561641.05999756 5117471.95996094 2209.19995117 224 223 206 2.000000 21.000000
561646.60998535 5117471.88989258 2212.23999023 218 218 197 2.000000 21.000000
561787.13000488 5117463.37011719 2161.61010742 124 125 126 2.000000 21.000000
561840.46000671 5117459.64990234 2132.46997070 71 78 92 2.000000 21.000000
561852.86999512 5117456.44995117 2127.02001953 56 59 74 2.000000 21.000000
561847.39999390 5117456.80004883 2129.76000977 58 60 74 2.000000 21.000000
561835.63999939 5117457.72998047 2139.22998047 84 90 103 2.000000 21.000000
561831.91999817 5117458.08007813 2143.36010742 76 84 98 2.000000 21.000000
561826.80000305 5117458.45996094 2146.97998047 72 78 96 2.000000 21.000000
561821.66999817 5117458.81005859 2149.97998047 74 83 97 2.000000 21.000000
561816.58999634 5117459.14990234 2152.90991211 87 96 108 2.000000 21.000000
561810.94999695 5117459.26000977 2151.09008789 60 66 79 2.000000 21.000000
561805.97000122 5117459.59008789 2153.90991211 65 71 83 2.000000 21.000000
561802.50999451 5117459.91992188 2157.80004883 69 73 88 2.000000 21.000000
561797.72000122 5117460.27001953 2161.12011719 68 72 88 2.000000 21.000000
561792.77999878 5117460.54003906 2163.00000000 156 152 140 2.000000 21.000000
561782.71000671 5117460.98999023 2164.46997070 118 119 124 2.000000 21.000000
561777.75999451 5117461.19995117 2165.14990234 74 78 87 2.000000 21.000000
561772.72999573 5117461.37988281 2165.11010742 55 57 70 2.000000 21.000000
561764.41999817 5117461.80004883 2167.28002930 68 72 85 2.000000 21.000000
561758.71000671 5117462.12011719 2169.56005859 62 68 84 2.000000 21.000000
561751.94000244 5117462.48999023 2171.93994141 60 66 80 2.000000 21.000000
561743.19000244 5117462.98999023 2175.34008789 61 66 80 2.000000 21.000000
561737.94000244 5117463.31005859 2177.84008789 58 62 76 2.000000 21.000000
561731.61999512 5117463.65991211 2180.12011719 64 72 86 2.000000 21.000000
561724.42001343 5117464.05004883 2182.62011719 82 92 107 2.000000 21.000000
561719.45001221 5117464.33007813 2184.64990234 88 97 114 2.000000 21.000000
561713.58999634 5117464.64990234 2186.83007813 88 98 114 2.000000 21.000000
561709.22000122 5117465.00000000 2190.41992188 65 72 90 2.000000 21.000000
561703.60000610 5117465.30004883 2192.34008789 80 85 105 2.000000 21.000000
561699.32000732 5117465.60009766 2195.09008789 63 70 90 2.000000 21.000000
561694.20999146 5117465.91992188 2197.84008789 97 107 119 2.000000 21.000000
561689.45001221 5117466.27001953 2201.22998047 62 70 87 2.000000 21.000000
561684.83999634 5117466.61010742 2204.51000977 70 74 92 2.000000 21.000000
561680.33999634 5117466.91992188 2207.42993164 65 73 88 2.000000 21.000000
561675.01998901 5117467.21997070 2209.65991211 81 88 103 2.000000 21.000000
561670.16000366 5117467.55004883 2212.59008789 137 142 140 2.000000 21.000000
561665.17001343 5117467.80004883 2214.10009766 120 124 122 2.000000 21.000000
561659.73999023 5117468.07006836 2215.66992188 180 184 182 2.000000 21.000000
561652.82000732 5117468.30004883 2215.41992188 205 206 190 2.000000 21.000000
561643.67001343 5117467.86010742 2210.91992188 226 224 207 2.000000 21.000000
561843.08999634 5117455.57006836 2134.22998047 63 67 81 2.000000 21.000000
561850.97000122 5117452.61010742 2130.00000000 60 62 77 2.000000 21.000000
561840.52999878 5117453.47998047 2139.22998047 67 73 86 2.000000 21.000000
561835.33000183 5117453.87988281 2143.12011719 74 81 92 2.000000 21.000000
561830.24000549 5117454.28002930 2147.30004883 70 79 92 2.000000 21.000000
561825.13000488 5117454.64990234 2150.80004883 72 78 93 2.000000 21.000000
561820.13000488 5117455.04003906 2154.57006836 70 78 92 2.000000 21.000000
561814.94999695 5117455.32006836 2156.45996094 107 114 126 2.000000 21.000000
561809.57000732 5117455.52001953 2156.46997070 72 76 86 2.000000 21.000000
561800.86000061 5117456.07006836 2160.85009766 66 69 87 2.000000 21.000000
561797.50999451 5117456.40991211 2165.05004883 76 82 94 2.000000 21.000000
561789.77999878 5117456.71997070 2165.54003906 158 162 148 2.000000 21.000000
561781.10000610 5117457.12988281 2167.38989258 120 124 122 2.000000 21.000000
561774.86000061 5117457.38989258 2167.97998047 57 59 76 2.000000 21.000000
561768.69000244 5117457.62988281 2168.39990234 73 85 89 2.000000 21.000000
561762.80000305 5117457.93994141 2170.12988281 69 75 89 2.000000 21.000000
561757.11000061 5117458.26000977 2172.31005859 71 81 94 2.000000 21.000000
561750.38000488 5117458.62988281 2174.77001953 76 85 100 2.000000 21.000000
561735.35998535 5117459.50000000 2181.01000977 78 86 100 2.000000 21.000000
561730.16000366 5117459.80004883 2183.05004883 69 77 94 2.000000 21.000000
561722.98999023 5117460.17993164 2185.46997070 82 92 109 2.000000 21.000000
561717.05999756 5117460.52001953 2187.75000000 85 96 114 2.000000 21.000000
561708.00000000 5117461.13989258 2193.52001953 61 67 85 2.000000 21.000000
561703.48999023 5117461.41992188 2195.69995117 62 67 83 2.000000 21.000000
561698.33999634 5117461.76000977 2198.62011719 62 66 86 2.000000 21.000000
561692.32000732 5117462.10009766 2201.06005859 95 108 123 2.000000 21.000000
561688.73999023 5117462.44995117 2205.22998047 70 79 98 2.000000 21.000000
561684.04998779 5117462.73999023 2207.73999023 73 80 98 2.000000 21.000000
561679.64999390 5117463.06005859 2210.71997070 65 71 86 2.000000 21.000000
561673.73999023 5117463.39990234 2213.34008789 104 113 119 2.000000 21.000000
561668.97000122 5117463.70996094 2216.12011719 71 81 91 2.000000 21.000000
561664.04998779 5117463.94995117 2217.39990234 160 164 162 2.000000 21.000000
561657.17999268 5117464.22998047 2218.14990234 194 198 188 2.000000 21.000000
561649.04998779 5117464.33007813 2214.75000000 222 222 204 2.000000 21.000000
561712.48999023 5117459.89990234 2191.55004883 67 76 95 2.000000 21.000000
561740.61999512 5117458.09008789 2179.13989258 84 92 108 2.000000 21.000000
561846.78999329 5117451.33007813 2133.19995117 52 54 69 2.000000 21.000000
561854.41000366 5117448.54003906 2131.62988281 62 66 79 2.000000 21.000000
561843.55000305 5117449.22998047 2137.00000000 62 64 80 2.000000 21.000000
561838.47999573 5117449.68994141 2142.27001953 58 65 84 2.000000 21.000000
561833.44999695 5117450.13989258 2147.22998047 67 75 90 2.000000 21.000000
561828.36000061 5117450.53002930 2151.07006836 73 80 95 2.000000 21.000000
561823.27000427 5117450.87988281 2154.28002930 71 77 94 2.000000 21.000000
561818.47999573 5117451.33007813 2159.43994141 76 80 98 2.000000 21.000000
561813.17999268 5117451.56005859 2160.05004883 66 68 86 2.000000 21.000000
561806.63000488 5117451.85009766 2161.12011719 98 104 112 2.000000 21.000000
561795.75000000 5117452.60009766 2167.80004883 76 84 96 2.000000 21.000000
561790.72999573 5117452.84008789 2168.91992188 176 169 158 2.000000 21.000000
561785.61000061 5117453.04003906 2169.06005859 122 125 122 2.000000 21.000000
561779.42999268 5117453.32006836 2170.21997070 124 124 124 2.000000 21.000000
561771.97000122 5117453.62011719 2170.73999023 64 70 87 2.000000 21.000000
561765.94000244 5117453.88989258 2171.69995117 78 90 100 2.000000 21.000000
561760.07000732 5117454.17993164 2173.25000000 74 84 96 2.000000 21.000000
561754.47000122 5117454.51000977 2175.56005859 73 82 94 2.000000 21.000000
561747.77999878 5117454.87011719 2177.87011719 78 86 101 2.000000 21.000000
561732.95001221 5117455.73999023 2184.12988281 89 99 114 2.000000 21.000000
561727.77999878 5117456.02001953 2186.02001953 80 90 106 2.000000 21.000000
561719.80999756 5117456.47998047 2189.26000977 76 84 103 2.000000 21.000000
561707.10000610 5117457.35009766 2197.10009766 61 70 85 2.000000 21.000000
561701.75000000 5117457.66992188 2199.52001953 64 70 84 2.000000 21.000000
561696.70001221 5117458.00000000 2202.48999023 66 72 90 2.000000 21.000000
561691.58999634 5117458.29003906 2204.42993164 78 87 105 2.000000 21.000000
561687.07998657 5117458.63989258 2208.13989258 89 97 115 2.000000 21.000000
561682.70001221 5117458.97998047 2211.56005859 72 77 94 2.000000 21.000000
561678.20999146 5117459.25000000 2213.75000000 65 72 88 2.000000 21.000000
561673.29998779 5117459.57006836 2216.65991211 131 137 146 2.000000 21.000000
561668.64001465 5117459.88989258 2219.54003906 82 94 114 2.000000 21.000000
561663.89999390 5117460.13989258 2221.19995117 134 142 142 2.000000 21.000000
561653.33999634 5117460.32006836 2217.69995117 223 221 205 2.000000 21.000000
561645.89001465 5117460.35009766 2213.47998047 221 221 205 2.000000 21.000000
561640.69000244 5117460.42993164 2211.50000000 228 227 211 2.000000 21.000000
561657.77999878 5117459.67993164 2220.35009766 214 211 196 2.000000 21.000000
561715.80999756 5117455.76000977 2192.62011719 84 94 112 2.000000 21.000000
561737.67999268 5117454.32006836 2182.47998047 82 92 107 2.000000 21.000000
561799.61999512 5117450.82006836 2163.96997070 66 72 87 2.000000 21.000000
561849.49000549 5117447.21997070 2134.36010742 57 60 74 2.000000 21.000000
561845.97999573 5117445.23999023 2139.26000977 70 76 90 2.000000 21.000000
561842.11000061 5117445.56005859 2142.62988281 79 87 100 2.000000 21.000000
561836.82000732 5117445.89990234 2145.42993164 73 81 98 2.000000 21.000000
561821.80999756 5117447.12011719 2158.09008789 70 76 92 2.000000 21.000000
561819.80000305 5117447.47998047 2163.58007813 74 79 92 2.000000 21.000000
561814.58000183 5117447.72998047 2164.57006836 74 75 92 2.000000 21.000000
561808.11000061 5117448.03002930 2165.85009766 156 152 128 2.000000 21.000000
561793.17999268 5117448.84008789 2170.89990234 72 80 92 2.000000 21.000000
561788.13999939 5117449.05004883 2171.52001953 164 159 148 2.000000 21.000000
561783.16000366 5117449.26000977 2172.12011719 132 134 130 2.000000 21.000000
561777.07000732 5117449.55004883 2173.44995117 126 130 130 2.000000 21.000000
561769.64999390 5117449.83007813 2173.67993164 72 80 96 2.000000 21.000000
561763.66000366 5117450.09008789 2174.46997070 72 82 94 2.000000 21.000000
561757.92999268 5117450.38989258 2176.21997070 77 83 96 2.000000 21.000000
561752.38999939 5117450.70996094 2178.50000000 72 80 94 2.000000 21.000000
561745.82000732 5117451.08007813 2180.95996094 74 82 98 2.000000 21.000000
561731.14999390 5117451.92993164 2187.01000977 85 96 112 2.000000 21.000000
561726.10000610 5117452.21997070 2189.12011719 72 82 98 2.000000 21.000000
561712.75000000 5117453.05004883 2195.73999023 89 96 112 2.000000 21.000000
561705.67999268 5117453.53002930 2200.12011719 56 64 78 2.000000 21.000000
561700.47000122 5117453.86010742 2202.82006836 61 69 81 2.000000 21.000000
561695.60998535 5117454.20996094 2206.29003906 68 75 89 2.000000 21.000000
561681.70999146 5117455.14990234 2214.80004883 72 80 97 2.000000 21.000000
561676.54998779 5117455.45996094 2217.21997070 104 116 130 2.000000 21.000000
561672.60000610 5117455.76000977 2220.37988281 66 77 98 2.000000 21.000000
561667.95999146 5117456.06005859 2223.02001953 96 106 118 2.000000 21.000000
561660.72000122 5117456.30004883 2222.79003906 218 212 196 2.000000 21.000000
561649.82000732 5117456.36010742 2216.72998047 224 222 206 2.000000 21.000000
561642.57000732 5117455.89990234 2213.33007813 230 228 213 2.000000 21.000000
561654.70001221 5117455.70996094 2219.47998047 229 226 209 2.000000 21.000000
561685.51998901 5117453.97998047 2211.46997070 88 98 114 2.000000 21.000000
561690.42999268 5117453.68994141 2209.78002930 66 73 91 2.000000 21.000000
561719.17001343 5117451.65991211 2194.10009766 64 70 88 2.000000 21.000000
561735.89001465 5117450.48999023 2185.16992188 78 88 105 2.000000 21.000000
561741.16000366 5117450.15991211 2183.04003906 78 86 101 2.000000 21.000000
561797.36999512 5117447.03002930 2167.12011719 67 73 88 2.000000 21.000000
561802.38999939 5117446.75000000 2165.69995117 88 87 91 2.000000 21.000000
561826.41999817 5117445.19995117 2154.87011719 67 73 91 2.000000 21.000000
561831.44999695 5117444.79003906 2151.02001953 69 73 91 2.000000 21.000000
561852.28999329 5117443.14990234 2135.94995117 58 61 76 2.000000 21.000000
561845.69000244 5117441.38989258 2142.60009766 70 74 88 2.000000 21.000000
561841.86000061 5117441.71997070 2146.16992188 78 86 100 2.000000 21.000000
561836.61999512 5117442.06005859 2149.14990234 74 84 99 2.000000 21.000000
561820.92999268 5117443.56005859 2166.53002930 74 80 92 2.000000 21.000000
561815.89999390 5117443.87011719 2169.06005859 90 94 104 2.000000 21.000000
561810.83999634 5117444.15991211 2170.97998047 118 119 118 2.000000 21.000000
561805.36999512 5117444.28002930 2169.53002930 114 118 110 2.000000 21.000000
561790.44999695 5117445.06005859 2174.14990234 72 90 107 2.000000 21.000000
561785.46000671 5117445.27001953 2174.82006836 145 145 138 2.000000 21.000000
561780.52000427 5117445.48999023 2175.61010742 118 122 116 2.000000 21.000000
561774.35000610 5117445.75000000 2176.25000000 82 88 96 2.000000 21.000000
561766.97999573 5117446.03002930 2176.52001953 76 82 96 2.000000 21.000000
561761.03999329 5117446.28002930 2177.36010742 72 76 92 2.000000 21.000000
561755.39999390 5117446.60009766 2179.41992188 69 74 88 2.000000 21.000000
561749.91000366 5117446.90991211 2181.67993164 72 78 92 2.000000 21.000000
561728.92001343 5117448.12011719 2190.23999023 76 83 98 2.000000 21.000000
561724.13000488 5117448.44995117 2193.29003906 60 66 82 2.000000 21.000000
561716.70001221 5117448.95996094 2197.97998047 70 76 91 2.000000 21.000000
561711.91000366 5117449.20996094 2199.51000977 64 68 82 2.000000 21.000000
561703.77999878 5117449.69995117 2203.25000000 60 68 80 2.000000 21.000000
561699.73999023 5117450.02001953 2206.60009766 62 70 82 2.000000 21.000000
561680.14999390 5117451.29003906 2217.79003906 105 117 134 2.000000 21.000000
561676.01000977 5117451.59008789 2220.72998047 109 117 132 2.000000 21.000000
561672.11999512 5117451.89990234 2223.92993164 91 104 121 2.000000 21.000000
561666.64999390 5117452.18994141 2225.90991211 190 191 188 2.000000 21.000000
561646.76998901 5117452.37988281 2216.57006836 228 224 210 2.000000 21.000000
561651.64999390 5117451.75000000 2219.09008789 225 224 206 2.000000 21.000000
561656.92001343 5117451.66992188 2221.70996094 226 226 208 2.000000 21.000000
561684.94000244 5117450.12988281 2214.95996094 92 102 118 2.000000 21.000000
561689.79000854 5117449.85009766 2213.37988281 72 80 98 2.000000 21.000000
561694.35000610 5117449.46997070 2209.91992188 57 64 80 2.000000 21.000000
561734.41000366 5117446.67993164 2188.52001953 71 80 99 2.000000 21.000000
561739.57000732 5117446.35009766 2186.23999023 70 80 93 2.000000 21.000000
561744.91000366 5117446.03002930 2184.26000977 73 78 95 2.000000 21.000000
561794.10000610 5117443.34008789 2171.11010742 66 72 86 2.000000 21.000000
561800.38999939 5117443.02001953 2169.87988281 77 83 90 2.000000 21.000000
561822.94999695 5117441.57006836 2159.72998047 73 78 93 2.000000 21.000000
561849.80000305 5117439.41992188 2139.52001953 51 56 70 2.000000 21.000000
561855.24000549 5117439.07006836 2137.07006836 64 71 88 2.000000 21.000000
561840.41000366 5117437.88989258 2149.75000000 72 80 97 2.000000 21.000000
561836.77000427 5117438.27001953 2154.47998047 68 78 92 2.000000 21.000000
561831.33999634 5117438.51000977 2155.23999023 68 76 89 2.000000 21.000000
561819.63999939 5117439.73999023 2170.43994141 70 72 87 2.000000 21.000000
561814.69999695 5117440.08007813 2173.38989258 106 104 108 2.000000 21.000000
561809.52999878 5117440.30004883 2174.09008789 132 133 128 2.000000 21.000000
561804.25000000 5117440.47998047 2173.78002930 162 154 139 2.000000 21.000000
561789.28999329 5117441.18994141 2177.12011719 78 89 102 2.000000 21.000000
561783.11000061 5117441.45996094 2178.03002930 165 160 150 2.000000 21.000000
561776.99000549 5117441.71997070 2178.71997070 149 148 140 2.000000 21.000000
561770.88999939 5117441.96997070 2179.20996094 76 80 95 2.000000 21.000000
561764.86000061 5117442.19995117 2179.59008789 76 82 98 2.000000 21.000000
561758.96000671 5117442.44995117 2180.30004883 74 80 96 2.000000 21.000000
561753.36999512 5117442.75000000 2182.20996094 72 79 92 2.000000 21.000000
561730.51000977 5117444.15991211 2193.25000000 60 66 82 2.000000 21.000000
561723.64001465 5117444.58007813 2196.56005859 58 62 76 2.000000 21.000000
561717.35998535 5117445.06005859 2201.53002930 71 75 90 2.000000 21.000000
561712.50000000 5117445.30004883 2202.73999023 68 75 91 2.000000 21.000000
561708.07000732 5117445.59008789 2205.29003906 71 77 92 2.000000 21.000000
561702.73999023 5117445.89990234 2207.62011719 74 81 94 2.000000 21.000000
561675.11999512 5117447.73999023 2224.12011719 78 86 104 2.000000 21.000000
561671.41000366 5117448.06005859 2227.73999023 103 114 128 2.000000 21.000000
561663.39001465 5117448.19995117 2225.21997070 225 225 208 2.000000 21.000000
561643.42999268 5117448.38989258 2215.85009766 232 230 214 2.000000 21.000000
561647.91000366 5117447.81005859 2218.29003906 230 228 214 2.000000 21.000000
561653.75000000 5117447.72998047 2221.36010742 225 224 207 2.000000 21.000000
561679.22000122 5117446.62988281 2220.68994141 98 110 124 2.000000 21.000000
561684.47000122 5117446.28002930 2218.27001953 76 84 102 2.000000 21.000000
561692.92999268 5117445.64990234 2213.10009766 61 67 85 2.000000 21.000000
561697.80999756 5117445.30004883 2210.28002930 76 82 97 2.000000 21.000000
561736.97000122 5117442.63989258 2190.44995117 64 72 88 2.000000 21.000000
561743.13000488 5117442.20996094 2187.17993164 70 77 92 2.000000 21.000000
561748.50000000 5117441.87011719 2184.97998047 71 77 91 2.000000 21.000000
561797.13000488 5117439.29003906 2173.36010742 163 153 145 2.000000 21.000000
561822.60000610 5117437.87011719 2165.88989258 81 83 99 2.000000 21.000000
561825.88000488 5117437.38989258 2159.37011719 66 68 84 2.000000 21.000000
561845.17999268 5117435.88989258 2145.83007813 59 65 80 2.000000 21.000000
561853.14999390 5117435.28002930 2140.48999023 68 76 92 2.000000 21.000000
561850.00000000 5117433.15991211 2143.87011719 70 76 92 2.000000 21.000000
561832.05000305 5117434.60009766 2158.62988281 65 74 88 2.000000 21.000000
561817.80999756 5117435.97998047 2174.71997070 90 92 104 2.000000 21.000000
561812.67999268 5117436.22998047 2176.00000000 115 113 104 2.000000 21.000000
561807.55999756 5117436.45996094 2176.87988281 144 143 136 2.000000 21.000000
561802.35000610 5117436.64990234 2176.93994141 173 171 155 2.000000 21.000000
561793.08999634 5117436.89990234 2175.37988281 65 69 84 2.000000 21.000000
561787.39999390 5117437.35009766 2179.83007813 71 76 82 2.000000 21.000000
561781.35000610 5117437.63989258 2181.20996094 158 156 150 2.000000 21.000000
561775.22000122 5117437.88989258 2181.69995117 140 138 132 2.000000 21.000000
561769.14999390 5117438.12011719 2182.07006836 74 80 94 2.000000 21.000000
561763.13999939 5117438.36010742 2182.39990234 71 77 93 2.000000 21.000000
561757.33000183 5117438.62011719 2183.32006836 66 73 88 2.000000 21.000000
561735.35000610 5117440.00000000 2194.41992188 68 73 88 2.000000 21.000000
561730.82998657 5117440.40991211 2199.12988281 68 71 87 2.000000 21.000000
561722.39001465 5117440.73999023 2199.65991211 60 65 80 2.000000 21.000000
561714.39999390 5117441.35009766 2205.77001953 67 74 90 2.000000 21.000000
561707.01000977 5117441.75000000 2208.37988281 74 86 101 2.000000 21.000000
561702.83999634 5117442.05004883 2211.21997070 72 82 98 2.000000 21.000000
561690.38000488 5117442.79003906 2217.01000977 69 80 96 2.000000 21.000000
561674.72000122 5117443.89990234 2227.56005859 90 102 122 2.000000 21.000000
561668.25000000 5117444.18994141 2228.82006836 223 220 198 2.000000 21.000000
561660.25000000 5117444.29003906 2225.48999023 224 224 206 2.000000 21.000000
561650.29000854 5117443.80004883 2220.66992188 230 228 213 2.000000 21.000000
561678.66000366 5117442.83007813 2224.64990234 70 79 96 2.000000 21.000000
561683.80999756 5117442.47998047 2222.12011719 77 83 104 2.000000 21.000000
561695.80999756 5117441.51000977 2213.35009766 96 104 122 2.000000 21.000000
561717.66000366 5117440.00000000 2201.81005859 62 66 82 2.000000 21.000000
561740.26998901 5117438.48999023 2190.78002930 71 78 91 2.000000 21.000000
561746.55000305 5117438.08007813 2187.87988281 68 76 92 2.000000 21.000000
561751.94999695 5117437.73999023 2185.73999023 64 72 86 2.000000 21.000000
561797.41000366 5117435.48999023 2177.82006836 210 199 180 2.000000 21.000000
561821.36000061 5117434.11010742 2169.93994141 72 76 90 2.000000 21.000000
561824.58999634 5117433.62988281 2163.30004883 70 77 93 2.000000 21.000000
561836.00000000 5117432.75000000 2155.55004883 68 73 88 2.000000 21.000000
561841.21000671 5117432.37011719 2152.33007813 70 78 94 2.000000 21.000000
561854.64999390 5117429.00000000 2144.48999023 68 74 93 2.000000 21.000000
561849.35000610 5117429.38989258 2148.15991211 68 76 92 2.000000 21.000000
561845.50000000 5117429.71997070 2151.64990234 69 76 92 2.000000 21.000000
561830.05000305 5117430.82006836 2161.91992188 70 75 92 2.000000 21.000000
561825.46000671 5117431.36010742 2168.84008789 68 76 91 2.000000 21.000000
561815.91000366 5117432.17993164 2177.77001953 80 86 95 2.000000 21.000000
561810.82000732 5117432.42993164 2179.04003906 145 140 138 2.000000 21.000000
561805.69999695 5117432.64990234 2179.79003906 156 153 142 2.000000 21.000000
561791.38999939 5117433.11010742 2178.71997070 74 76 90 2.000000 21.000000
561784.50999451 5117433.60009766 2183.25000000 68 83 97 2.000000 21.000000
561778.44000244 5117433.87011719 2184.17993164 162 161 149 2.000000 21.000000
561772.38999939 5117434.12011719 2184.83007813 76 84 91 2.000000 21.000000
561766.33000183 5117434.34008789 2184.93994141 66 72 86 2.000000 21.000000
561760.44999695 5117434.59008789 2185.64990234 80 86 102 2.000000 21.000000
561734.10000610 5117436.16992188 2197.71997070 64 69 82 2.000000 21.000000
561728.54000854 5117436.62011719 2202.37988281 66 70 86 2.000000 21.000000
561702.91000366 5117438.17993164 2214.73999023 72 84 100 2.000000 21.000000
561693.14999390 5117438.62011719 2216.55004883 104 116 131 2.000000 21.000000
561688.67999268 5117438.95996094 2220.04003906 100 112 128 2.000000 21.000000
561674.32000732 5117440.05004883 2231.26000977 98 112 130 2.000000 21.000000
561664.79998779 5117440.25000000 2228.78002930 225 224 206 2.000000 21.000000
561657.01000977 5117440.33007813 2225.32006836 230 229 211 2.000000 21.000000
561646.69000244 5117440.37988281 2219.77001953 226 225 211 2.000000 21.000000
561641.92001343 5117440.40991211 2217.12011719 228 227 213 2.000000 21.000000
561678.57998657 5117438.98999023 2228.15991211 77 89 107 2.000000 21.000000
561682.72000122 5117438.65991211 2225.25000000 107 118 134 2.000000 21.000000
561698.01998901 5117437.52001953 2215.84008789 73 82 103 2.000000 21.000000
561706.30999756 5117436.89990234 2210.67993164 71 80 96 2.000000 21.000000
561712.58999634 5117436.48999023 2207.82006836 68 77 95 2.000000 21.000000
561719.89001465 5117435.97998047 2203.83007813 62 68 84 2.000000 21.000000
561738.48001099 5117434.72998047 2194.63989258 72 78 90 2.000000 21.000000
561743.67999268 5117434.39990234 2192.38989258 72 77 91 2.000000 21.000000
561748.97000122 5117434.06005859 2190.00000000 68 72 86 2.000000 21.000000
561754.36999512 5117433.70996094 2187.62988281 68 75 89 2.000000 21.000000
561796.49000549 5117431.70996094 2181.71997070 216 203 176 2.000000 21.000000
561818.92999268 5117430.37011719 2173.50000000 66 72 83 2.000000 21.000000
561834.83999634 5117428.97998047 2159.56005859 66 70 86 2.000000 21.000000
561840.03999329 5117428.62011719 2156.66992188 68 77 92 2.000000 21.000000
561852.94999695 5117425.17993164 2147.53002930 67 74 90 2.000000 21.000000
561843.89999390 5117425.89990234 2154.92993164 76 84 102 2.000000 21.000000
561829.94000244 5117426.95996094 2165.33007813 69 73 89 2.000000 21.000000
561824.08000183 5117427.57006836 2172.79003906 61 67 83 2.000000 21.000000
561819.42999268 5117428.03002930 2178.29003906 68 76 90 2.000000 21.000000
561809.46000671 5117428.61010742 2182.40991211 122 124 122 2.000000 21.000000
561804.41000366 5117428.85009766 2183.51000977 92 98 100 2.000000 21.000000
561791.33999634 5117429.23999023 2181.94995117 66 72 88 2.000000 21.000000
561783.19999695 5117429.77001953 2186.32006836 74 84 98 2.000000 21.000000
561777.11999512 5117430.03002930 2187.20996094 142 142 135 2.000000 21.000000
561769.83000183 5117430.32006836 2187.64990234 89 94 102 2.000000 21.000000
561763.80999756 5117430.55004883 2187.90991211 75 80 94 2.000000 21.000000
561735.08999634 5117432.25000000 2200.71997070 63 69 82 2.000000 21.000000
561726.29000854 5117432.81005859 2205.20996094 70 74 90 2.000000 21.000000
561710.51998901 5117433.77001953 2212.75000000 73 77 96 2.000000 21.000000
561702.07000732 5117434.33007813 2217.87011719 81 91 108 2.000000 21.000000
561694.97000122 5117434.63989258 2219.00000000 90 103 120 2.000000 21.000000
561687.32998657 5117435.15991211 2223.66992188 102 115 131 2.000000 21.000000
561671.50000000 5117436.22998047 2233.46997070 219 220 213 2.000000 21.000000
561667.14999390 5117436.23999023 2230.87988281 228 226 211 2.000000 21.000000
561661.47000122 5117436.28002930 2227.98999023 231 230 214 2.000000 21.000000
561653.89001465 5117436.35009766 2224.51000977 228 226 210 2.000000 21.000000
561649.45999146 5117436.37011719 2222.01000977 228 227 212 2.000000 21.000000
561643.67999268 5117435.89990234 2218.91992188 230 230 214 2.000000 21.000000
561676.51000977 5117435.29003906 2232.73999023 98 112 131 2.000000 21.000000
561715.54998779 5117432.34008789 2207.73999023 78 83 100 2.000000 21.000000
561720.64001465 5117432.12988281 2207.48999023 59 64 80 2.000000 21.000000
561741.13000488 5117430.71997070 2196.76000977 66 72 86 2.000000 21.000000
561746.36000061 5117430.38989258 2194.47998047 68 72 88 2.000000 21.000000
561751.75000000 5117430.07006836 2192.47998047 64 68 82 2.000000 21.000000
561757.11000061 5117429.70996094 2189.80004883 68 76 92 2.000000 21.000000
561799.42999268 5117427.72998047 2184.47998047 80 90 91 2.000000 21.000000
561814.41999817 5117426.90991211 2180.27001953 72 78 95 2.000000 21.000000
561829.14999390 5117425.79003906 2170.39990234 70 74 90 2.000000 21.000000
561838.89999390 5117424.87011719 2160.44995117 65 71 86 2.000000 21.000000
561849.08999634 5117424.00000000 2151.85009766 67 76 92 2.000000 21.000000
561843.13999939 5117422.08007813 2158.53002930 74 81 97 2.000000 21.000000
561835.38999939 5117422.62011719 2163.35009766 70 76 90 2.000000 21.000000
561827.42999268 5117423.61010742 2176.46997070 74 77 92 2.000000 21.000000
561822.08000183 5117423.80004883 2176.41992188 65 69 84 2.000000 21.000000
561806.25000000 5117424.87988281 2185.98999023 99 97 100 2.000000 21.000000
561794.58000183 5117425.25000000 2185.12988281 186 176 158 2.000000 21.000000
561789.55000305 5117425.43994141 2185.37988281 68 70 80 2.000000 21.000000
561781.46000671 5117425.94995117 2189.53002930 96 104 112 2.000000 21.000000
561775.41000366 5117426.19995117 2190.14990234 124 124 120 2.000000 21.000000
561768.19000244 5117426.47998047 2190.55004883 101 104 109 2.000000 21.000000
561762.24000549 5117426.69995117 2190.73999023 88 89 98 2.000000 21.000000
561738.92001343 5117428.07006836 2200.84008789 66 74 86 2.000000 21.000000
561732.86999512 5117428.41992188 2203.36010742 66 72 86 2.000000 21.000000
561729.35998535 5117428.75000000 2207.13989258 70 75 90 2.000000 21.000000
561724.54998779 5117429.03002930 2209.27001953 71 75 91 2.000000 21.000000
561712.66000366 5117429.54003906 2210.93994141 84 93 110 2.000000 21.000000
561708.85000610 5117429.93994141 2215.90991211 75 83 102 2.000000 21.000000
561699.47000122 5117430.50000000 2220.42993164 79 88 106 2.000000 21.000000
561694.60998535 5117430.81005859 2222.98999023 77 88 104 2.000000 21.000000
561685.23001099 5117431.37011719 2227.29003906 102 115 129 2.000000 21.000000
561681.17999268 5117431.69995117 2230.85009766 74 83 102 2.000000 21.000000
561673.91000366 5117432.22998047 2236.05004883 195 200 194 2.000000 21.000000
561663.67999268 5117432.28002930 2230.40991211 228 226 208 2.000000 21.000000
561658.20999146 5117432.33007813 2227.81005859 230 228 212 2.000000 21.000000
561646.14001465 5117431.91992188 2221.56005859 228 228 212 2.000000 21.000000
561651.04998779 5117431.86010742 2224.18994141 228 228 212 2.000000 21.000000
561668.86999512 5117431.60009766 2232.87988281 227 225 212 2.000000 21.000000
561703.92999268 5117429.37011719 2218.42993164 75 82 102 2.000000 21.000000
561718.04000854 5117428.40991211 2211.23999023 63 70 86 2.000000 21.000000
561744.41000366 5117426.65991211 2198.61010742 59 64 80 2.000000 21.000000
561749.77999878 5117426.36010742 2196.98999023 59 65 82 2.000000 21.000000
561754.99000549 5117425.98999023 2194.02001953 72 76 89 2.000000 21.000000
561800.67999268 5117423.84008789 2188.19995117 101 107 114 2.000000 21.000000
561811.72000122 5117423.15991211 2183.67993164 73 82 100 2.000000 21.000000
561816.77000427 5117422.87011719 2182.08007813 66 73 90 2.000000 21.000000
561831.64999390 5117421.76000977 2172.53002930 76 84 98 2.000000 21.000000
561832.38999939 5117421.44995117 2167.20996094 73 82 95 2.000000 21.000000
561847.67999268 5117420.19995117 2155.27001953 72 80 94 2.000000 21.000000
561852.88999939 5117419.77001953 2151.20996094 70 76 88 2.000000 21.000000
561842.47999573 5117418.25000000 2161.69995117 70 78 92 2.000000 21.000000
561838.72999573 5117418.57006836 2165.10009766 71 77 92 2.000000 21.000000
561825.64999390 5117419.87011719 2180.62011719 66 67 83 2.000000 21.000000
561805.82000732 5117421.04003906 2189.19995117 74 82 94 2.000000 21.000000
561795.52999878 5117421.37988281 2188.73999023 212 208 186 2.000000 21.000000
561790.47000122 5117421.56005859 2188.64990234 90 90 97 2.000000 21.000000
561784.47999573 5117421.86010742 2190.30004883 59 56 73 2.000000 21.000000
561779.91000366 5117422.14990234 2192.65991211 116 120 122 2.000000 21.000000
561773.85000610 5117422.38989258 2193.00000000 86 91 92 2.000000 21.000000
561765.50000000 5117422.70996094 2193.41992188 88 92 96 2.000000 21.000000
561759.69000244 5117422.94995117 2194.12988281 90 91 98 2.000000 21.000000
561741.79998779 5117424.03002930 2202.44995117 64 68 85 2.000000 21.000000
561736.79998779 5117424.35009766 2205.07006836 68 76 92 2.000000 21.000000
561727.25000000 5117424.98999023 2210.73999023 74 80 98 2.000000 21.000000
561722.48001099 5117425.26000977 2212.71997070 66 74 89 2.000000 21.000000
561697.67001343 5117426.68994141 2223.21997070 72 80 97 2.000000 21.000000
561693.04998779 5117427.02001953 2226.32006836 82 92 108 2.000000 21.000000
561688.23001099 5117427.27001953 2227.89990234 108 120 136 2.000000 21.000000
561679.98999023 5117427.89990234 2234.36010742 80 89 108 2.000000 21.000000
561660.48001099 5117428.35009766 2230.18994141 228 228 212 2.000000 21.000000
561655.05999756 5117428.37011719 2227.18994141 228 228 212 2.000000 21.000000
561642.48999023 5117428.44995117 2220.67993164 230 228 212 2.000000 21.000000
561665.13000488 5117427.71997070 2232.97998047 228 227 210 2.000000 21.000000
561670.83999634 5117427.62988281 2235.56005859 225 224 209 2.000000 21.000000
561683.72000122 5117426.86010742 2231.09008789 83 92 107 2.000000 21.000000
561702.51998901 5117425.58007813 2221.63989258 76 81 98 2.000000 21.000000
561707.27999878 5117425.16992188 2217.63989258 68 78 94 2.000000 21.000000
561711.42999268 5117424.83007813 2214.47998047 90 102 117 2.000000 21.000000
561717.41000366 5117424.59008789 2214.45996094 64 70 90 2.000000 21.000000
561731.67001343 5117423.66992188 2208.12011719 70 77 94 2.000000 21.000000
561746.97000122 5117422.71997070 2202.02001953 68 74 90 2.000000 21.000000
561752.17999268 5117422.37011719 2199.37988281 69 74 88 2.000000 21.000000
561799.52000427 5117420.08007813 2191.94995117 130 130 127 2.000000 21.000000
561810.41999817 5117419.38989258 2187.18994141 71 80 98 2.000000 21.000000
561820.33999634 5117418.76000977 2182.85009766 69 77 95 2.000000 21.000000
561830.66000366 5117418.19995117 2180.12988281 77 84 99 2.000000 21.000000
561851.25999451 5117416.04003906 2155.37988281 64 70 84 2.000000 21.000000
561848.14999390 5117413.88989258 2159.21997070 66 74 87 2.000000 21.000000
561836.77999878 5117414.82006836 2168.86010742 73 78 92 2.000000 21.000000
561834.83999634 5117415.26000977 2175.75000000 76 80 96 2.000000 21.000000
561816.13000488 5117416.48999023 2186.14990234 69 76 94 2.000000 21.000000
561803.97999573 5117417.25000000 2192.23999023 76 82 92 2.000000 21.000000
561795.00000000 5117417.56005859 2191.94995117 220 216 196 2.000000 21.000000
561790.00999451 5117417.75000000 2192.30004883 81 82 89 2.000000 21.000000
561782.77999878 5117418.10009766 2193.90991211 61 64 74 2.000000 21.000000
561776.91000366 5117418.39990234 2195.60009766 109 105 99 2.000000 21.000000
561770.91000366 5117418.63989258 2196.14990234 96 100 102 2.000000 21.000000
561763.77999878 5117418.90991211 2196.39990234 91 94 98 2.000000 21.000000
561758.27999878 5117419.21997070 2198.54003906 92 95 104 2.000000 21.000000
561741.45999146 5117420.20996094 2205.82006836 66 71 89 2.000000 21.000000
561722.29000854 5117421.43994141 2216.14990234 70 76 97 2.000000 21.000000
561693.17999268 5117423.18994141 2229.77001953 67 76 94 2.000000 21.000000
561688.39999390 5117423.42993164 2231.31005859 100 113 127 2.000000 21.000000
561678.76000977 5117424.12988281 2238.07006836 91 104 122 2.000000 21.000000
561673.57998657 5117424.33007813 2238.62011719 218 218 203 2.000000 21.000000
561657.23001099 5117424.41992188 2229.68994141 228 228 212 2.000000 21.000000
561651.30999756 5117424.43994141 2226.44995117 228 226 211 2.000000 21.000000
561646.48001099 5117424.46997070 2223.90991211 229 228 212 2.000000 21.000000
561661.58999634 5117423.78002930 2232.18994141 227 227 210 2.000000 21.000000
561667.23999023 5117423.71997070 2235.32006836 226 227 210 2.000000 21.000000
561682.91000366 5117423.04003906 2234.69995117 69 76 92 2.000000 21.000000
561697.14001465 5117422.02001953 2226.71997070 68 74 94 2.000000 21.000000
561704.88000488 5117421.36010742 2220.36010742 92 101 121 2.000000 21.000000
561710.05999756 5117421.01000977 2217.73999023 94 106 124 2.000000 21.000000
561715.98999023 5117420.77001953 2217.71997070 67 76 90 2.000000 21.000000
561726.27999878 5117420.11010742 2213.22998047 70 76 96 2.000000 21.000000
561734.98999023 5117419.53002930 2209.04003906 68 75 92 2.000000 21.000000
561750.44999695 5117418.58007813 2202.85009766 57 63 77 2.000000 21.000000
561809.42999268 5117415.57006836 2190.73999023 72 78 96 2.000000 21.000000
561823.00000000 5117414.68994141 2184.44995117 66 70 88 2.000000 21.000000
561828.16999817 5117414.41992188 2183.22998047 75 77 91 2.000000 21.000000
561841.14999390 5117412.98999023 2166.38989258 74 82 94 2.000000 21.000000
561854.05999756 5117409.53002930 2157.37988281 64 71 88 2.000000 21.000000
561847.67999268 5117410.07006836 2163.19995117 65 72 88 2.000000 21.000000
561837.77999878 5117410.96997070 2173.37988281 70 77 92 2.000000 21.000000
561836.00000000 5117411.47998047 2181.51000977 67 74 89 2.000000 21.000000
561819.50000000 5117412.41992188 2188.14990234 70 74 88 2.000000 21.000000
561814.44000244 5117412.66992188 2189.35009766 68 74 92 2.000000 21.000000
561802.44999695 5117413.43994141 2195.66992188 77 85 101 2.000000 21.000000
561797.50000000 5117413.65991211 2196.45996094 160 162 146 2.000000 21.000000
561792.28999329 5117413.78002930 2195.22998047 135 124 119 2.000000 21.000000
561786.22000122 5117414.04003906 2196.09008789 169 154 146 2.000000 21.000000
561780.28999329 5117414.33007813 2197.52001953 90 93 97 2.000000 21.000000
561774.42999268 5117414.60009766 2198.73999023 83 83 86 2.000000 21.000000
561768.50000000 5117414.84008789 2199.16992188 102 104 107 2.000000 21.000000
561762.64999390 5117415.06005859 2199.54003906 87 89 96 2.000000 21.000000
561757.19999695 5117415.37011719 2201.65991211 86 92 102 2.000000 21.000000
561746.66999817 5117416.00000000 2206.41992188 62 66 82 2.000000 21.000000
561739.48999023 5117416.40991211 2209.37011719 66 72 90 2.000000 21.000000
561731.48001099 5117416.87011719 2212.57006836 70 74 89 2.000000 21.000000
561720.32998657 5117417.60009766 2218.95996094 74 80 99 2.000000 21.000000
561702.04998779 5117418.53002930 2224.35009766 94 104 122 2.000000 21.000000
561687.70001221 5117419.58007813 2234.61010742 101 114 129 2.000000 21.000000
561670.57998657 5117420.35009766 2238.09008789 227 226 208 2.000000 21.000000
561653.94000244 5117420.43994141 2229.18994141 227 226 210 2.000000 21.000000
561642.89001465 5117420.47998047 2223.08007813 231 229 214 2.000000 21.000000
561648.17001343 5117419.94995117 2226.14990234 229 227 212 2.000000 21.000000
561658.45001221 5117419.84008789 2232.08007813 228 226 210 2.000000 21.000000
561663.91000366 5117419.77001953 2234.90991211 226 226 208 2.000000 21.000000
561675.60000610 5117419.62011719 2241.01000977 217 220 210 2.000000 21.000000
561680.64999390 5117419.35009766 2239.75000000 92 101 120 2.000000 21.000000
561692.70999146 5117418.42993164 2232.03002930 106 118 134 2.000000 21.000000
561697.47000122 5117418.12011719 2229.86010742 94 101 119 2.000000 21.000000
561708.35000610 5117417.17993164 2220.90991211 91 104 123 2.000000 21.000000
561714.22000122 5117416.94995117 2221.05004883 72 79 98 2.000000 21.000000
561807.13999939 5117411.78002930 2194.44995117 71 76 91 2.000000 21.000000
561825.72000122 5117410.62011719 2186.60009766 76 80 94 2.000000 21.000000
561830.77999878 5117410.30004883 2184.42993164 68 74 92 2.000000 21.000000
561841.25999451 5117409.07006836 2169.51000977 69 76 90 2.000000 21.000000
561853.49000549 5117405.66992188 2160.70996094 66 76 94 2.000000 21.000000
561848.50999451 5117406.14990234 2166.26000977 65 74 90 2.000000 21.000000
561838.83999634 5117407.12988281 2178.03002930 68 75 89 2.000000 21.000000
561817.86999512 5117408.59008789 2191.26000977 66 74 89 2.000000 21.000000
561812.88000488 5117408.86010742 2192.94995117 68 76 90 2.000000 21.000000
561800.86000061 5117409.60009766 2198.67993164 107 105 112 2.000000 21.000000
561794.50999451 5117409.81005859 2198.39990234 175 173 162 2.000000 21.000000
561788.41000366 5117410.08007813 2199.35009766 123 129 127 2.000000 21.000000
561782.32000732 5117410.33007813 2199.93994141 134 125 118 2.000000 21.000000
561776.44000244 5117410.61010742 2201.31005859 82 83 89 2.000000 21.000000
561770.52000427 5117410.86010742 2202.04003906 98 100 106 2.000000 21.000000
561764.60000610 5117411.08007813 2202.20996094 96 96 100 2.000000 21.000000
561759.16000366 5117411.39990234 2204.65991211 67 73 85 2.000000 21.000000
561753.77999878 5117411.70996094 2206.76000977 61 67 81 2.000000 21.000000
561745.24000549 5117412.14990234 2209.47998047 58 62 79 2.000000 21.000000
561740.35000610 5117412.50000000 2212.80004883 93 95 111 2.000000 21.000000
561735.17001343 5117412.75000000 2214.03002930 72 79 98 2.000000 21.000000
561729.14001465 5117413.06005859 2215.80004883 69 74 92 2.000000 21.000000
561724.32998657 5117413.34008789 2217.80004883 67 75 93 2.000000 21.000000
561718.14001465 5117413.78002930 2222.05004883 73 82 102 2.000000 21.000000
561690.70001221 5117415.45996094 2235.64990234 104 120 132 2.000000 21.000000
561685.54998779 5117415.79003906 2238.39990234 86 98 117 2.000000 21.000000
561667.05999756 5117416.37011719 2237.54003906 223 223 206 2.000000 21.000000
561644.76998901 5117415.95996094 2225.15991211 231 229 214 2.000000 21.000000
561650.26000977 5117415.89990234 2228.26000977 229 227 212 2.000000 21.000000
561655.39001465 5117415.85009766 2231.20996094 230 228 212 2.000000 21.000000
561660.79998779 5117415.80004883 2234.32006836 228 228 210 2.000000 21.000000
561672.20999146 5117415.65991211 2240.30004883 223 223 207 2.000000 21.000000
561695.48999023 5117414.32006836 2233.38989258 98 109 126 2.000000 21.000000
561700.57000732 5117413.84008789 2228.32006836 107 119 137 2.000000 21.000000
561705.26000977 5117413.43994141 2224.53002930 96 108 126 2.000000 21.000000
561710.94000244 5117413.18994141 2224.22998047 60 70 88 2.000000 21.000000
561805.53999329 5117407.96997070 2197.51000977 66 71 82 2.000000 21.000000
561822.71000671 5117406.90991211 2190.56005859 124 114 119 2.000000 21.000000
561828.91999817 5117406.48999023 2187.42993164 65 72 88 2.000000 21.000000
561834.02999878 5117406.18994141 2185.57006836 67 75 90 2.000000 21.000000
561844.44999695 5117404.90991211 2169.52001953 75 83 99 2.000000 21.000000
561852.05000305 5117401.87011719 2164.98999023 74 83 101 2.000000 21.000000
561841.96000671 5117402.69995117 2173.75000000 66 72 88 2.000000 21.000000
561816.44000244 5117404.70996094 2194.20996094 66 74 88 2.000000 21.000000
561811.61999512 5117405.03002930 2196.89990234 80 86 98 2.000000 21.000000
561798.35000610 5117405.77001953 2201.90991211 95 98 102 2.000000 21.000000
561792.13999939 5117406.01000977 2202.18994141 140 146 138 2.000000 21.000000
561786.02999878 5117406.25000000 2202.65991211 180 166 146 2.000000 21.000000
561780.00999451 5117406.50000000 2203.29003906 113 114 114 2.000000 21.000000
561774.19999695 5117406.78002930 2204.63989258 84 87 98 2.000000 21.000000
561768.30000305 5117407.00000000 2204.96997070 71 74 86 2.000000 21.000000
561762.60000610 5117407.27001953 2206.12011719 72 78 90 2.000000 21.000000
561757.25999451 5117407.59008789 2208.62988281 58 64 80 2.000000 21.000000
561751.89999390 5117407.87988281 2210.43994141 60 64 82 2.000000 21.000000
561746.71000671 5117408.17993164 2212.70996094 61 64 80 2.000000 21.000000
561738.57000732 5117408.64990234 2215.97998047 70 78 96 2.000000 21.000000
561733.54998779 5117408.90991211 2217.63989258 90 91 107 2.000000 21.000000
561727.54000854 5117409.19995117 2219.09008789 66 74 90 2.000000 21.000000
561722.70001221 5117409.44995117 2220.61010742 60 65 83 2.000000 21.000000
561715.69000244 5117409.94995117 2225.20996094 78 85 102 2.000000 21.000000
561693.57000732 5117411.36010742 2237.13989258 108 122 138 2.000000 21.000000
561689.01000977 5117411.62988281 2239.21997070 120 136 146 2.000000 21.000000
561684.02999878 5117411.94995117 2242.10009766 86 98 118 2.000000 21.000000
561677.57998657 5117412.28002930 2244.12988281 218 218 207 2.000000 21.000000
561640.94000244 5117412.44995117 2224.16992188 231 230 214 2.000000 21.000000
561646.98999023 5117411.95996094 2227.61010742 230 228 214 2.000000 21.000000
561657.66000366 5117411.84008789 2233.53002930 228 226 210 2.000000 21.000000
561663.11999512 5117411.79003906 2236.64990234 226 224 208 2.000000 21.000000
561668.04000854 5117411.73999023 2239.52001953 225 224 208 2.000000 21.000000
561698.04998779 5117410.07006836 2231.47998047 97 109 124 2.000000 21.000000
561703.70999146 5117409.67993164 2228.47998047 93 106 120 2.000000 21.000000
561709.17999268 5117409.41992188 2227.84008789 71 76 96 2.000000 21.000000
561803.69000244 5117404.15991211 2200.45996094 82 86 95 2.000000 21.000000
561822.11999512 5117403.07006836 2193.75000000 49 65 85 2.000000 21.000000
561827.02999878 5117402.72998047 2191.05004883 66 72 87 2.000000 21.000000
561832.00000000 5117402.37988281 2188.35009766 68 74 90 2.000000 21.000000
561837.02999878 5117402.04003906 2185.65991211 66 72 88 2.000000 21.000000
561840.61000061 5117401.67993164 2181.66992188 62 68 84 2.000000 21.000000
561847.55999756 5117400.79003906 2170.31005859 70 78 94 2.000000 21.000000
561852.69999695 5117397.95996094 2168.62011719 69 79 93 2.000000 21.000000
561845.13999939 5117398.58007813 2175.18994141 72 80 96 2.000000 21.000000
561818.47000122 5117400.71997070 2197.16992188 115 119 130 2.000000 21.000000
561809.82000732 5117401.17993164 2200.01000977 79 86 96 2.000000 21.000000
561796.61000061 5117401.90991211 2204.94995117 96 102 107 2.000000 21.000000
561790.57000732 5117402.17993164 2205.92993164 167 166 157 2.000000 21.000000
561784.44000244 5117402.40991211 2206.10009766 124 118 106 2.000000 21.000000
561778.46000671 5117402.64990234 2206.66992188 114 116 114 2.000000 21.000000
561772.61000061 5117402.89990234 2207.55004883 56 60 68 2.000000 21.000000
561766.83999634 5117403.14990234 2208.39990234 63 68 82 2.000000 21.000000
561761.47999573 5117403.48999023 2211.09008789 66 72 86 2.000000 21.000000
561756.03999329 5117403.77001953 2212.71997070 65 71 85 2.000000 21.000000
561750.69999695 5117404.05004883 2214.44995117 61 66 84 2.000000 21.000000
561745.63000488 5117404.36010742 2216.98999023 76 81 94 2.000000 21.000000
561740.55999756 5117404.64990234 2218.93994141 123 123 131 2.000000 21.000000
561733.67001343 5117405.04003906 2221.82006836 91 91 93 2.000000 21.000000
561728.51998901 5117405.25000000 2222.26000977 91 92 106 2.000000 21.000000
561720.70999146 5117405.61010742 2223.88989258 57 57 72 2.000000 21.000000
561713.79000854 5117406.09008789 2228.27001953 70 76 94 2.000000 21.000000
561703.52999878 5117406.67993164 2232.72998047 80 92 108 2.000000 21.000000
561695.14999390 5117407.10009766 2235.03002930 103 116 133 2.000000 21.000000
561687.69000244 5117407.73999023 2242.31005859 89 104 117 2.000000 21.000000
561683.67001343 5117408.04003906 2245.38989258 82 92 110 2.000000 21.000000
561674.11999512 5117408.28002930 2243.73999023 224 223 205 2.000000 21.000000
561653.54998779 5117408.37011719 2232.35009766 228 227 212 2.000000 21.000000
561643.42999268 5117408.41992188 2226.84008789 232 230 216 2.000000 21.000000
561649.16000366 5117407.93994141 2229.97998047 232 230 214 2.000000 21.000000
561660.05999756 5117407.82006836 2235.98999023 226 225 210 2.000000 21.000000
561691.70999146 5117406.72998047 2239.47998047 112 126 141 2.000000 21.000000
561708.63000488 5117405.61010742 2231.51000977 70 79 85 2.000000 21.000000
561801.38999939 5117400.36010742 2203.41992188 86 92 102 2.000000 21.000000
561824.67999268 5117399.00000000 2195.37988281 66 68 87 2.000000 21.000000
561835.77999878 5117398.19995117 2188.78002930 64 69 86 2.000000 21.000000
561840.78999329 5117397.84008789 2185.81005859 65 70 87 2.000000 21.000000
561851.89999390 5117394.09008789 2172.34008789 72 81 98 2.000000 21.000000
561848.13999939 5117394.40991211 2175.83007813 70 78 94 2.000000 21.000000
561844.46000671 5117394.76000977 2179.82006836 66 74 90 2.000000 21.000000
561846.30999756 5117395.07006836 2186.86010742 71 79 95 2.000000 21.000000
561832.35000610 5117395.83007813 2191.60009766 60 64 85 2.000000 21.000000
561821.36999512 5117396.60009766 2198.47998047 70 76 92 2.000000 21.000000
561816.38999939 5117396.86010742 2200.05004883 126 121 118 2.000000 21.000000
561807.82000732 5117397.33007813 2203.11010742 100 100 101 2.000000 21.000000
561794.67999268 5117398.06005859 2207.80004883 80 91 100 2.000000 21.000000
561788.75000000 5117398.35009766 2209.34008789 105 111 113 2.000000 21.000000
561782.69999695 5117398.58007813 2209.55004883 106 108 110 2.000000 21.000000
561776.72000122 5117398.81005859 2209.87011719 76 80 94 2.000000 21.000000
561770.94000244 5117399.06005859 2210.75000000 58 62 73 2.000000 21.000000
561765.38000488 5117399.36010742 2212.61010742 65 69 82 2.000000 21.000000
561760.17999268 5117399.70996094 2215.69995117 71 79 92 2.000000 21.000000
561754.88000488 5117400.01000977 2217.71997070 84 88 100 2.000000 21.000000
561749.58000183 5117400.28002930 2219.19995117 85 90 102 2.000000 21.000000
561744.38999939 5117400.55004883 2220.71997070 85 87 97 2.000000 21.000000
561739.20999146 5117400.79003906 2221.83007813 65 75 94 2.000000 21.000000
561731.39001465 5117401.22998047 2224.85009766 65 71 84 2.000000 21.000000
561726.44000244 5117401.45996094 2225.82006836 92 94 98 2.000000 21.000000
561718.67001343 5117401.80004883 2227.02001953 67 72 86 2.000000 21.000000
561701.89001465 5117402.88989258 2236.35009766 66 74 90 2.000000 21.000000
561696.98001099 5117403.14990234 2238.11010742 110 119 136 2.000000 21.000000
561682.41000366 5117404.25000000 2249.13989258 82 93 110 2.000000 21.000000
561677.23999023 5117404.31005859 2246.86010742 225 219 201 2.000000 21.000000
561670.35998535 5117404.33007813 2242.92993164 222 222 206 2.000000 21.000000
561665.45999146 5117404.36010742 2240.26000977 226 223 210 2.000000 21.000000
561656.23001099 5117404.39990234 2235.18994141 229 228 214 2.000000 21.000000
561644.82000732 5117404.02001953 2228.87988281 232 230 214 2.000000 21.000000
561686.20001221 5117403.20996094 2245.02001953 80 88 107 2.000000 21.000000
561707.23999023 5117401.81005859 2235.02001953 80 87 100 2.000000 21.000000
561711.92999268 5117401.38989258 2230.71997070 61 65 86 2.000000 21.000000
561799.80000305 5117396.55004883 2206.38989258 84 85 97 2.000000 21.000000
561827.78999329 5117394.80004883 2194.52001953 60 66 86 2.000000 21.000000
561839.16000366 5117394.06005859 2189.20996094 65 70 88 2.000000 21.000000
561851.27999878 5117390.26000977 2175.95996094 78 85 104 2.000000 21.000000
561847.58000183 5117390.60009766 2179.79003906 72 79 96 2.000000 21.000000
561835.49000549 5117391.70996094 2192.17993164 62 66 85 2.000000 21.000000
561824.30999756 5117392.40991211 2197.82006836 61 68 88 2.000000 21.000000
561819.53999329 5117392.76000977 2201.16992188 72 80 92 2.000000 21.000000
561814.64999390 5117393.05004883 2203.13989258 100 104 111 2.000000 21.000000
561806.22999573 5117393.53002930 2206.51000977 76 76 82 2.000000 21.000000
561793.13999939 5117394.22998047 2210.71997070 81 86 95 2.000000 21.000000
561787.25999451 5117394.51000977 2212.17993164 144 146 152 2.000000 21.000000
561781.27000427 5117394.75000000 2212.52001953 70 75 85 2.000000 21.000000
561775.39999390 5117394.98999023 2213.17993164 67 72 90 2.000000 21.000000
561769.75000000 5117395.27001953 2214.65991211 66 70 84 2.000000 21.000000
561764.30999756 5117395.58007813 2216.73999023 74 80 94 2.000000 21.000000
561759.00000000 5117395.89990234 2219.12011719 70 78 92 2.000000 21.000000
561753.77000427 5117396.19995117 2221.29003906 81 87 99 2.000000 21.000000
561748.57000732 5117396.47998047 2223.10009766 79 89 101 2.000000 21.000000
561743.20999146 5117396.70996094 2223.71997070 120 118 122 2.000000 21.000000
561738.07000732 5117396.94995117 2224.87011719 69 76 94 2.000000 21.000000
561730.44000244 5117397.42993164 2228.71997070 78 83 88 2.000000 21.000000
561725.42999268 5117397.62988281 2229.19995117 162 160 148 2.000000 21.000000
561716.64999390 5117397.98999023 2230.21997070 65 68 83 2.000000 21.000000
561704.30999756 5117398.86010742 2238.21997070 74 82 96 2.000000 21.000000
561699.54998779 5117399.15991211 2240.83007813 68 74 90 2.000000 21.000000
561694.57998657 5117399.38989258 2241.82006836 112 125 142 2.000000 21.000000
561673.51998901 5117400.34008789 2245.87011719 220 220 204 2.000000 21.000000
561662.20001221 5117400.39990234 2239.75000000 228 226 212 2.000000 21.000000
561652.55999756 5117400.43994141 2234.31005859 230 229 214 2.000000 21.000000
561648.29998779 5117400.42993164 2231.48999023 231 230 214 2.000000 21.000000
561640.85000610 5117400.47998047 2227.72998047 229 228 214 2.000000 21.000000
561657.58999634 5117399.94995117 2237.27001953 229 228 214 2.000000 21.000000
561666.89999390 5117399.85009766 2242.46997070 226 224 209 2.000000 21.000000
561678.70001221 5117399.72998047 2248.98999023 220 216 196 2.000000 21.000000
561684.04000854 5117399.51000977 2248.89990234 82 87 112 2.000000 21.000000
561689.26998901 5117399.04003906 2244.27001953 231 233 227 2.000000 21.000000
561830.53999329 5117390.69995117 2195.39990234 63 66 86 2.000000 21.000000
561841.99000549 5117389.98999023 2190.76000977 65 70 86 2.000000 21.000000
561845.66000366 5117389.64990234 2187.22998047 69 76 92 2.000000 21.000000
561847.25999451 5117386.71997070 2182.96997070 73 79 96 2.000000 21.000000
561822.69000244 5117388.56005859 2200.62011719 56 64 80 2.000000 21.000000
561813.11000061 5117389.20996094 2206.22998047 102 102 100 2.000000 21.000000
561803.41999817 5117389.72998047 2209.50000000 98 104 113 2.000000 21.000000
561797.39999390 5117390.03002930 2211.01000977 90 92 99 2.000000 21.000000
561790.42999268 5117390.43994141 2213.86010742 73 76 90 2.000000 21.000000
561784.52000427 5117390.69995117 2214.92993164 72 82 98 2.000000 21.000000
561778.64999390 5117390.95996094 2215.85009766 67 73 90 2.000000 21.000000
561772.83000183 5117391.20996094 2216.47998047 68 70 84 2.000000 21.000000
561767.49000549 5117391.56005859 2219.46997070 71 77 92 2.000000 21.000000
561762.05000305 5117391.85009766 2221.27001953 74 80 96 2.000000 21.000000
561756.83999634 5117392.16992188 2223.78002930 68 78 96 2.000000 21.000000
561751.57000732 5117392.44995117 2225.38989258 90 100 106 2.000000 21.000000
561746.25000000 5117392.67993164 2226.28002930 78 90 94 2.000000 21.000000
561740.97000122 5117392.90991211 2226.91992188 93 101 109 2.000000 21.000000
561735.85998535 5117393.13989258 2227.93994141 66 76 94 2.000000 21.000000
561728.39999390 5117393.62011719 2231.85009766 69 73 97 2.000000 21.000000
561722.47000122 5117393.86010742 2232.39990234 169 167 153 2.000000 21.000000
561714.82000732 5117394.16992188 2233.27001953 82 87 104 2.000000 21.000000
561709.82000732 5117394.51000977 2236.28002930 72 79 96 2.000000 21.000000
561698.14001465 5117395.34008789 2244.10009766 77 80 97 2.000000 21.000000
561670.26000977 5117396.39990234 2245.56005859 226 224 208 2.000000 21.000000
561644.67999268 5117396.47998047 2230.81005859 230 228 214 2.000000 21.000000
561649.86999512 5117396.03002930 2234.03002930 230 228 214 2.000000 21.000000
561654.64001465 5117395.96997070 2236.43994141 230 228 214 2.000000 21.000000
561659.82998657 5117395.91992188 2239.52001953 230 228 214 2.000000 21.000000
561675.27999878 5117395.79003906 2248.56005859 222 220 206 2.000000 21.000000
561680.48999023 5117395.72998047 2251.41992188 82 96 118 2.000000 21.000000
561686.73001099 5117395.31005859 2248.41992188 76 96 109 2.000000 21.000000
561691.86999512 5117394.96997070 2246.10009766 181 185 182 2.000000 21.000000
561702.75000000 5117394.22998047 2240.82006836 70 74 92 2.000000 21.000000
561808.63999939 5117388.18994141 2208.31005859 98 100 110 2.000000 21.000000
561818.25999451 5117387.56005859 2203.94995117 57 64 80 2.000000 21.000000
561828.07000732 5117386.91992188 2199.28002930 87 93 111 2.000000 21.000000
561833.08999634 5117386.61010742 2197.32006836 68 72 89 2.000000 21.000000
561838.02999878 5117386.23999023 2194.18994141 62 68 84 2.000000 21.000000
561851.33999634 5117384.90991211 2179.64990234 76 82 98 2.000000 21.000000
561848.13000488 5117382.86010742 2187.22998047 72 78 92 2.000000 21.000000
561844.57000732 5117383.23999023 2191.92993164 66 73 87 2.000000 21.000000
561801.66999817 5117385.89990234 2212.53002930 90 93 98 2.000000 21.000000
561795.67999268 5117386.18994141 2213.96997070 83 87 98 2.000000 21.000000
561788.75000000 5117386.58007813 2216.60009766 78 82 94 2.000000 21.000000
561782.96000671 5117386.87011719 2218.17993164 71 77 92 2.000000 21.000000
561777.10000610 5117387.12011719 2218.85009766 65 72 90 2.000000 21.000000
561771.41999817 5117387.38989258 2220.06005859 68 72 86 2.000000 21.000000
561767.38000488 5117387.71997070 2223.48999023 71 77 90 2.000000 21.000000
561761.97999573 5117388.00000000 2225.25000000 80 87 98 2.000000 21.000000
561756.86000061 5117388.34008789 2228.10009766 67 73 93 2.000000 21.000000
561751.61999512 5117388.61010742 2229.67993164 136 136 129 2.000000 21.000000
561745.03999329 5117388.83007813 2229.47998047 164 162 148 2.000000 21.000000
561739.75000000 5117389.04003906 2229.89990234 108 108 114 2.000000 21.000000
561734.73001099 5117389.29003906 2231.12011719 65 73 96 2.000000 21.000000
561726.42001343 5117389.82006836 2235.57006836 73 88 102 2.000000 21.000000
561720.51998901 5117390.05004883 2235.98999023 138 138 131 2.000000 21.000000
561712.83999634 5117390.34008789 2236.35009766 82 92 107 2.000000 21.000000
561707.97000122 5117390.68994141 2239.68994141 74 81 96 2.000000 21.000000
561684.48001099 5117392.16992188 2251.75000000 88 98 114 2.000000 21.000000
561666.58999634 5117392.40991211 2244.58007813 230 226 212 2.000000 21.000000
561641.05999756 5117392.50000000 2230.23999023 230 228 213 2.000000 21.000000
561646.20999146 5117392.10009766 2233.13989258 230 228 212 2.000000 21.000000
561656.45999146 5117392.01000977 2239.12988281 230 228 214 2.000000 21.000000
561662.30999756 5117391.91992188 2241.97998047 230 226 212 2.000000 21.000000
561671.32000732 5117391.87011719 2247.72998047 227 226 209 2.000000 21.000000
561677.26000977 5117391.81005859 2251.07006836 226 221 209 2.000000 21.000000
561690.07000732 5117391.18994141 2249.53002930 132 126 127 2.000000 21.000000
561695.27999878 5117390.84008789 2247.02001953 71 74 88 2.000000 21.000000
561699.88000488 5117390.52001953 2244.63989258 68 72 89 2.000000 21.000000
561812.11000061 5117384.05004883 2209.05004883 69 76 86 2.000000 21.000000
561821.77000427 5117383.38989258 2204.15991211 62 67 81 2.000000 21.000000
561826.77000427 5117383.10009766 2202.40991211 67 73 87 2.000000 21.000000
561851.33999634 5117381.05004883 2182.95996094 73 78 92 2.000000 21.000000
561843.47999573 5117379.42993164 2195.04003906 61 68 84 2.000000 21.000000
561838.42999268 5117379.75000000 2197.67993164 62 69 85 2.000000 21.000000
561833.38999939 5117380.05004883 2199.89990234 62 68 84 2.000000 21.000000
561818.66999817 5117380.98999023 2207.38989258 68 75 90 2.000000 21.000000
561807.85000610 5117381.64990234 2212.28002930 83 90 100 2.000000 21.000000
561799.55000305 5117382.12011719 2215.45996094 98 100 106 2.000000 21.000000
561793.60000610 5117382.41992188 2217.00000000 80 84 96 2.000000 21.000000
561786.75000000 5117382.83007813 2219.96997070 91 94 104 2.000000 21.000000
561780.91999817 5117383.09008789 2221.03002930 64 73 89 2.000000 21.000000
561775.11999512 5117383.35009766 2221.90991211 68 76 92 2.000000 21.000000
561765.61000061 5117383.97998047 2227.34008789 66 71 87 2.000000 21.000000
561761.83999634 5117384.35009766 2231.61010742 83 88 98 2.000000 21.000000
561756.36000061 5117384.58007813 2232.25000000 80 76 92 2.000000 21.000000
561749.75999451 5117384.82006836 2232.36010742 177 175 156 2.000000 21.000000
561743.27999878 5117385.06005859 2232.38989258 148 152 147 2.000000 21.000000
561738.20999146 5117385.30004883 2233.53002930 149 145 144 2.000000 21.000000
561733.10998535 5117385.51000977 2234.04003906 74 80 98 2.000000 21.000000
561724.00000000 5117386.08007813 2238.66992188 75 84 109 2.000000 21.000000
561718.16000366 5117386.29003906 2238.72998047 151 147 145 2.000000 21.000000
561711.70001221 5117386.57006836 2239.55004883 79 84 101 2.000000 21.000000
561706.20001221 5117386.97998047 2243.61010742 72 78 95 2.000000 21.000000
561687.35998535 5117388.15991211 2253.16992188 79 89 112 2.000000 21.000000
561682.48001099 5117388.43994141 2255.25000000 125 127 152 2.000000 21.000000
561652.88000488 5117388.54003906 2238.06005859 229 228 213 2.000000 21.000000
561642.80999756 5117388.18994141 2232.54003906 232 230 216 2.000000 21.000000
561648.45999146 5117388.12011719 2235.66992188 230 228 214 2.000000 21.000000
561658.97000122 5117388.01000977 2241.61010742 228 228 212 2.000000 21.000000
561668.29998779 5117387.91992188 2246.88989258 229 228 212 2.000000 21.000000
561673.38000488 5117387.88989258 2250.15991211 228 228 210 2.000000 21.000000
561693.36999512 5117387.04003906 2249.79003906 82 90 102 2.000000 21.000000
561698.86999512 5117386.71997070 2248.04003906 68 74 93 2.000000 21.000000
561769.25999451 5117382.55004883 2224.15991211 66 72 87 2.000000 21.000000
561824.19000244 5117379.33007813 2205.80004883 68 72 83 2.000000 21.000000
561846.25999451 5117377.63989258 2191.17993164 60 68 84 2.000000 21.000000
561849.91000366 5117377.28002930 2187.31005859 65 74 91 2.000000 21.000000
561854.49000549 5117374.57006836 2187.04003906 70 76 93 2.000000 21.000000
561830.89999390 5117376.31005859 2203.22998047 60 68 84 2.000000 21.000000
561816.28999329 5117377.22998047 2210.44995117 64 67 79 2.000000 21.000000
561811.44999695 5117377.50000000 2212.28002930 76 82 94 2.000000 21.000000
561805.61000061 5117377.88989258 2215.50000000 73 78 88 2.000000 21.000000
561797.32000732 5117378.34008789 2218.27001953 92 94 100 2.000000 21.000000
561791.52000427 5117378.65991211 2220.41992188 103 106 113 2.000000 21.000000
561784.69999695 5117379.05004883 2223.07006836 88 96 104 2.000000 21.000000
561778.91999817 5117379.32006836 2224.08007813 69 77 90 2.000000 21.000000
561773.19999695 5117379.57006836 2225.05004883 68 76 92 2.000000 21.000000
561760.08999634 5117380.57006836 2234.63989258 64 68 88 2.000000 21.000000
561754.77999878 5117380.82006836 2235.89990234 123 139 133 2.000000 21.000000
561747.00999451 5117381.05004883 2235.03002930 179 177 166 2.000000 21.000000
561741.76000977 5117381.27001953 2235.45996094 71 78 98 2.000000 21.000000
561736.76998901 5117381.51000977 2236.65991211 127 128 133 2.000000 21.000000
561731.70001221 5117381.70996094 2237.06005859 68 80 98 2.000000 21.000000
561721.85998535 5117382.34008789 2242.21997070 100 110 114 2.000000 21.000000
561716.11999512 5117382.55004883 2242.33007813 104 116 118 2.000000 21.000000
561710.67999268 5117382.79003906 2243.16992188 61 66 80 2.000000 21.000000
561704.19000244 5117383.19995117 2246.45996094 73 82 98 2.000000 21.000000
561690.54000854 5117384.04003906 2253.08007813 72 82 100 2.000000 21.000000
561685.92001343 5117384.38989258 2256.67993164 90 108 122 2.000000 21.000000
561679.39001465 5117384.52001953 2254.80004883 226 228 210 2.000000 21.000000
561664.54998779 5117384.57006836 2246.21997070 228 228 214 2.000000 21.000000
561654.89001465 5117384.59008789 2240.56005859 231 230 214 2.000000 21.000000
561644.89999390 5117384.18994141 2234.95996094 232 230 216 2.000000 21.000000
561670.04000854 5117383.92993164 2249.42993164 228 228 212 2.000000 21.000000
561695.97000122 5117382.96997070 2251.50000000 67 74 86 2.000000 21.000000
561726.50000000 5117381.05004883 2239.37011719 66 78 96 2.000000 21.000000
561764.25000000 5117379.02001953 2230.29003906 67 72 89 2.000000 21.000000
561768.27000427 5117378.68994141 2227.26000977 66 72 88 2.000000 21.000000
561821.74000549 5117375.56005859 2209.47998047 71 78 94 2.000000 21.000000
561836.35000610 5117374.50000000 2200.88989258 60 68 82 2.000000 21.000000
561841.36999512 5117374.15991211 2198.37011719 61 66 84 2.000000 21.000000
561846.35000610 5117373.77001953 2194.89990234 65 70 86 2.000000 21.000000
561849.97999573 5117373.39990234 2190.87988281 67 71 88 2.000000 21.000000
561828.82000732 5117372.51000977 2206.09008789 60 66 83 2.000000 21.000000
561814.33000183 5117373.43994141 2213.60009766 79 81 89 2.000000 21.000000
561809.50999451 5117373.70996094 2215.37011719 78 86 98 2.000000 21.000000
561803.63999939 5117374.07006836 2218.10009766 86 89 102 2.000000 21.000000
561795.47999573 5117374.54003906 2221.31005859 96 102 106 2.000000 21.000000
561789.67999268 5117374.84008789 2223.09008789 88 98 103 2.000000 21.000000
561781.82000732 5117375.30004883 2226.36010742 77 84 93 2.000000 21.000000
561776.08000183 5117375.56005859 2227.25000000 67 76 92 2.000000 21.000000
561752.08999634 5117377.03002930 2238.50000000 160 157 146 2.000000 21.000000
561745.47999573 5117377.22998047 2237.92993164 144 146 138 2.000000 21.000000
561740.35998535 5117377.46997070 2238.85009766 67 75 105 2.000000 21.000000
561735.45999146 5117377.72998047 2240.47998047 155 160 157 2.000000 21.000000
561719.51998901 5117378.57006836 2245.54003906 100 106 121 2.000000 21.000000
561714.11999512 5117378.84008789 2247.03002930 77 96 107 2.000000 21.000000
561708.45999146 5117379.03002930 2246.71997070 67 68 78 2.000000 21.000000
561701.95001221 5117379.40991211 2249.58007813 68 78 93 2.000000 21.000000
561682.82000732 5117380.55004883 2258.19995117 227 222 203 2.000000 21.000000
561675.82998657 5117380.57006836 2254.05004883 226 229 213 2.000000 21.000000
561661.26000977 5117380.60009766 2245.36010742 230 230 216 2.000000 21.000000
561651.26000977 5117380.62988281 2239.68994141 234 232 218 2.000000 21.000000
561641.23001099 5117380.65991211 2233.88989258 232 230 216 2.000000 21.000000
561656.01000977 5117380.07006836 2242.46997070 232 228 214 2.000000 21.000000
561665.92001343 5117379.98999023 2248.53002930 230 230 216 2.000000 21.000000
561687.95999146 5117379.58007813 2257.55004883 83 98 114 2.000000 21.000000
561692.91000366 5117379.22998047 2254.85009766 61 73 88 2.000000 21.000000
561698.42999268 5117378.91992188 2253.48999023 58 65 76 2.000000 21.000000
561723.54000854 5117377.30004883 2242.72998047 64 76 99 2.000000 21.000000
561729.17999268 5117376.97998047 2241.13989258 74 82 100 2.000000 21.000000
561757.03999329 5117375.64990234 2237.52001953 67 71 90 2.000000 21.000000
561761.92999268 5117375.25000000 2233.85009766 68 73 88 2.000000 21.000000
561767.05999756 5117374.87988281 2230.87988281 68 72 88 2.000000 21.000000
561824.82000732 5117371.37988281 2209.22998047 64 68 84 2.000000 21.000000
561833.30999756 5117370.75000000 2204.11010742 61 67 84 2.000000 21.000000
561844.64999390 5117370.03002930 2199.16992188 66 73 89 2.000000 21.000000
561849.72999573 5117369.68994141 2196.60009766 67 72 86 2.000000 21.000000
561853.25999451 5117369.26000977 2191.52001953 68 72 86 2.000000 21.000000
561840.11999512 5117367.84008789 2202.29003906 71 79 93 2.000000 21.000000
561820.52000427 5117369.11010742 2212.45996094 66 72 86 2.000000 21.000000
561812.22999573 5117369.64990234 2216.88989258 85 92 105 2.000000 21.000000
561807.44000244 5117369.90991211 2218.56005859 80 84 97 2.000000 21.000000
561801.58000183 5117370.26000977 2221.01000977 75 80 95 2.000000 21.000000
561793.49000549 5117370.72998047 2224.27001953 95 101 104 2.000000 21.000000
561787.72999573 5117371.03002930 2226.11010742 80 90 95 2.000000 21.000000
561779.88999939 5117371.47998047 2229.12988281 75 82 94 2.000000 21.000000
561774.22000122 5117371.75000000 2230.31005859 68 76 91 2.000000 21.000000
561753.66999817 5117373.08007813 2241.32006836 101 109 121 2.000000 21.000000
561748.28999329 5117373.28002930 2241.46997070 193 186 162 2.000000 21.000000
561742.91000366 5117373.45996094 2241.20996094 148 149 149 2.000000 21.000000
561737.92001343 5117373.69995117 2242.37988281 69 88 108 2.000000 21.000000
561732.89001465 5117373.90991211 2242.97998047 76 91 112 2.000000 21.000000
561717.48001099 5117374.79003906 2248.97998047 70 78 98 2.000000 21.000000
561713.47000122 5117375.09008789 2251.95996094 104 108 110 2.000000 21.000000
561708.57000732 5117375.18994141 2250.59008789 172 167 156 2.000000 21.000000
561686.04000854 5117376.57006836 2261.42993164 91 114 125 2.000000 21.000000
561679.01998901 5117376.61010742 2257.62011719 230 228 212 2.000000 21.000000
561672.07998657 5117376.61010742 2253.13989258 230 230 217 2.000000 21.000000
561647.69000244 5117376.66992188 2238.87988281 232 230 216 2.000000 21.000000
561642.60000610 5117376.21997070 2235.89990234 231 230 216 2.000000 21.000000
561652.88000488 5117376.12988281 2242.05004883 232 230 216 2.000000 21.000000
561658.48999023 5117376.07006836 2245.19995117 230 229 215 2.000000 21.000000
561662.94000244 5117376.02001953 2247.73999023 230 230 216 2.000000 21.000000
561691.04000854 5117375.44995117 2258.52001953 74 88 104 2.000000 21.000000
561696.20001221 5117375.11010742 2256.23999023 81 90 101 2.000000 21.000000
561701.22000122 5117374.67993164 2252.37988281 78 88 106 2.000000 21.000000
561721.94000244 5117373.47998047 2245.96997070 70 76 95 2.000000 21.000000
561727.48999023 5117373.14990234 2244.19995117 74 82 101 2.000000 21.000000
561760.27000427 5117371.50000000 2238.27001953 64 72 86 2.000000 21.000000
561765.16000366 5117371.08007813 2234.29003906 67 73 89 2.000000 21.000000
561828.33999634 5117367.11010742 2208.48999023 63 68 83 2.000000 21.000000
561853.00000000 5117362.95996094 2195.62988281 68 74 88 2.000000 21.000000
561849.41999817 5117363.34008789 2200.21997070 71 76 90 2.000000 21.000000
561844.33999634 5117363.66992188 2202.80004883 75 80 94 2.000000 21.000000
561837.97999573 5117364.04003906 2205.27001953 66 71 87 2.000000 21.000000
561832.99000549 5117364.34008789 2207.57006836 62 70 90 2.000000 21.000000
561824.41999817 5117364.89990234 2212.01000977 80 86 94 2.000000 21.000000
561818.41000366 5117365.28002930 2215.09008789 67 72 86 2.000000 21.000000
561805.47000122 5117366.11010742 2221.62988281 83 88 100 2.000000 21.000000
561799.66000366 5117366.44995117 2224.01000977 68 76 88 2.000000 21.000000
561791.63000488 5117366.90991211 2227.14990234 92 96 102 2.000000 21.000000
561785.97999573 5117367.21997070 2229.20996094 89 95 104 2.000000 21.000000
561777.07000732 5117367.69995117 2232.12988281 80 88 99 2.000000 21.000000
561771.52000427 5117367.96997070 2233.40991211 66 73 88 2.000000 21.000000
561751.41000366 5117369.30004883 2244.63989258 67 76 87 2.000000 21.000000
561745.96000671 5117369.46997070 2244.06005859 175 170 162 2.000000 21.000000
561740.76998901 5117369.66992188 2244.38989258 161 161 147 2.000000 21.000000
561735.92999268 5117369.91992188 2245.87988281 55 80 97 2.000000 21.000000
561730.92999268 5117370.12011719 2246.23999023 129 127 133 2.000000 21.000000
561710.58999634 5117371.25000000 2253.79003906 126 134 142 2.000000 21.000000
561705.07000732 5117371.40991211 2253.26000977 122 122 124 2.000000 21.000000
561689.76000977 5117372.43994141 2262.33007813 84 96 116 2.000000 21.000000
561682.48999023 5117372.61010742 2260.82006836 233 232 213 2.000000 21.000000
561675.60000610 5117372.62988281 2256.77001953 230 230 218 2.000000 21.000000
561668.97000122 5117372.63989258 2252.68994141 233 233 219 2.000000 21.000000
561644.60000610 5117372.20996094 2238.34008789 230 230 216 2.000000 21.000000
561648.98001099 5117372.16992188 2240.94995117 230 228 216 2.000000 21.000000
561655.04000854 5117372.11010742 2244.48999023 229 228 214 2.000000 21.000000
561699.29998779 5117370.87011719 2255.31005859 73 83 101 2.000000 21.000000
561715.76998901 5117370.06005859 2252.98999023 64 70 83 2.000000 21.000000
561719.79998779 5117369.72998047 2249.91992188 66 72 89 2.000000 21.000000
561725.10998535 5117369.37988281 2247.65991211 74 82 101 2.000000 21.000000
561756.16999817 5117367.83007813 2242.28002930 69 71 98 2.000000 21.000000
561763.19000244 5117367.33007813 2238.50000000 67 74 88 2.000000 21.000000
561810.16999817 5117364.41992188 2220.03002930 68 73 86 2.000000 21.000000
561847.52000427 5117359.52001953 2203.30004883 70 76 90 2.000000 21.000000
561842.49000549 5117359.84008789 2205.85009766 71 76 93 2.000000 21.000000
561836.17999268 5117360.19995117 2208.23999023 79 84 98 2.000000 21.000000
561831.25999451 5117360.52001953 2210.67993164 108 104 110 2.000000 21.000000
561821.52000427 5117361.12011719 2215.15991211 72 78 92 2.000000 21.000000
561815.58000183 5117361.50000000 2218.17993164 64 72 87 2.000000 21.000000
561802.78999329 5117362.33007813 2224.89990234 78 82 98 2.000000 21.000000
561797.03999329 5117362.66992188 2227.37011719 68 76 92 2.000000 21.000000
561790.19999695 5117363.06005859 2230.01000977 102 104 112 2.000000 21.000000
561784.57000732 5117363.37988281 2232.12011719 94 98 107 2.000000 21.000000
561774.52000427 5117363.89990234 2235.09008789 70 76 90 2.000000 21.000000
561769.07000732 5117364.18994141 2236.77001953 67 73 90 2.000000 21.000000
561761.07000732 5117364.77001953 2242.25000000 88 92 108 2.000000 21.000000
561750.17999268 5117365.47998047 2247.98999023 66 78 115 2.000000 21.000000
561744.66999817 5117365.62011719 2247.00000000 163 160 152 2.000000 21.000000
561739.55999756 5117365.83007813 2247.47998047 147 146 138 2.000000 21.000000
561733.77999878 5117366.12988281 2249.16992188 146 155 159 2.000000 21.000000
561713.32998657 5117367.26000977 2256.72998047 57 72 88 2.000000 21.000000
561708.20001221 5117367.51000977 2257.89990234 179 167 145 2.000000 21.000000
561703.42001343 5117367.59008789 2256.23999023 152 150 141 2.000000 21.000000
561696.32000732 5117367.94995117 2258.40991211 101 114 127 2.000000 21.000000
561687.64999390 5117368.61010742 2265.02001953 132 142 148 2.000000 21.000000
561678.85998535 5117368.63989258 2259.91992188 232 230 217 2.000000 21.000000
561672.10000610 5117368.64990234 2255.79003906 229 228 216 2.000000 21.000000
561665.67001343 5117368.65991211 2251.87988281 231 230 216 2.000000 21.000000
561661.07000732 5117368.65991211 2249.11010742 232 230 216 2.000000 21.000000
561641.04000854 5117368.25000000 2237.44995117 231 230 215 2.000000 21.000000
561651.47000122 5117368.13989258 2243.41992188 228 228 214 2.000000 21.000000
561691.89999390 5117367.47998047 2262.05004883 80 94 112 2.000000 21.000000
561722.14001465 5117365.69995117 2252.42993164 71 79 91 2.000000 21.000000
561727.76998901 5117365.41992188 2251.47998047 92 104 122 2.000000 21.000000
561754.44999695 5117363.97998047 2245.18994141 72 78 94 2.000000 21.000000
561779.58000183 5117362.37988281 2234.61010742 99 105 116 2.000000 21.000000
561807.91000366 5117360.59008789 2222.93994141 80 82 96 2.000000 21.000000
561826.92999268 5117359.31005859 2213.72998047 135 129 132 2.000000 21.000000
561851.66999817 5117357.53002930 2199.44995117 70 74 87 2.000000 21.000000
561851.19000244 5117354.80004883 2193.70996094 68 70 84 2.000000 21.000000
561839.57000732 5117356.07006836 2209.19995117 70 76 90 2.000000 21.000000
561834.58999634 5117356.37988281 2211.52001953 67 75 85 2.000000 21.000000
561818.71000671 5117357.33007813 2218.32006836 88 90 103 2.000000 21.000000
561812.77000427 5117357.68994141 2221.09008789 135 128 118 2.000000 21.000000
561800.11000061 5117358.53002930 2228.04003906 161 155 143 2.000000 21.000000
561794.44999695 5117358.87988281 2230.70996094 110 109 113 2.000000 21.000000
561788.80000305 5117359.20996094 2232.93994141 107 110 119 2.000000 21.000000
561773.25999451 5117360.05004883 2238.11010742 72 80 96 2.000000 21.000000
561767.86000061 5117360.33007813 2239.77001953 66 72 90 2.000000 21.000000
561758.83999634 5117360.95996094 2245.29003906 74 80 92 2.000000 21.000000
561748.08000183 5117361.64990234 2250.85009766 99 98 123 2.000000 21.000000
561742.67001343 5117361.80004883 2250.06005859 157 159 149 2.000000 21.000000
561737.64999390 5117362.01000977 2250.64990234 114 119 128 2.000000 21.000000
561732.07000732 5117362.33007813 2252.91992188 90 98 118 2.000000 21.000000
561719.07000732 5117362.92993164 2255.46997070 160 156 153 2.000000 21.000000
561710.76998901 5117363.43994141 2259.38989258 72 71 79 2.000000 21.000000
561705.72000122 5117363.66992188 2260.46997070 180 184 169 2.000000 21.000000
561700.36999512 5117363.82006836 2259.66992188 78 88 104 2.000000 21.000000
561683.98001099 5117364.62988281 2264.27001953 230 230 214 2.000000 21.000000
561675.35998535 5117364.64990234 2259.16992188 233 232 220 2.000000 21.000000
561668.79000854 5117364.65991211 2255.13989258 232 230 218 2.000000 21.000000
561657.39001465 5117364.65991211 2248.16992188 228 228 214 2.000000 21.000000
561647.97000122 5117364.66992188 2242.54003906 228 228 212 2.000000 21.000000
561643.57000732 5117364.18994141 2239.82006836 228 228 212 2.000000 21.000000
561662.33999634 5117364.04003906 2251.34008789 231 230 216 2.000000 21.000000
561688.14001465 5117363.83007813 2266.93994141 99 108 133 2.000000 21.000000
561694.79998779 5117363.28002930 2262.02001953 78 90 106 2.000000 21.000000
561724.47000122 5117361.67993164 2255.25000000 75 75 96 2.000000 21.000000
561752.66000366 5117360.13989258 2248.23999023 72 76 95 2.000000 21.000000
561763.66999817 5117359.38989258 2242.87988281 72 74 90 2.000000 21.000000
561783.00999451 5117358.20996094 2235.71997070 110 112 114 2.000000 21.000000
561805.60000610 5117356.73999023 2225.80004883 73 81 91 2.000000 21.000000
561823.32000732 5117355.55004883 2217.12011719 62 66 78 2.000000 21.000000
561842.74000549 5117354.08007813 2204.84008789 71 76 90 2.000000 21.000000
561846.19000244 5117353.66992188 2199.85009766 66 69 84 2.000000 21.000000
561848.58999634 5117350.71997070 2191.69995117 66 70 84 2.000000 21.000000
561844.94000244 5117351.05004883 2195.33007813 66 70 84 2.000000 21.000000
561838.85000610 5117351.56005859 2200.51000977 70 74 87 2.000000 21.000000
561835.35000610 5117351.89990234 2204.37011719 69 73 84 2.000000 21.000000
561833.27000427 5117352.21997070 2208.92993164 66 72 82 2.000000 21.000000
561830.00000000 5117352.62988281 2214.17993164 66 70 81 2.000000 21.000000
561816.83000183 5117353.48999023 2221.09008789 185 176 152 2.000000 21.000000
561810.91999817 5117353.85009766 2223.81005859 82 79 95 2.000000 21.000000
561798.41000366 5117354.67993164 2230.78002930 75 92 103 2.000000 21.000000
561792.80000305 5117355.03002930 2233.57006836 112 124 126 2.000000 21.000000
561787.19999695 5117355.36010742 2235.79003906 190 180 173 2.000000 21.000000
561779.44999695 5117355.79003906 2238.55004883 84 90 102 2.000000 21.000000
561771.83999634 5117356.19995117 2241.17993164 70 77 94 2.000000 21.000000
561745.61000061 5117357.79003906 2253.02001953 226 222 207 2.000000 21.000000
561740.45001221 5117357.97998047 2253.25000000 142 158 150 2.000000 21.000000
561735.51000977 5117358.19995117 2254.09008789 112 122 139 2.000000 21.000000
561731.01998901 5117358.50000000 2256.53002930 188 194 191 2.000000 21.000000
561721.85000610 5117358.95996094 2259.02001953 148 147 138 2.000000 21.000000
561716.07000732 5117359.12011719 2258.36010742 116 112 115 2.000000 21.000000
561702.69000244 5117359.80004883 2262.09008789 154 154 148 2.000000 21.000000
561692.95001221 5117360.34008789 2265.92993164 87 102 118 2.000000 21.000000
561680.22000122 5117360.64990234 2263.54003906 234 229 217 2.000000 21.000000
561671.83999634 5117360.64990234 2258.35009766 231 230 218 2.000000 21.000000
561665.45001221 5117360.63989258 2254.25000000 232 230 217 2.000000 21.000000
561653.86999512 5117360.64990234 2247.29003906 228 228 214 2.000000 21.000000
561645.44000244 5117360.17993164 2242.37011719 230 228 214 2.000000 21.000000
561658.64999390 5117360.07006836 2250.43994141 228 228 214 2.000000 21.000000
561684.60998535 5117359.87011719 2266.32006836 229 227 214 2.000000 21.000000
561697.30999756 5117359.18994141 2263.59008789 74 80 100 2.000000 21.000000
561708.01000977 5117358.65991211 2261.89990234 70 74 94 2.000000 21.000000
561750.75999451 5117356.34008789 2251.66992188 230 222 211 2.000000 21.000000
561755.63999939 5117356.00000000 2249.07006836 82 90 99 2.000000 21.000000
561760.71000671 5117355.66992188 2246.92993164 137 132 129 2.000000 21.000000
561766.83999634 5117355.25000000 2243.85009766 67 75 90 2.000000 21.000000
561803.35000610 5117352.92993164 2228.73999023 230 226 204 2.000000 21.000000
561833.89999390 5117350.04003906 2199.01000977 70 72 84 2.000000 21.000000
561838.80999756 5117349.65991211 2195.60009766 72 76 89 2.000000 21.000000
561847.16000366 5117346.53002930 2188.63989258 64 68 82 2.000000 21.000000
561842.02000427 5117346.84008789 2190.87988281 66 71 84 2.000000 21.000000
561834.44000244 5117347.31005859 2194.43994141 70 74 86 2.000000 21.000000
561830.50000000 5117348.06005859 2205.46997070 71 72 85 2.000000 21.000000
561827.22999573 5117348.44995117 2210.45996094 70 69 84 2.000000 21.000000
561825.42999268 5117348.86010742 2216.62988281 69 67 84 2.000000 21.000000
561820.66000366 5117349.16992188 2219.19995117 76 81 98 2.000000 21.000000
561813.63000488 5117349.64990234 2223.27001953 64 76 90 2.000000 21.000000
561807.85000610 5117350.03002930 2226.55004883 207 201 179 2.000000 21.000000
561791.11000061 5117351.17993164 2236.44995117 82 92 96 2.000000 21.000000
561785.55999756 5117351.50000000 2238.78002930 68 76 90 2.000000 21.000000
561777.85000610 5117351.91992188 2241.43994141 78 82 92 2.000000 21.000000
561743.39999390 5117353.94995117 2256.05004883 135 150 153 2.000000 21.000000
561738.36999512 5117354.14990234 2256.42993164 106 123 133 2.000000 21.000000
561729.17001343 5117354.65991211 2259.82006836 146 152 150 2.000000 21.000000
561724.98999023 5117354.95996094 2262.66992188 86 92 102 2.000000 21.000000
561720.07000732 5117355.08007813 2261.76000977 111 114 105 2.000000 21.000000
561714.48999023 5117355.27001953 2261.56005859 111 108 111 2.000000 21.000000
561704.70999146 5117355.80004883 2265.10009766 139 135 130 2.000000 21.000000
561693.30999756 5117356.41992188 2269.12011719 97 103 120 2.000000 21.000000
561688.01998901 5117356.62988281 2269.70996094 204 202 194 2.000000 21.000000
561676.57000732 5117356.62988281 2262.53002930 232 230 217 2.000000 21.000000
561668.32000732 5117356.62988281 2257.37011719 230 230 217 2.000000 21.000000
561662.17999268 5117356.63989258 2253.72998047 231 231 217 2.000000 21.000000
561650.89999390 5117356.63989258 2246.83007813 229 228 213 2.000000 21.000000
561641.79000854 5117356.62988281 2241.21997070 232 230 216 2.000000 21.000000
561655.50000000 5117356.08007813 2249.67993164 228 230 214 2.000000 21.000000
561681.32000732 5117355.89990234 2265.73999023 234 231 216 2.000000 21.000000
561699.29000854 5117355.16992188 2266.08007813 148 144 143 2.000000 21.000000
561744.99000549 5117352.46997070 2251.37988281 129 141 147 2.000000 21.000000
561749.05000305 5117352.56005859 2255.82006836 232 228 209 2.000000 21.000000
561753.82000732 5117352.20996094 2253.11010742 232 225 204 2.000000 21.000000
561758.64999390 5117351.85009766 2250.10009766 204 204 188 2.000000 21.000000
561763.85000610 5117351.55004883 2248.53002930 182 186 180 2.000000 21.000000
561770.00000000 5117351.12011719 2245.41992188 81 83 89 2.000000 21.000000
561794.78999329 5117349.42993164 2233.09008789 200 186 161 2.000000 21.000000
561799.25000000 5117349.10009766 2230.50000000 74 72 100 2.000000 21.000000
561843.27999878 5117342.30004883 2183.48999023 66 70 84 2.000000 21.000000
561838.08999634 5117342.59008789 2185.37988281 69 74 87 2.000000 21.000000
561834.69000244 5117343.01000977 2190.71997070 70 74 88 2.000000 21.000000
561831.33000183 5117343.42993164 2196.04003906 72 75 89 2.000000 21.000000
561824.24000549 5117344.59008789 2212.42993164 74 78 96 2.000000 21.000000
561819.32000732 5117344.86010742 2214.07006836 77 77 70 2.000000 21.000000
561814.72999573 5117345.22998047 2217.87988281 74 74 109 2.000000 21.000000
561810.32000732 5117345.63989258 2222.36010742 234 222 196 2.000000 21.000000
561805.58999634 5117345.90991211 2224.13989258 81 81 73 2.000000 21.000000
561789.97999573 5117346.98999023 2233.62988281 66 70 84 2.000000 21.000000
561783.00999451 5117347.66992188 2241.52001953 68 70 84 2.000000 21.000000
561776.55999756 5117348.07006836 2244.50000000 78 74 78 2.000000 21.000000
561753.77999878 5117349.07006836 2247.86010742 240 237 221 2.000000 21.000000
561748.94000244 5117349.37988281 2250.44995117 237 235 225 2.000000 21.000000
561745.69999695 5117349.18994141 2244.88989258 191 191 186 2.000000 21.000000
561740.26998901 5117349.61010742 2249.10009766 89 97 120 2.000000 21.000000
561735.73999023 5117349.92993164 2251.85009766 207 215 208 2.000000 21.000000
561730.08999634 5117350.21997070 2253.59008789 94 103 115 2.000000 21.000000
561726.25000000 5117350.62011719 2258.37011719 90 98 114 2.000000 21.000000
561711.42001343 5117351.37988281 2262.83007813 63 69 86 2.000000 21.000000
561707.13000488 5117351.76000977 2267.01000977 62 68 83 2.000000 21.000000
561702.50000000 5117352.03002930 2268.93994141 81 89 95 2.000000 21.000000
561692.04998779 5117352.58007813 2272.34008789 95 109 123 2.000000 21.000000
561684.32000732 5117352.63989258 2268.73999023 231 230 214 2.000000 21.000000
561673.39999390 5117352.65991211 2262.12011719 231 230 217 2.000000 21.000000
561664.73999023 5117352.64990234 2256.62988281 232 230 218 2.000000 21.000000
561658.88000488 5117352.63989258 2252.92993164 232 230 218 2.000000 21.000000
561647.70999146 5117352.62988281 2245.98999023 232 230 216 2.000000 21.000000
561643.20001221 5117352.19995117 2243.30004883 232 230 216 2.000000 21.000000
561652.30999756 5117352.12988281 2249.06005859 231 230 216 2.000000 21.000000
561668.94000244 5117352.01000977 2259.45996094 230 228 215 2.000000 21.000000
561677.95999146 5117351.94995117 2265.09008789 230 228 214 2.000000 21.000000
561696.58999634 5117351.41992188 2269.43994141 94 97 116 2.000000 21.000000
561715.97000122 5117350.08007813 2259.83007813 60 66 85 2.000000 21.000000
561721.20999146 5117349.78002930 2258.22998047 69 76 96 2.000000 21.000000
561758.58000183 5117347.58007813 2246.23999023 218 215 193 2.000000 21.000000
561766.97000122 5117347.42993164 2249.70996094 195 166 138 2.000000 21.000000
561787.94000244 5117345.94995117 2238.38989258 64 68 83 2.000000 21.000000
561793.63000488 5117345.19995117 2229.20996094 68 78 87 2.000000 21.000000
561800.47000122 5117344.77001953 2226.36010742 132 140 134 2.000000 21.000000
561806.58999634 5117344.03002930 2217.58007813 127 125 115 2.000000 21.000000
561828.24000549 5117342.62988281 2208.23999023 78 77 92 2.000000 21.000000
561841.85000610 5117340.36010742 2177.45996094 66 70 83 2.000000 21.000000
561837.94000244 5117338.27001953 2180.95996094 67 70 86 2.000000 21.000000
561834.52000427 5117338.68994141 2186.31005859 68 72 88 2.000000 21.000000
561831.19999695 5117339.12988281 2192.04003906 72 74 90 2.000000 21.000000
561822.52999878 5117340.23999023 2206.47998047 119 131 125 2.000000 21.000000
561817.44000244 5117340.44995117 2206.89990234 72 74 88 2.000000 21.000000
561814.42999268 5117340.88989258 2213.06005859 75 89 95 2.000000 21.000000
561809.27999878 5117341.04003906 2212.38989258 209 203 191 2.000000 21.000000
561803.27999878 5117341.36010742 2214.25000000 114 117 114 2.000000 21.000000
561801.58999634 5117341.71997070 2219.62011719 211 206 175 2.000000 21.000000
561796.25000000 5117342.19995117 2224.87011719 71 83 98 2.000000 21.000000
561787.49000549 5117342.82006836 2230.44995117 64 70 81 2.000000 21.000000
561781.63999939 5117343.82006836 2244.70996094 64 68 80 2.000000 21.000000
561775.22999573 5117344.19995117 2247.46997070 74 76 85 2.000000 21.000000
561762.64999390 5117344.58007813 2246.26000977 206 199 176 2.000000 21.000000
561757.47999573 5117344.54003906 2242.21997070 218 220 200 2.000000 21.000000
561750.05000305 5117344.85009766 2243.10009766 231 230 211 2.000000 21.000000
561745.36999512 5117344.90991211 2241.13989258 178 174 174 2.000000 21.000000
561740.41000366 5117345.16992188 2242.68994141 77 94 114 2.000000 21.000000
561737.38000488 5117345.57006836 2248.04003906 234 244 222 2.000000 21.000000
561731.91000366 5117345.66992188 2246.27001953 84 86 104 2.000000 21.000000
561726.67999268 5117346.29003906 2254.15991211 91 98 114 2.000000 21.000000
561720.82000732 5117346.47998047 2253.94995117 58 68 86 2.000000 21.000000
561708.51998901 5117347.47998047 2264.20996094 67 74 88 2.000000 21.000000
561694.82000732 5117348.44995117 2273.22998047 97 112 126 2.000000 21.000000
561688.44000244 5117348.63989258 2272.58007813 231 231 214 2.000000 21.000000
561681.35998535 5117348.63989258 2268.23999023 230 229 214 2.000000 21.000000
561661.19000244 5117348.63989258 2255.55004883 232 230 218 2.000000 21.000000
561655.48001099 5117348.62988281 2251.95996094 232 232 218 2.000000 21.000000
561645.20999146 5117348.20996094 2245.70996094 232 230 218 2.000000 21.000000
561665.57000732 5117348.08007813 2258.61010742 233 231 218 2.000000 21.000000
561671.04998779 5117348.05004883 2262.13989258 234 232 218 2.000000 21.000000
561699.23999023 5117347.36010742 2270.68994141 94 104 108 2.000000 21.000000
561703.41000366 5117347.00000000 2267.27001953 73 81 98 2.000000 21.000000
561712.38000488 5117346.27001953 2260.87011719 70 76 92 2.000000 21.000000
561716.04998779 5117345.88989258 2256.91992188 91 98 99 2.000000 21.000000
561770.16000366 5117343.21997070 2248.62011719 58 78 97 2.000000 21.000000
561781.63000488 5117341.60009766 2228.14990234 64 68 80 2.000000 21.000000
561828.52999878 5117338.03002930 2198.31005859 80 82 99 2.000000 21.000000
561837.67999268 5117333.83007813 2174.12011719 68 72 88 2.000000 21.000000
561834.50999451 5117334.37011719 2181.84008789 74 78 94 2.000000 21.000000
561831.11999512 5117334.80004883 2187.30004883 76 79 97 2.000000 21.000000
561824.97999573 5117335.83007813 2201.80004883 105 119 122 2.000000 21.000000
561819.71000671 5117335.98999023 2201.36010742 68 82 92 2.000000 21.000000
561814.27999878 5117336.61010742 2208.91992188 222 222 212 2.000000 21.000000
561808.80999756 5117336.65991211 2206.34008789 123 123 100 2.000000 21.000000
561804.16999817 5117336.98999023 2209.31005859 214 204 179 2.000000 21.000000
561798.97000122 5117337.12011719 2208.15991211 94 96 84 2.000000 21.000000
561794.47999573 5117337.45996094 2211.36010742 70 76 84 2.000000 21.000000
561792.88000488 5117337.82006836 2216.91992188 67 73 84 2.000000 21.000000
561786.47999573 5117337.94995117 2215.04003906 63 69 82 2.000000 21.000000
561780.57000732 5117338.19995117 2215.76000977 68 72 82 2.000000 21.000000
561777.80999756 5117338.57006836 2220.66992188 65 70 84 2.000000 21.000000
561775.50000000 5117339.41992188 2234.48999023 66 70 87 2.000000 21.000000
561775.52999878 5117339.80004883 2241.25000000 66 70 87 2.000000 21.000000
561770.19000244 5117340.10009766 2243.37011719 76 72 87 2.000000 21.000000
561755.91999817 5117340.35009766 2238.59008789 222 218 195 2.000000 21.000000
561748.69000244 5117340.70996094 2240.46997070 215 212 195 2.000000 21.000000
561744.75999451 5117340.65991211 2236.90991211 78 90 109 2.000000 21.000000
561740.01000977 5117340.96997070 2239.58007813 151 154 155 2.000000 21.000000
561736.69000244 5117341.31005859 2243.58007813 72 86 104 2.000000 21.000000
561728.77999878 5117341.89990234 2249.16992188 193 196 181 2.000000 21.000000
561724.41000366 5117342.19995117 2251.64990234 84 94 115 2.000000 21.000000
561719.25000000 5117342.30004883 2250.16992188 62 69 87 2.000000 21.000000
561692.55999756 5117344.65991211 2275.96997070 90 101 112 2.000000 21.000000
561684.61999512 5117344.68994141 2271.62011719 230 230 213 2.000000 21.000000
561677.79998779 5117344.70996094 2267.57006836 229 228 214 2.000000 21.000000
561657.63000488 5117344.68994141 2254.65991211 232 232 219 2.000000 21.000000
561652.20999146 5117344.67993164 2251.19995117 232 232 218 2.000000 21.000000
561647.76998901 5117344.66992188 2248.32006836 232 232 218 2.000000 21.000000
561641.45001221 5117344.65991211 2244.29003906 232 232 220 2.000000 21.000000
561667.92999268 5117344.12011719 2261.37988281 232 232 219 2.000000 21.000000
561705.54000854 5117342.80004883 2265.58007813 140 148 142 2.000000 21.000000
561715.29998779 5117341.70996094 2253.48999023 89 96 112 2.000000 21.000000
561731.79000854 5117340.53002930 2244.37988281 99 101 108 2.000000 21.000000
561760.00999451 5117339.28002930 2242.55004883 226 219 196 2.000000 21.000000
561774.02999878 5117337.79003906 2226.29003906 64 68 85 2.000000 21.000000
561783.22000122 5117336.54003906 2210.56005859 63 69 80 2.000000 21.000000
561836.36999512 5117329.58007813 2169.78002930 68 70 88 2.000000 21.000000
561833.14999390 5117330.09008789 2176.87988281 72 75 93 2.000000 21.000000
561831.13999939 5117330.48999023 2182.62988281 72 76 94 2.000000 21.000000
561828.03999329 5117331.01000977 2190.04003906 79 83 101 2.000000 21.000000
561824.64999390 5117331.37988281 2194.47998047 193 174 156 2.000000 21.000000
561819.57000732 5117331.62988281 2195.60009766 68 72 86 2.000000 21.000000
561816.28999329 5117332.00000000 2200.22998047 176 186 177 2.000000 21.000000
561811.39999390 5117332.28002930 2202.04003906 206 200 175 2.000000 21.000000
561806.24000549 5117332.43994141 2201.48999023 228 213 187 2.000000 21.000000
561801.22000122 5117332.62988281 2201.71997070 62 75 92 2.000000 21.000000
561795.32000732 5117332.96997070 2204.09008789 67 72 86 2.000000 21.000000
561792.27000427 5117333.32006836 2208.38989258 65 67 79 2.000000 21.000000
561790.08000183 5117333.06005859 2202.21997070 66 68 81 2.000000 21.000000
561784.91000366 5117333.15991211 2200.70996094 56 62 75 2.000000 21.000000
561778.44999695 5117334.07006836 2212.89990234 65 71 82 2.000000 21.000000
561774.33000183 5117334.41992188 2216.57006836 62 66 82 2.000000 21.000000
561771.92999268 5117335.59008789 2236.05004883 66 69 84 2.000000 21.000000
561766.32000732 5117336.15991211 2242.54003906 70 83 94 2.000000 21.000000
561754.88999939 5117336.14990234 2234.91992188 210 211 189 2.000000 21.000000
561749.47000122 5117336.35009766 2235.11010742 194 192 183 2.000000 21.000000
561744.74000549 5117336.39990234 2232.95996094 75 85 98 2.000000 21.000000
561740.11999512 5117336.76000977 2236.39990234 171 165 156 2.000000 21.000000
561735.33999634 5117337.04003906 2238.39990234 76 82 100 2.000000 21.000000
561727.92001343 5117337.75000000 2246.29003906 95 106 114 2.000000 21.000000
561721.89001465 5117337.92993164 2245.59008789 64 70 83 2.000000 21.000000
561716.10000610 5117338.35009766 2249.48999023 76 84 100 2.000000 21.000000
561712.07998657 5117338.86010742 2256.06005859 81 84 95 2.000000 21.000000
561701.67999268 5117339.85009766 2267.29003906 68 84 105 2.000000 21.000000
561697.66000366 5117340.18994141 2270.96997070 92 105 126 2.000000 21.000000
561689.42001343 5117340.71997070 2275.34008789 150 158 156 2.000000 21.000000
561680.95001221 5117340.77001953 2270.86010742 232 230 215 2.000000 21.000000
561674.25000000 5117340.77001953 2266.53002930 230 230 218 2.000000 21.000000
561664.04998779 5117340.75000000 2259.85009766 236 235 222 2.000000 21.000000
561644.33999634 5117340.73999023 2247.30004883 232 232 220 2.000000 21.000000
561649.73001099 5117340.33007813 2250.71997070 232 232 218 2.000000 21.000000
561654.23999023 5117340.30004883 2253.58007813 232 232 218 2.000000 21.000000
561659.04998779 5117340.27001953 2256.66992188 234 233 220 2.000000 21.000000
561707.64999390 5117338.59008789 2262.79003906 142 140 140 2.000000 21.000000
561758.13000488 5117335.15991211 2238.72998047 219 222 208 2.000000 21.000000
561771.36000061 5117334.16992188 2230.68994141 66 70 86 2.000000 21.000000
561771.35000610 5117333.80004883 2224.12011719 66 70 86 2.000000 21.000000
561780.36000061 5117332.50000000 2207.40991211 64 68 82 2.000000 21.000000
561799.67999268 5117331.10009766 2196.45996094 66 72 86 2.000000 21.000000
561808.67999268 5117330.77001953 2197.02001953 201 198 169 2.000000 21.000000
561832.32000732 5117325.47998047 2165.69995117 65 68 88 2.000000 21.000000
561830.44000244 5117325.93994141 2172.76000977 72 76 94 2.000000 21.000000
561828.72000122 5117326.44995117 2180.80004883 70 74 90 2.000000 21.000000
561824.67999268 5117327.15991211 2190.91992188 107 109 113 2.000000 21.000000
561819.36999512 5117327.33007813 2190.51000977 69 74 92 2.000000 21.000000
561812.72000122 5117328.04003906 2198.92993164 209 202 177 2.000000 21.000000
561804.35000610 5117328.08007813 2194.07006836 67 75 93 2.000000 21.000000
561794.88000488 5117328.65991211 2198.43994141 66 72 83 2.000000 21.000000
561788.52999878 5117328.85009766 2197.65991211 63 68 81 2.000000 21.000000
561781.49000549 5117329.22998047 2199.83007813 70 72 90 2.000000 21.000000
561775.41000366 5117330.23999023 2213.97998047 64 74 89 2.000000 21.000000
561767.11000061 5117331.60009766 2232.97998047 70 80 94 2.000000 21.000000
561762.22999573 5117331.66992188 2231.07006836 68 82 92 2.000000 21.000000
561753.22000122 5117331.97998047 2230.76000977 101 112 113 2.000000 21.000000
561747.36999512 5117332.09008789 2228.85009766 74 82 102 2.000000 21.000000
561741.48999023 5117332.45996094 2231.76000977 74 80 101 2.000000 21.000000
561736.91000366 5117332.82006836 2235.13989258 72 81 96 2.000000 21.000000
561732.14999390 5117333.10009766 2237.12011719 76 85 98 2.000000 21.000000
561729.29998779 5117333.51000977 2242.75000000 76 88 106 2.000000 21.000000
561724.10000610 5117333.64990234 2241.72998047 58 64 77 2.000000 21.000000
561718.54000854 5117334.14990234 2247.17993164 78 84 100 2.000000 21.000000
561712.57998657 5117334.51000977 2249.89990234 64 67 84 2.000000 21.000000
561709.02999878 5117334.87988281 2254.12988281 74 80 99 2.000000 21.000000
561704.54998779 5117335.22998047 2257.60009766 68 80 92 2.000000 21.000000
561703.69000244 5117335.65991211 2264.77001953 72 83 95 2.000000 21.000000
561694.23001099 5117336.43994141 2272.82006836 98 112 130 2.000000 21.000000
561685.66000366 5117336.86010742 2274.89990234 228 226 211 2.000000 21.000000
561677.20999146 5117336.87011719 2269.81005859 232 231 216 2.000000 21.000000
561670.64999390 5117336.86010742 2265.36010742 231 230 218 2.000000 21.000000
561666.00000000 5117336.86010742 2262.34008789 232 232 220 2.000000 21.000000
561640.94000244 5117336.82006836 2246.10009766 232 232 220 2.000000 21.000000
561646.26998901 5117336.44995117 2249.58007813 232 232 220 2.000000 21.000000
561661.32998657 5117336.36010742 2259.31005859 233 232 220 2.000000 21.000000
561697.94000244 5117335.37011719 2269.08007813 90 100 114 2.000000 21.000000
561771.85000610 5117329.62011719 2221.01000977 226 228 197 2.000000 21.000000
561778.25000000 5117328.73999023 2209.98999023 66 73 89 2.000000 21.000000
561797.75999451 5117327.01000977 2193.22998047 70 74 86 2.000000 21.000000
561809.35000610 5117326.59008789 2194.12011719 116 114 113 2.000000 21.000000
561830.46000671 5117321.34008789 2161.46997070 64 70 85 2.000000 21.000000
561828.27999878 5117321.67993164 2165.98999023 66 74 89 2.000000 21.000000
561826.53999329 5117322.17993164 2173.81005859 64 72 86 2.000000 21.000000
561824.82000732 5117322.65991211 2181.43994141 69 78 90 2.000000 21.000000
561821.61999512 5117323.12011719 2187.43994141 69 70 90 2.000000 21.000000
561815.63000488 5117323.57006836 2191.63989258 176 182 182 2.000000 21.000000
561805.16999817 5117323.89990234 2190.67993164 63 69 81 2.000000 21.000000
561792.75999451 5117324.45996094 2192.62988281 64 70 84 2.000000 21.000000
561786.78999329 5117324.78002930 2194.39990234 63 68 82 2.000000 21.000000
561779.96000671 5117325.63989258 2205.35009766 70 74 93 2.000000 21.000000
561767.78999329 5117326.76000977 2217.50000000 68 73 91 2.000000 21.000000
561762.88000488 5117326.85009766 2216.01000977 71 79 95 2.000000 21.000000
561759.89999390 5117327.43994141 2224.62988281 164 156 152 2.000000 21.000000
561757.33000183 5117327.77001953 2228.91992188 145 138 131 2.000000 21.000000
561751.49000549 5117327.90991211 2227.53002930 69 74 93 2.000000 21.000000
561746.44000244 5117327.90991211 2224.25000000 76 80 98 2.000000 21.000000
561742.88000488 5117328.25000000 2228.12011719 75 80 98 2.000000 21.000000
561737.08999634 5117328.62988281 2231.12988281 71 75 93 2.000000 21.000000
561728.94000244 5117329.22998047 2236.54003906 57 63 82 2.000000 21.000000
561720.20001221 5117329.85009766 2242.00000000 68 74 89 2.000000 21.000000
561716.01000977 5117330.14990234 2244.72998047 68 74 92 2.000000 21.000000
561702.64001465 5117331.52001953 2260.77001953 84 97 104 2.000000 21.000000
561698.60000610 5117331.88989258 2264.87988281 116 113 112 2.000000 21.000000
561690.73999023 5117332.70996094 2274.71997070 104 122 135 2.000000 21.000000
561682.45999146 5117332.96997070 2274.08007813 224 222 206 2.000000 21.000000
561674.16000366 5117332.96997070 2268.93994141 231 231 215 2.000000 21.000000
561657.45001221 5117332.93994141 2257.69995117 234 233 220 2.000000 21.000000
561652.73001099 5117332.92993164 2254.59008789 234 232 220 2.000000 21.000000
561642.70999146 5117332.56005859 2248.27001953 232 231 220 2.000000 21.000000
561663.41000366 5117332.43994141 2261.82006836 234 232 220 2.000000 21.000000
561668.04998779 5117332.42993164 2265.10009766 232 232 218 2.000000 21.000000
561694.60998535 5117331.62011719 2270.56005859 91 100 121 2.000000 21.000000
561706.52999878 5117330.39990234 2257.67993164 79 86 101 2.000000 21.000000
561709.64999390 5117329.94995117 2252.00000000 74 80 96 2.000000 21.000000
561759.08000183 5117326.08007813 2219.52001953 96 95 104 2.000000 21.000000
561774.08999634 5117325.45996094 2219.32006836 236 226 186 2.000000 21.000000
561776.58000183 5117325.00000000 2213.06005859 80 101 112 2.000000 21.000000
561781.67999268 5117324.07006836 2200.19995117 70 73 90 2.000000 21.000000
561797.49000549 5117322.83007813 2189.51000977 65 70 85 2.000000 21.000000
561829.00000000 5117317.26000977 2158.54003906 67 72 86 2.000000 21.000000
561823.91000366 5117317.61010742 2161.45996094 69 73 90 2.000000 21.000000
561823.36000061 5117318.58007813 2178.55004883 72 74 91 2.000000 21.000000
561820.08999634 5117319.00000000 2183.93994141 66 68 87 2.000000 21.000000
561815.41000366 5117319.41992188 2188.26000977 66 72 85 2.000000 21.000000
561810.50000000 5117319.70996094 2190.33007813 62 67 82 2.000000 21.000000
561804.91999817 5117319.75000000 2187.31005859 64 68 82 2.000000 21.000000
561792.47000122 5117320.32006836 2189.22998047 62 68 80 2.000000 21.000000
561787.80999756 5117320.62011719 2191.50000000 66 70 82 2.000000 21.000000
561767.46000671 5117322.63989258 2214.36010742 68 75 94 2.000000 21.000000
561762.57000732 5117322.75000000 2213.03002930 73 78 94 2.000000 21.000000
561755.35000610 5117323.58007813 2223.23999023 72 77 97 2.000000 21.000000
561750.47000122 5117323.63989258 2221.09008789 62 68 83 2.000000 21.000000
561738.77999878 5117324.44995117 2227.93994141 63 66 84 2.000000 21.000000
561733.70001221 5117324.67993164 2228.86010742 71 74 92 2.000000 21.000000
561730.41000366 5117325.03002930 2232.89990234 69 71 92 2.000000 21.000000
561725.89999390 5117325.34008789 2235.45996094 78 84 102 2.000000 21.000000
561721.60000610 5117325.65991211 2238.47998047 76 82 96 2.000000 21.000000
561713.48999023 5117326.54003906 2248.97998047 74 80 98 2.000000 21.000000
561687.52999878 5117328.94995117 2275.78002930 214 214 199 2.000000 21.000000
561678.89001465 5117329.10009766 2272.89990234 228 228 214 2.000000 21.000000
561670.76000977 5117329.09008789 2267.65991211 231 232 217 2.000000 21.000000
561649.47000122 5117329.05004883 2253.45996094 234 232 222 2.000000 21.000000
561645.16000366 5117328.63989258 2250.86010742 234 232 220 2.000000 21.000000
561654.36999512 5117328.58007813 2256.77001953 236 234 222 2.000000 21.000000
561659.16000366 5117328.55004883 2259.83007813 236 234 222 2.000000 21.000000
561691.80999756 5117327.87011719 2272.42993164 118 122 129 2.000000 21.000000
561695.98999023 5117327.38989258 2267.01000977 68 76 96 2.000000 21.000000
561699.60998535 5117326.92993164 2261.68994141 56 64 78 2.000000 21.000000
561706.50000000 5117326.23999023 2254.46997070 74 80 95 2.000000 21.000000
561716.85000610 5117325.17993164 2243.56005859 76 83 99 2.000000 21.000000
561743.26000977 5117322.98999023 2224.12988281 66 74 92 2.000000 21.000000
561757.39999390 5117322.00000000 2216.83007813 72 78 96 2.000000 21.000000
561772.19000244 5117321.68994141 2222.11010742 66 80 88 2.000000 21.000000
561774.67999268 5117321.25000000 2216.08007813 152 150 140 2.000000 21.000000
561777.16000366 5117320.78002930 2209.68994141 164 162 156 2.000000 21.000000
561778.61000061 5117320.39990234 2203.98999023 126 128 128 2.000000 21.000000
561784.85000610 5117319.77001953 2197.31005859 66 68 82 2.000000 21.000000
561796.89999390 5117318.64990234 2186.10009766 67 70 85 2.000000 21.000000
561822.50999451 5117316.87011719 2173.06005859 71 76 92 2.000000 21.000000
561826.16999817 5117313.17993164 2153.89990234 66 72 86 2.000000 21.000000
561821.38999939 5117313.65991211 2159.19995117 68 73 88 2.000000 21.000000
561820.88000488 5117314.05004883 2165.89990234 65 69 85 2.000000 21.000000
561818.80999756 5117314.95996094 2180.94995117 60 64 80 2.000000 21.000000
561811.77000427 5117315.57006836 2187.11010742 62 64 80 2.000000 21.000000
561807.44999695 5117315.56005859 2184.12011719 64 67 82 2.000000 21.000000
561802.16000366 5117315.70996094 2183.26000977 66 68 84 2.000000 21.000000
561789.00000000 5117316.50000000 2188.87011719 68 72 86 2.000000 21.000000
561771.00000000 5117318.50000000 2212.86010742 68 73 88 2.000000 21.000000
561765.77000427 5117318.53002930 2209.90991211 70 75 92 2.000000 21.000000
561759.19999695 5117318.89990234 2212.15991211 66 72 86 2.000000 21.000000
561753.07000732 5117319.33007813 2215.98999023 60 66 82 2.000000 21.000000
561747.67999268 5117319.60009766 2217.16992188 69 76 92 2.000000 21.000000
561738.98001099 5117320.22998047 2222.81005859 66 72 89 2.000000 21.000000
561711.55999756 5117322.85009766 2252.14990234 64 69 84 2.000000 21.000000
561704.02999878 5117323.43994141 2257.96997070 56 62 78 2.000000 21.000000
561684.17999268 5117325.15991211 2276.50000000 89 99 120 2.000000 21.000000
561675.29998779 5117325.20996094 2271.67993164 227 226 208 2.000000 21.000000
561667.50000000 5117325.20996094 2266.79003906 233 232 219 2.000000 21.000000
561662.86999512 5117325.16992188 2263.23999023 234 232 222 2.000000 21.000000
561641.70999146 5117325.12988281 2249.61010742 233 232 221 2.000000 21.000000
561651.14999390 5117324.65991211 2255.76000977 234 232 222 2.000000 21.000000
561688.60000610 5117324.07006836 2273.67993164 111 114 115 2.000000 21.000000
561714.44000244 5117321.48999023 2247.33007813 67 71 87 2.000000 21.000000
561719.70001221 5117320.90991211 2241.02001953 73 79 96 2.000000 21.000000
561743.04998779 5117318.72998047 2219.51000977 70 78 94 2.000000 21.000000
561780.30999756 5117316.17993164 2201.47998047 69 70 84 2.000000 21.000000
561786.42999268 5117315.47998047 2193.52001953 66 72 86 2.000000 21.000000
561792.71000671 5117314.76000977 2185.40991211 70 74 86 2.000000 21.000000
561819.91999817 5117313.08007813 2175.21997070 64 68 84 2.000000 21.000000
561822.72999573 5117309.42993164 2154.57006836 64 69 84 2.000000 21.000000
561818.41999817 5117310.07006836 2163.20996094 60 63 80 2.000000 21.000000
561815.71000671 5117310.71997070 2173.05004883 60 62 80 2.000000 21.000000
561813.75999451 5117311.08007813 2178.29003906 61 64 80 2.000000 21.000000
561808.67999268 5117311.33007813 2179.43994141 64 68 82 2.000000 21.000000
561803.58000183 5117311.55004883 2180.05004883 62 66 80 2.000000 21.000000
561798.57000732 5117311.79003906 2181.04003906 65 67 82 2.000000 21.000000
561783.72999573 5117313.32006836 2198.75000000 68 74 89 2.000000 21.000000
561765.71000671 5117314.37988281 2205.88989258 64 72 88 2.000000 21.000000
561760.42999268 5117314.73999023 2208.86010742 64 70 85 2.000000 21.000000
561680.83999634 5117321.29003906 2275.82006836 93 110 126 2.000000 21.000000
561671.98001099 5117321.31005859 2270.54003906 229 231 217 2.000000 21.000000
561659.85000610 5117321.26000977 2262.18994141 236 234 224 2.000000 21.000000
561655.13000488 5117321.26000977 2259.28002930 234 234 224 2.000000 21.000000
561647.64999390 5117321.25000000 2254.46997070 236 234 224 2.000000 21.000000
561664.69000244 5117320.67993164 2265.60009766 238 236 226 2.000000 21.000000
561676.42999268 5117320.62988281 2273.44995117 228 225 206 2.000000 21.000000
561788.02999878 5117311.34008789 2191.12011719 74 78 93 2.000000 21.000000
561808.42999268 5117309.45996094 2172.64990234 65 68 82 2.000000 21.000000
561814.35000610 5117308.92993164 2167.42993164 55 58 75 2.000000 21.000000
561819.96000671 5117308.20996094 2158.79003906 56 60 77 2.000000 21.000000
561814.96000671 5117306.03002930 2159.38989258 50 53 68 2.000000 21.000000
561810.24000549 5117306.44995117 2163.92993164 61 66 80 2.000000 21.000000
561806.82000732 5117306.80004883 2167.92993164 63 68 82 2.000000 21.000000
561803.92999268 5117307.32006836 2175.23999023 64 67 81 2.000000 21.000000
561799.19000244 5117307.64990234 2178.13989258 64 66 80 2.000000 21.000000
561794.50000000 5117307.98999023 2181.05004883 67 70 84 2.000000 21.000000
561791.58000183 5117308.40991211 2186.73999023 70 74 88 2.000000 21.000000
561786.72000122 5117309.08007813 2195.53002930 70 72 87 2.000000 21.000000
561669.05999756 5117317.38989258 2269.43994141 234 236 224 2.000000 21.000000
561651.75000000 5117317.37011719 2258.34008789 234 234 222 2.000000 21.000000
561644.26998901 5117317.35009766 2253.50000000 236 234 222 2.000000 21.000000
561656.20001221 5117316.87988281 2261.64990234 235 235 225 2.000000 21.000000
561660.83999634 5117316.83007813 2264.37011719 236 234 224 2.000000 21.000000
561810.28999329 5117304.62988281 2158.25000000 60 65 79 2.000000 21.000000
561820.69000244 5117304.05004883 2155.39990234 50 51 66 2.000000 21.000000
561821.86999512 5117301.27001953 2149.79003906 52 52 66 2.000000 21.000000
561816.61999512 5117301.55004883 2151.35009766 53 52 67 2.000000 21.000000
561811.47000122 5117301.85009766 2153.33007813 59 64 78 2.000000 21.000000
561805.83999634 5117302.47998047 2160.96997070 64 70 82 2.000000 21.000000
561802.53999329 5117302.87011719 2165.71997070 69 73 86 2.000000 21.000000
561800.75000000 5117303.25000000 2171.48999023 68 71 83 2.000000 21.000000
561790.72999573 5117304.65991211 2190.07006836 61 66 80 2.000000 21.000000
561678.26000977 5117313.47998047 2276.27001953 234 225 215 2.000000 21.000000
561673.52999878 5117313.48999023 2273.46997070 232 232 218 2.000000 21.000000
561665.29998779 5117313.50000000 2268.46997070 235 234 224 2.000000 21.000000
561648.25000000 5117313.45996094 2257.25000000 238 236 226 2.000000 21.000000
561641.01000977 5117313.45996094 2252.96997070 234 236 226 2.000000 21.000000
561653.14999390 5117313.01000977 2260.52001953 238 238 228 2.000000 21.000000
561792.78999329 5117302.86010742 2183.73999023 59 64 80 2.000000 21.000000
561795.92999268 5117302.47998047 2179.19995117 66 70 84 2.000000 21.000000
561806.83999634 5117300.66992188 2154.94995117 68 74 88 2.000000 21.000000
561817.55999756 5117297.18994141 2144.91992188 54 54 68 2.000000 21.000000
561812.58999634 5117297.58007813 2148.62988281 53 55 69 2.000000 21.000000
561802.33999634 5117298.67993164 2161.71997070 65 71 86 2.000000 21.000000
561799.11999512 5117299.09008789 2166.87011719 58 63 78 2.000000 21.000000
561797.47000122 5117299.51000977 2173.38989258 56 62 77 2.000000 21.000000
561789.33000183 5117300.58007813 2187.15991211 62 68 83 2.000000 21.000000
561644.67999268 5117309.59008789 2256.48999023 238 236 225 2.000000 21.000000
561790.21000671 5117298.87988281 2180.15991211 63 68 83 2.000000 21.000000
561802.27999878 5117297.08007813 2156.88989258 64 70 86 2.000000 21.000000
561808.13999939 5117296.52001953 2151.20996094 50 53 66 2.000000 21.000000
561795.83999634 5117295.42993164 2170.28002930 63 68 84 2.000000 21.000000
561792.75000000 5117295.83007813 2175.30004883 62 65 78 2.000000 21.000000
561786.75000000 5117296.16992188 2177.56005859 64 71 85 2.000000 21.000000
561798.22999573 5117293.84008789 2165.68994141 66 71 87 2.000000 21.000000
561798.77999878 5117293.52001953 2160.38989258 66 71 87 2.000000 21.000000
561804.39999390 5117292.89990234 2153.44995117 56 58 74 2.000000 21.000000
561810.50000000 5117292.38989258 2148.75000000 54 54 68 2.000000 21.000000
561815.36999512 5117291.94995117 2144.53002930 54 55 68 2.000000 21.000000
561800.49000549 5117290.57006836 2156.13989258 68 73 90 2.000000 21.000000
561792.16999817 5117291.67993164 2170.51000977 66 68 80 2.000000 21.000000
561788.97999573 5117292.03002930 2174.66992188 66 72 86 2.000000 21.000000
561795.83000183 5117289.84008789 2162.21997070 72 76 90 2.000000 21.000000
561807.49000549 5117288.72998047 2150.96997070 54 57 72 2.000000 21.000000
561815.42999268 5117285.42993164 2144.16992188 58 60 74 2.000000 21.000000
561803.33000183 5117286.45996094 2154.60009766 59 59 72 2.000000 21.000000
561793.36999512 5117287.55004883 2167.52001953 76 80 92 2.000000 21.000000
561786.10000610 5117287.03002930 2175.48999023 74 78 92 2.000000 21.000000
561789.32000732 5117286.66992188 2171.47998047 70 74 88 2.000000 21.000000
561797.83999634 5117285.62011719 2158.96997070 58 60 74 2.000000 21.000000
561809.78999329 5117284.57006836 2149.09008789 58 60 74 2.000000 21.000000
561806.25999451 5117282.30004883 2152.51000977 60 62 76 2.000000 21.000000
561794.47000122 5117283.26000977 2161.98999023 60 62 76 2.000000 21.000000
561790.92999268 5117282.36010742 2165.90991211 68 72 86 2.000000 21.000000
561801.35000610 5117281.41992188 2156.83007813 60 60 74 2.000000 21.000000
561813.27999878 5117280.34008789 2146.27001953 62 61 74 2.000000 21.000000
561809.19999695 5117278.07006836 2150.40991211 60 61 75 2.000000 21.000000
561798.60000610 5117279.02001953 2160.33007813 57 58 72 2.000000 21.000000
561788.63999939 5117280.03002930 2171.67993164 65 70 86 2.000000 21.000000
561794.19999695 5117278.14990234 2164.31005859 62 66 80 2.000000 21.000000
561804.71000671 5117277.17993164 2154.80004883 58 61 74 2.000000 21.000000
561813.17999268 5117273.77001953 2147.67993164 56 57 69 2.000000 21.000000
561801.27999878 5117274.82006836 2158.54003906 54 58 70 2.000000 21.000000
561790.91000366 5117275.72998047 2167.83007813 74 79 94 2.000000 21.000000
561786.94999695 5117276.29003906 2175.27001953 64 68 82 2.000000 21.000000
561806.99000549 5117273.03002930 2152.78002930 53 56 70 2.000000 21.000000
561803.91999817 5117270.62988281 2156.47998047 54 56 70 2.000000 21.000000
561798.08999634 5117271.14990234 2161.97998047 54 57 71 2.000000 21.000000
561793.44999695 5117271.54003906 2165.91992188 52 56 70 2.000000 21.000000
561789.25000000 5117272.06005859 2172.27001953 76 80 96 2.000000 21.000000
561785.08000183 5117272.54003906 2178.18994141 68 70 84 2.000000 21.000000
561810.13000488 5117268.80004883 2150.92993164 52 54 68 2.000000 21.000000
561806.85000610 5117266.42993164 2154.89990234 54 56 69 2.000000 21.000000
561800.89999390 5117266.91992188 2159.73999023 54 54 66 2.000000 21.000000
561791.83000183 5117267.77001953 2168.87011719 70 77 92 2.000000 21.000000
561787.86999512 5117268.34008789 2176.34008789 60 66 82 2.000000 21.000000
561783.99000549 5117267.59008789 2181.30004883 62 64 78 2.000000 21.000000
561795.60000610 5117266.19995117 2165.28002930 56 59 74 2.000000 21.000000
561811.50999451 5117262.25000000 2154.76000977 54 56 68 2.000000 21.000000
561805.25999451 5117262.65991211 2157.92993164 51 54 67 2.000000 21.000000
561799.33999634 5117263.14990234 2162.67993164 54 56 68 2.000000 21.000000
561790.36000061 5117264.00000000 2172.01000977 69 75 91 2.000000 21.000000
561783.50000000 5117263.84008789 2186.16992188 70 76 90 2.000000 21.000000
561787.30000305 5117263.25000000 2178.55004883 66 72 88 2.000000 21.000000
561812.88000488 5117258.47998047 2159.92993164 53 56 68 2.000000 21.000000
561807.71000671 5117258.75000000 2161.19995117 52 55 68 2.000000 21.000000
561802.80999756 5117259.09008789 2164.08007813 58 60 72 2.000000 21.000000
561797.94000244 5117259.41992188 2166.68994141 54 58 70 2.000000 21.000000
561794.63999939 5117259.77001953 2170.73999023 58 62 76 2.000000 21.000000
561791.41000366 5117260.12988281 2175.02001953 67 72 88 2.000000 21.000000
561786.33000183 5117260.78002930 2183.11010742 67 73 88 2.000000 21.000000
561781.83999634 5117260.16992188 2191.73999023 68 77 93 2.000000 21.000000
561813.94000244 5117254.67993164 2164.09008789 53 56 67 2.000000 21.000000
561808.77999878 5117254.93994141 2165.15991211 51 54 66 2.000000 21.000000
561802.55999756 5117255.31005859 2167.73999023 57 61 74 2.000000 21.000000
561797.85000610 5117255.66992188 2171.05004883 62 66 78 2.000000 21.000000
561794.67999268 5117256.05004883 2175.72998047 62 67 80 2.000000 21.000000
561790.19000244 5117256.43994141 2179.65991211 68 72 86 2.000000 21.000000
561785.28999329 5117257.12011719 2188.47998047 68 74 89 2.000000 21.000000
561781.02000427 5117256.37988281 2195.34008789 65 71 86 2.000000 21.000000
561813.41000366 5117251.02001953 2169.60009766 54 56 70 2.000000 21.000000
561808.24000549 5117251.26000977 2170.39990234 51 52 66 2.000000 21.000000
561803.11999512 5117251.50000000 2171.26000977 52 54 68 2.000000 21.000000
561793.94000244 5117252.28002930 2179.10009766 68 74 86 2.000000 21.000000
561789.58000183 5117252.70996094 2183.87011719 64 70 83 2.000000 21.000000
561785.94999695 5117253.34008789 2192.65991211 68 73 86 2.000000 21.000000
561779.82000732 5117252.61010742 2199.26000977 64 68 83 2.000000 21.000000
561789.30000305 5117251.63989258 2189.18994141 65 71 85 2.000000 21.000000
561798.64999390 5117250.47998047 2175.45996094 66 72 85 2.000000 21.000000
561814.16000366 5117247.21997070 2173.95996094 60 63 78 2.000000 21.000000
561809.30999756 5117247.57006836 2176.95996094 53 54 68 2.000000 21.000000
561803.92999268 5117247.69995117 2175.73999023 52 54 68 2.000000 21.000000
561793.36999512 5117248.46997070 2182.42993164 69 75 92 2.000000 21.000000
561784.38999939 5117249.60009766 2196.80004883 67 73 87 2.000000 21.000000
561778.75999451 5117248.85009766 2203.28002930 64 70 84 2.000000 21.000000
561789.66999817 5117247.90991211 2194.70996094 68 75 91 2.000000 21.000000
561797.61000061 5117246.77001953 2180.34008789 63 68 83 2.000000 21.000000
561806.83999634 5117246.45996094 2181.57006836 52 52 66 2.000000 21.000000
561813.83000183 5117243.38989258 2177.40991211 63 66 82 2.000000 21.000000
561808.53999329 5117244.08007813 2186.20996094 54 54 69 2.000000 21.000000
561803.50999451 5117244.31005859 2187.02001953 52 54 66 2.000000 21.000000
561798.24000549 5117244.44995117 2185.97998047 62 66 79 2.000000 21.000000
561793.55000305 5117244.77001953 2188.55004883 72 79 96 2.000000 21.000000
561788.94000244 5117245.54003906 2199.18994141 70 76 93 2.000000 21.000000
561783.16000366 5117245.87988281 2201.47998047 64 68 84 2.000000 21.000000
561778.30999756 5117245.08007813 2207.44995117 64 68 84 2.000000 21.000000
561792.41999817 5117243.84008789 2195.87988281 75 83 101 2.000000 21.000000
561810.86999512 5117242.30004883 2182.05004883 58 60 76 2.000000 21.000000
561815.97000122 5117239.57006836 2182.40991211 64 68 84 2.000000 21.000000
561809.14999390 5117240.22998047 2189.63989258 58 62 78 2.000000 21.000000
561805.89999390 5117240.58007813 2193.87011719 51 54 68 2.000000 21.000000
561800.77000427 5117240.76000977 2193.62011719 64 70 79 2.000000 21.000000
561793.27999878 5117241.52001953 2202.25000000 68 75 92 2.000000 21.000000
561788.74000549 5117241.84008789 2204.83007813 70 75 93 2.000000 21.000000
561783.10000610 5117242.20996094 2207.64990234 66 70 86 2.000000 21.000000
561777.00000000 5117241.37988281 2211.75000000 63 69 82 2.000000 21.000000
561797.02999878 5117239.83007813 2198.98999023 66 70 82 2.000000 21.000000
561817.52999878 5117235.94995117 2191.08007813 60 65 80 2.000000 21.000000
561812.30999756 5117236.13989258 2190.92993164 68 71 87 2.000000 21.000000
561807.91000366 5117236.61010742 2196.35009766 62 64 80 2.000000 21.000000
561803.13999939 5117236.91992188 2198.70996094 61 66 78 2.000000 21.000000
561801.44999695 5117237.30004883 2204.38989258 62 69 79 2.000000 21.000000
561798.55999756 5117237.72998047 2210.21997070 67 73 83 2.000000 21.000000
561795.63000488 5117238.12988281 2215.29003906 67 72 85 2.000000 21.000000
561790.17999268 5117238.12988281 2211.82006836 74 80 98 2.000000 21.000000
561784.22000122 5117238.39990234 2212.62011719 61 66 82 2.000000 21.000000
561775.78999329 5117237.69995117 2216.97998047 64 71 85 2.000000 21.000000
561788.94999695 5117237.14990234 2216.70996094 70 75 93 2.000000 21.000000
561818.16000366 5117232.37011719 2199.10009766 62 68 82 2.000000 21.000000
561813.13999939 5117232.61010742 2200.09008789 62 66 82 2.000000 21.000000
561808.58000183 5117233.00000000 2204.05004883 64 67 84 2.000000 21.000000
561805.58000183 5117233.42993164 2209.63989258 60 64 77 2.000000 21.000000
561802.49000549 5117233.80004883 2214.20996094 62 66 78 2.000000 21.000000
561799.66000366 5117234.23999023 2220.17993164 65 70 80 2.000000 21.000000
561793.69999695 5117234.52001953 2221.25000000 66 70 85 2.000000 21.000000
561786.22999573 5117234.72998047 2220.13989258 66 73 89 2.000000 21.000000
561781.11999512 5117234.82006836 2218.30004883 66 72 86 2.000000 21.000000
561774.96000671 5117233.98999023 2222.19995117 58 64 80 2.000000 21.000000
561814.14999390 5117228.83007813 2205.01000977 64 68 84 2.000000 21.000000
561810.99000549 5117229.20996094 2209.79003906 68 72 88 2.000000 21.000000
561807.77999878 5117229.56005859 2213.89990234 62 66 81 2.000000 21.000000
561803.30000305 5117229.92993164 2217.47998047 58 62 75 2.000000 21.000000
561800.63999939 5117230.41992188 2224.38989258 64 68 78 2.000000 21.000000
561794.58000183 5117230.65991211 2224.69995117 61 65 78 2.000000 21.000000
561789.61999512 5117230.80004883 2223.97998047 67 74 89 2.000000 21.000000
561783.28999329 5117230.91992188 2221.91992188 68 74 89 2.000000 21.000000
561774.91999817 5117231.57006836 2228.08007813 59 65 79 2.000000 21.000000
561816.69000244 5117226.93994141 2199.62988281 67 72 88 2.000000 21.000000
561798.77999878 5117226.58007813 2227.05004883 64 66 79 2.000000 21.000000
561792.91999817 5117226.86010742 2228.23999023 70 74 88 2.000000 21.000000
561786.75999451 5117227.03002930 2227.29003906 69 76 91 2.000000 21.000000
561780.88999939 5117227.27001953 2227.65991211 67 73 88 2.000000 21.000000
561776.69999695 5117227.59008789 2230.63989258 57 63 77 2.000000 21.000000
561801.91999817 5117224.79003906 2222.62011719 60 64 78 2.000000 21.000000
561806.22000122 5117224.35009766 2218.11010742 64 68 82 2.000000 21.000000
561809.41999817 5117224.00000000 2214.19995117 69 74 90 2.000000 21.000000
561811.22999573 5117223.63989258 2209.14990234 70 74 90 2.000000 21.000000
561814.25999451 5117223.17993164 2203.35009766 71 76 92 2.000000 21.000000
561799.72000122 5117222.71997070 2231.16992188 63 66 80 2.000000 21.000000
561793.83000183 5117223.00000000 2232.23999023 71 74 90 2.000000 21.000000
561787.92999268 5117223.23999023 2232.65991211 69 74 88 2.000000 21.000000
561783.83999634 5117223.20996094 2229.52001953 72 76 90 2.000000 21.000000
561779.61999512 5117223.52001953 2232.38989258 63 68 83 2.000000 21.000000
561801.86000061 5117220.90991211 2225.78002930 60 64 78 2.000000 21.000000
561814.27999878 5117219.36010742 2207.61010742 63 68 84 2.000000 21.000000
561812.17999268 5117217.10009766 2212.00000000 71 77 93 2.000000 21.000000
561809.00000000 5117217.45996094 2216.20996094 70 77 92 2.000000 21.000000
561806.10000610 5117217.88989258 2222.08007813 60 67 82 2.000000 21.000000
561801.67999268 5117218.69995117 2233.58007813 61 66 81 2.000000 21.000000
561797.36999512 5117219.05004883 2237.03002930 65 67 80 2.000000 21.000000
561791.32000732 5117219.25000000 2236.68994141 72 78 94 2.000000 21.000000
561784.88000488 5117219.31005859 2233.58007813 67 72 86 2.000000 21.000000
561780.85000610 5117219.67993164 2237.50000000 64 70 83 2.000000 21.000000
561817.22000122 5117212.63989258 2208.31005859 70 75 91 2.000000 21.000000
561814.25000000 5117213.10009766 2214.56005859 68 73 88 2.000000 21.000000
561804.57000732 5117214.07006836 2225.47998047 63 68 82 2.000000 21.000000
561802.94000244 5117214.43994141 2231.00000000 64 69 83 2.000000 21.000000
561800.30000305 5117214.90991211 2237.63989258 64 70 84 2.000000 21.000000
561795.99000549 5117215.23999023 2240.79003906 70 74 87 2.000000 21.000000
561791.88000488 5117215.62011719 2244.79003906 76 82 96 2.000000 21.000000
561786.96000671 5117215.71997070 2243.48999023 72 76 92 2.000000 21.000000
561806.66000366 5117212.25000000 2219.68994141 71 76 89 2.000000 21.000000
561813.85000610 5117208.70996094 2207.91992188 72 78 94 2.000000 21.000000
561810.66000366 5117209.08007813 2212.37011719 65 71 85 2.000000 21.000000
561799.74000549 5117210.53002930 2231.01000977 70 76 90 2.000000 21.000000
561796.94999695 5117210.93994141 2236.51000977 74 78 92 2.000000 21.000000
561792.77000427 5117211.31005859 2240.34008789 76 83 96 2.000000 21.000000
561787.88999939 5117211.83007813 2246.51000977 75 78 90 2.000000 21.000000
561800.35000610 5117208.78002930 2225.34008789 74 80 95 2.000000 21.000000
561803.42999268 5117208.41992188 2221.16992188 74 80 94 2.000000 21.000000
561806.52999878 5117208.05004883 2216.89990234 72 77 92 2.000000 21.000000
561810.33999634 5117204.82006836 2209.18994141 70 76 92 2.000000 21.000000
561795.61000061 5117206.36010742 2226.83007813 72 78 92 2.000000 21.000000
561792.77000427 5117206.73999023 2231.77001953 73 79 93 2.000000 21.000000
561790.08000183 5117207.14990234 2237.28002930 72 78 94 2.000000 21.000000
561788.66000366 5117207.52001953 2243.04003906 67 74 90 2.000000 21.000000
561798.94000244 5117204.62011719 2221.77001953 76 82 96 2.000000 21.000000
561801.86999512 5117204.20996094 2216.67993164 76 81 96 2.000000 21.000000
561806.35000610 5117203.82006836 2213.06005859 71 76 92 2.000000 21.000000
561812.71000671 5117200.48999023 2205.50000000 66 74 90 2.000000 21.000000
561795.24000549 5117202.53002930 2230.36010742 69 75 90 2.000000 21.000000
561792.41000366 5117202.90991211 2235.29003906 67 73 88 2.000000 21.000000
561786.47999573 5117203.12988281 2235.35009766 63 71 83 2.000000 21.000000
561797.32000732 5117200.86010742 2225.92993164 69 75 91 2.000000 21.000000
561801.33999634 5117200.37011719 2220.13989258 72 78 93 2.000000 21.000000
561807.41000366 5117199.57006836 2210.48999023 68 76 90 2.000000 21.000000
561805.49000549 5117197.18994141 2214.46997070 64 70 85 2.000000 21.000000
561791.97999573 5117198.57006836 2230.13989258 61 67 83 2.000000 21.000000
561786.94999695 5117198.66992188 2228.63989258 62 70 83 2.000000 21.000000
561790.36999512 5117196.98999023 2224.80004883 60 67 82 2.000000 21.000000
561800.00999451 5117196.57006836 2224.27001953 66 71 87 2.000000 21.000000
561810.35000610 5117195.33007813 2209.86010742 66 72 86 2.000000 21.000000
561805.32000732 5117193.34008789 2218.47998047 60 63 78 2.000000 21.000000
561798.07000732 5117193.67993164 2219.83007813 63 68 82 2.000000 21.000000
561793.82000732 5117193.62011719 2216.15991211 62 68 82 2.000000 21.000000
561789.25999451 5117193.90991211 2218.26000977 62 70 84 2.000000 21.000000
561808.07000732 5117191.62011719 2214.51000977 59 63 80 2.000000 21.000000
561811.11000061 5117188.58007813 2209.60009766 57 62 80 2.000000 21.000000
561805.97999573 5117188.72998047 2209.06005859 58 62 79 2.000000 21.000000
561802.53999329 5117188.50000000 2202.78002930 60 64 78 2.000000 21.000000
561798.05000305 5117188.86010742 2206.34008789 59 63 76 2.000000 21.000000
561793.55999756 5117189.18994141 2209.40991211 62 67 80 2.000000 21.000000
561787.50000000 5117189.43994141 2209.83007813 62 66 79 2.000000 21.000000
561805.97999573 5117186.77001953 2199.37011719 58 62 79 2.000000 21.000000
561808.00000000 5117186.97998047 2204.57006836 56 60 78 2.000000 21.000000
561804.30000305 5117183.81005859 2193.89990234 51 54 71 2.000000 21.000000
561799.63999939 5117184.14990234 2196.86010742 55 58 73 2.000000 21.000000
561795.24000549 5117184.54003906 2201.05004883 56 60 74 2.000000 21.000000
561792.30000305 5117184.93994141 2206.13989258 52 56 70 2.000000 21.000000
561786.02000427 5117184.02001953 2208.45996094 52 55 68 2.000000 21.000000
561788.03999329 5117179.97998047 2210.78002930 68 75 89 2.000000 21.000000
561791.05000305 5117179.62011719 2206.56005859 62 67 80 2.000000 21.000000
561795.39999390 5117179.20996094 2202.59008789 60 62 78 2.000000 21.000000
561799.75999451 5117178.78002930 2198.10009766 58 62 78 2.000000 21.000000
561786.96000671 5117177.51000977 2215.63989258 63 69 82 2.000000 21.000000
561791.78999329 5117175.82006836 2212.06005859 64 68 84 2.000000 21.000000
561794.86000061 5117175.46997070 2208.07006836 61 65 80 2.000000 21.000000
561797.97000122 5117175.11010742 2203.96997070 60 64 80 2.000000 21.000000
561803.35000610 5117174.54003906 2197.77001953 63 67 85 2.000000 21.000000
561790.10000610 5117173.41992188 2217.07006836 70 76 92 2.000000 21.000000
561785.89999390 5117173.80004883 2221.04003906 73 80 94 2.000000 21.000000
561795.05999756 5117171.62988281 2211.56005859 62 68 84 2.000000 21.000000
561801.08999634 5117170.84008789 2201.94995117 64 69 85 2.000000 21.000000
561799.61000061 5117168.44995117 2206.89990234 62 68 84 2.000000 21.000000
561786.74000549 5117168.60009766 2223.18994141 70 76 94 2.000000 21.000000
561790.83000183 5117168.16992188 2218.61010742 78 85 100 2.000000 21.000000
561798.39999390 5117167.47998047 2211.87988281 59 65 81 2.000000 21.000000
561801.86999512 5117164.06005859 2202.40991211 64 70 86 2.000000 21.000000
561795.19000244 5117165.07006836 2215.73999023 63 69 85 2.000000 21.000000
561798.80999756 5117160.26000977 2204.48999023 52 58 72 2.000000 21.000000
561797.91000366 5117160.88989258 2214.88989258 53 58 73 2.000000 21.000000
561795.05000305 5117161.29003906 2220.09008789 58 64 78 2.000000 21.000000
561790.63000488 5117161.60009766 2222.79003906 54 59 74 2.000000 21.000000
561786.44999695 5117161.96997070 2226.55004883 64 70 85 2.000000 21.000000
561801.60000610 5117156.36010742 2209.50000000 49 54 68 2.000000 21.000000
561791.86000061 5117157.64990234 2225.96997070 52 54 68 2.000000 21.000000
561787.97000122 5117158.11010742 2231.59008789 60 64 76 2.000000 21.000000
561786.22000122 5117157.37011719 2238.59008789 58 62 74 2.000000 21.000000
561792.77000427 5117156.03002930 2220.13989258 50 52 64 2.000000 21.000000
561797.16000366 5117155.66992188 2216.91992188 50 54 68 2.000000 21.000000
561802.94999695 5117152.70996094 2217.02001953 56 60 75 2.000000 21.000000
561789.25999451 5117153.57006836 2223.51000977 51 55 67 2.000000 21.000000
561787.72999573 5117153.92993164 2228.85009766 48 52 64 2.000000 21.000000
561795.88000488 5117151.89990234 2220.20996094 44 48 62 2.000000 21.000000
561803.80000305 5117148.94995117 2222.50000000 56 62 77 2.000000 21.000000
561786.05000305 5117148.68994141 2227.86010742 49 53 65 2.000000 21.000000
561790.41000366 5117148.37011719 2225.28002930 48 52 64 2.000000 21.000000
561796.14999390 5117148.03002930 2223.38989258 54 58 70 2.000000 21.000000
561802.58000183 5117145.18994141 2226.63989258 61 66 81 2.000000 21.000000
561800.85000610 5117145.52001953 2231.37011719 61 65 79 2.000000 21.000000
561795.64999390 5117145.58007813 2229.13989258 56 58 72 2.000000 21.000000
561788.75000000 5117144.63989258 2230.01000977 52 54 68 2.000000 21.000000
561796.77999878 5117144.63989258 2235.40991211 55 57 71 2.000000 21.000000
561801.64999390 5117140.90991211 2222.76000977 58 60 75 2.000000 21.000000
561794.55000305 5117142.12988281 2239.43994141 56 58 72 2.000000 21.000000
561789.53999329 5117142.20996094 2237.82006836 52 56 69 2.000000 21.000000
561797.11000061 5117140.22998047 2230.47998047 62 64 78 2.000000 21.000000
561798.58999634 5117137.19995117 2225.81005859 60 64 78 2.000000 21.000000
561792.58999634 5117137.87011719 2233.71997070 62 66 80 2.000000 21.000000
561789.05000305 5117138.41992188 2241.13989258 59 64 78 2.000000 21.000000
561786.27999878 5117138.78002930 2245.66992188 54 60 73 2.000000 21.000000
561802.38999939 5117133.12011719 2227.70996094 63 68 84 2.000000 21.000000
561796.47000122 5117133.39990234 2228.87988281 60 66 80 2.000000 21.000000
561788.97999573 5117134.00000000 2234.60009766 61 69 85 2.000000 21.000000
561802.58999634 5117129.42993164 2234.34008789 61 66 81 2.000000 21.000000
561796.53999329 5117129.64990234 2234.43994141 57 63 78 2.000000 21.000000
561787.52000427 5117130.15991211 2237.80004883 66 73 89 2.000000 21.000000
561792.21000671 5117128.48999023 2236.72998047 56 65 78 2.000000 21.000000
561804.07000732 5117125.68994141 2241.70996094 61 68 82 2.000000 21.000000
561797.94999695 5117125.87011719 2241.07006836 62 69 82 2.000000 21.000000
561792.11999512 5117126.12011719 2241.91992188 58 66 80 2.000000 21.000000
561786.25999451 5117126.33007813 2242.09008789 67 71 86 2.000000 21.000000
561804.86999512 5117121.73999023 2244.88989258 58 64 78 2.000000 21.000000
561800.61999512 5117122.10009766 2248.46997070 60 68 82 2.000000 21.000000
561795.69999695 5117122.20996094 2247.37988281 64 72 86 2.000000 21.000000
561789.88999939 5117122.43994141 2247.86010742 64 69 84 2.000000 21.000000
561801.92999268 5117118.14990234 2252.50000000 62 67 82 2.000000 21.000000
561796.13000488 5117118.39990234 2253.25000000 64 70 86 2.000000 21.000000
561790.61000061 5117118.71997070 2255.34008789 62 68 84 2.000000 21.000000
561786.66999817 5117117.82006836 2258.61010742 76 85 100 2.000000 21.000000
561803.44000244 5117116.42993164 2246.44995117 62 66 80 2.000000 21.000000
561797.25000000 5117114.55004883 2257.08007813 62 66 82 2.000000 21.000000
561795.86000061 5117114.93994141 2263.01000977 64 68 84 2.000000 21.000000
561790.14999390 5117115.16992188 2263.41992188 70 75 91 2.000000 21.000000
561799.00999451 5117112.72998047 2250.54003906 58 64 80 2.000000 21.000000
561800.25000000 5117112.25000000 2243.21997070 56 63 79 2.000000 21.000000
561795.58000183 5117110.33007813 2253.84008789 63 67 83 2.000000 21.000000
561793.14999390 5117110.80004883 2260.36010742 65 69 85 2.000000 21.000000
561791.88999939 5117111.21997070 2266.72998047 67 71 88 2.000000 21.000000
561789.64999390 5117111.70996094 2273.78002930 70 74 90 2.000000 21.000000
561801.47999573 5117108.29003906 2246.63989258 57 63 79 2.000000 21.000000
561801.39999390 5117105.89990234 2251.54003906 62 67 80 2.000000 21.000000
561797.46000671 5117106.33007813 2256.57006836 60 66 80 2.000000 21.000000
561789.19000244 5117107.38989258 2269.55004883 68 72 88 2.000000 21.000000
561786.85000610 5117107.83007813 2275.77001953 64 67 84 2.000000 21.000000
561790.94000244 5117105.66992188 2264.31005859 69 72 89 2.000000 21.000000
561792.44000244 5117105.32006836 2259.45996094 60 64 80 2.000000 21.000000
561799.82000732 5117101.58007813 2246.66992188 62 66 77 2.000000 21.000000
561797.05000305 5117101.95996094 2251.61010742 60 64 76 2.000000 21.000000
561791.41000366 5117102.25000000 2253.05004883 56 61 77 2.000000 21.000000
561787.39999390 5117102.61010742 2256.87988281 54 57 73 2.000000 21.000000
561796.83000183 5117097.21997070 2240.07006836 55 60 74 2.000000 21.000000
561794.02999878 5117097.60009766 2244.92993164 54 59 74 2.000000 21.000000
561789.94999695 5117097.96997070 2248.79003906 54 58 74 2.000000 21.000000
561786.00000000 5117098.35009766 2252.84008789 54 58 74 2.000000 21.000000
561790.63999939 5117093.62011719 2244.96997070 57 62 78 2.000000 21.000000
561786.78999329 5117094.05004883 2249.93994141 52 57 73 2.000000 21.000000
561794.86999512 5117091.93994141 2242.32006836 57 63 78 2.000000 21.000000
561796.61000061 5117089.52001953 2248.13989258 63 70 84 2.000000 21.000000
561791.16999817 5117089.87011719 2250.87988281 58 63 80 2.000000 21.000000
561785.88999939 5117090.23999023 2253.97998047 56 62 79 2.000000 21.000000
561798.10000610 5117085.80004883 2255.29003906 63 70 84 2.000000 21.000000
561792.49000549 5117086.09008789 2256.93994141 60 66 82 2.000000 21.000000
561786.86999512 5117086.36010742 2258.05004883 60 66 82 2.000000 21.000000
561797.72999573 5117082.04003906 2259.53002930 68 72 88 2.000000 21.000000
561792.25000000 5117082.35009766 2261.46997070 61 66 83 2.000000 21.000000
561786.69999695 5117082.60009766 2262.55004883 58 66 81 2.000000 21.000000
561796.19000244 5117078.28002930 2263.11010742 66 68 86 2.000000 21.000000
561790.83999634 5117078.62011719 2265.69995117 54 60 76 2.000000 21.000000
561786.11999512 5117077.68994141 2268.47998047 56 62 78 2.000000 21.000000
561794.74000549 5117076.73999023 2258.39990234 66 70 88 2.000000 21.000000
561792.58999634 5117074.33007813 2262.96997070 56 60 76 2.000000 21.000000
561786.08999634 5117073.32006836 2263.12011719 58 62 79 2.000000 21.000000
561795.75000000 5117070.08007813 2261.27001953 64 68 84 2.000000 21.000000
561790.72000122 5117070.12011719 2258.90991211 57 59 76 2.000000 21.000000
561785.89999390 5117068.90991211 2257.32006836 59 65 80 2.000000 21.000000
561790.86000061 5117065.59008789 2250.95996094 55 59 73 2.000000 21.000000
561786.50000000 5117064.70996094 2254.66992188 58 62 76 2.000000 21.000000
561787.47999573 5117061.60009766 2250.23999023 57 63 76 2.000000 21.000000
561786.71000671 5117056.41992188 2250.59008789 47 52 67 2.000000 21.000000
561788.30999756 5117049.81005859 2255.89990234 56 60 76 2.000000 21.000000
561788.57000732 5117046.04003906 2260.59008789 60 64 80 2.000000 21.000000
561789.77999878 5117042.15991211 2264.34008789 60 66 82 2.000000 21.000000
561785.86000061 5117042.52001953 2268.02001953 58 64 80 2.000000 21.000000
561789.63000488 5117038.40991211 2268.91992188 60 66 81 2.000000 21.000000
561786.00000000 5117038.86010742 2274.15991211 58 64 79 2.000000 21.000000
561785.86999512 5117034.57006836 2269.50000000 58 63 77 2.000000 21.000000
561786.49000549 5117033.03002930 2263.82006836 60 64 78 2.000000 21.000000
561782.00999451 5117014.34008789 2265.82006836 64 69 86 2.000000 21.000000
561778.69999695 5117013.54003906 2271.33007813 58 64 79 2.000000 21.000000
561782.77000427 5117010.42993164 2269.32006836 55 61 78 2.000000 21.000000
561774.19000244 5117010.83007813 2270.97998047 53 60 76 2.000000 21.000000
561777.64999390 5117009.30004883 2267.64990234 56 61 76 2.000000 21.000000
561779.00999451 5117006.09008789 2262.58007813 56 62 79 2.000000 21.000000
561773.25999451 5117006.61010742 2267.80004883 57 62 78 2.000000 21.000000
561777.07000732 5117001.92993164 2259.63989258 62 71 89 2.000000 21.000000
561453.85998535 5117129.94995117 2188.79003906 240 242 235 2.000000 21.000000
561451.17999268 5117134.16992188 2185.50000000 242 241 238 2.000000 21.000000
561449.96997070 5117138.37988281 2182.97998047 242 242 240 2.000000 21.000000
561448.46002197 5117142.67993164 2180.09008789 242 242 240 2.000000 21.000000
561453.52001953 5117142.67993164 2182.30004883 242 242 238 2.000000 21.000000
561451.08001709 5117146.95996094 2179.95996094 239 241 236 2.000000 21.000000
561446.59997559 5117148.51000977 2177.18994141 242 244 238 2.000000 21.000000
561453.70001221 5117151.32006836 2178.25000000 242 244 238 2.000000 21.000000
561444.33001709 5117155.64990234 2173.66992188 241 244 237 2.000000 21.000000
561449.47998047 5117155.65991211 2175.51000977 242 244 238 2.000000 21.000000
561447.21997070 5117160.05004883 2172.38989258 242 244 238 2.000000 21.000000
561452.16998291 5117159.97998047 2175.81005859 242 244 238 2.000000 21.000000
561442.45001221 5117164.41992188 2169.08007813 244 246 240 2.000000 21.000000
561449.97998047 5117164.33007813 2173.73999023 243 245 239 2.000000 21.000000
561444.75000000 5117168.82006836 2169.67993164 238 240 234 2.000000 21.000000
561452.36999512 5117168.77001953 2173.53002930 246 246 237 2.000000 21.000000
561440.66998291 5117170.45996094 2166.86010742 243 246 240 2.000000 21.000000
561447.29998779 5117173.27001953 2169.47998047 244 246 238 2.000000 21.000000
561453.83001709 5117174.67993164 2172.87988281 230 232 222 2.000000 21.000000
561439.23999023 5117177.77001953 2164.13989258 244 246 239 2.000000 21.000000
561444.39001465 5117177.72998047 2166.75000000 245 246 238 2.000000 21.000000
561450.72998047 5117177.66992188 2170.11010742 240 242 234 2.000000 21.000000
561437.65997314 5117182.21997070 2162.37988281 246 246 238 2.000000 21.000000
561442.88000488 5117182.19995117 2164.64990234 240 241 233 2.000000 21.000000
561447.96002197 5117182.12988281 2167.70996094 214 214 207 2.000000 21.000000
561453.04998779 5117182.10009766 2170.16992188 216 214 204 2.000000 21.000000
561436.26000977 5117186.68994141 2159.62011719 240 240 234 2.000000 21.000000
561441.42999268 5117186.62011719 2162.79003906 246 246 240 2.000000 21.000000
561446.61999512 5117186.58007813 2165.37988281 219 218 209 2.000000 21.000000
561451.75000000 5117186.53002930 2167.91992188 218 218 210 2.000000 21.000000
561439.21997070 5117191.09008789 2160.22998047 240 240 234 2.000000 21.000000
561444.39001465 5117191.03002930 2163.05004883 224 227 219 2.000000 21.000000
561449.54998779 5117190.98999023 2165.52001953 227 228 218 2.000000 21.000000
561434.77001953 5117192.72998047 2156.75000000 236 236 230 2.000000 21.000000
561442.53002930 5117195.48999023 2160.72998047 216 220 212 2.000000 21.000000
561447.67999268 5117195.43994141 2163.18994141 246 248 238 2.000000 21.000000
561452.84997559 5117195.41992188 2165.14990234 243 244 235 2.000000 21.000000
561437.88000488 5117197.07006836 2158.05004883 228 230 224 2.000000 21.000000
561433.66998291 5117199.93994141 2155.00000000 227 229 223 2.000000 21.000000
561445.46002197 5117199.86010742 2160.13989258 242 244 234 2.000000 21.000000
561450.63000488 5117199.82006836 2162.39990234 242 243 234 2.000000 21.000000
561441.15002441 5117201.52001953 2157.59008789 245 246 240 2.000000 21.000000
561437.09997559 5117204.31005859 2154.85009766 243 242 236 2.000000 21.000000
561448.85998535 5117204.20996094 2160.14990234 242 244 236 2.000000 21.000000
561453.92999268 5117204.13989258 2163.12988281 240 239 233 2.000000 21.000000
561443.91998291 5117205.94995117 2157.26000977 244 244 238 2.000000 21.000000
561432.04998779 5117206.08007813 2152.11010742 245 242 236 2.000000 21.000000
561440.03002930 5117208.73999023 2154.36010742 237 237 231 2.000000 21.000000
561451.59002686 5117208.59008789 2160.85009766 234 235 228 2.000000 21.000000
561446.32000732 5117210.32006836 2157.85009766 244 246 238 2.000000 21.000000
561435.94000244 5117210.50000000 2152.06005859 246 244 238 2.000000 21.000000
561430.63000488 5117210.58007813 2149.42993164 242 241 235 2.000000 21.000000
561453.03997803 5117214.54003906 2161.75000000 232 231 223 2.000000 21.000000
561444.15997314 5117214.73999023 2156.01000977 236 236 229 2.000000 21.000000
561439.03002930 5117214.87011719 2152.44995117 241 241 235 2.000000 21.000000
561433.77001953 5117214.95996094 2149.57006836 244 244 238 2.000000 21.000000
561428.84002686 5117217.69995117 2146.70996094 245 245 239 2.000000 21.000000
561448.40002441 5117217.37011719 2158.69995117 235 236 226 2.000000 21.000000
561441.78002930 5117219.17993164 2154.14990234 232 232 222 2.000000 21.000000
561436.59002686 5117219.29003906 2150.80004883 226 225 216 2.000000 21.000000
561432.34997559 5117222.03002930 2148.05004883 228 228 219 2.000000 21.000000
561451.58001709 5117221.67993164 2160.37988281 228 230 220 2.000000 21.000000
561446.58001709 5117223.44995117 2156.97998047 225 226 216 2.000000 21.000000
561438.82000732 5117223.61010742 2152.40991211 229 229 219 2.000000 21.000000
561428.34002686 5117223.85009766 2145.67993164 223 224 214 2.000000 21.000000
561434.83001709 5117226.32006836 2149.40991211 232 233 222 2.000000 21.000000
561442.60998535 5117226.17993164 2154.45996094 225 226 214 2.000000 21.000000
561453.95001221 5117227.63989258 2160.39990234 228 230 218 2.000000 21.000000
561426.66998291 5117228.22998047 2143.84008789 224 226 214 2.000000 21.000000
561430.66998291 5117230.77001953 2145.93994141 228 228 216 2.000000 21.000000
561438.58001709 5117230.63989258 2150.66992188 224 226 212 2.000000 21.000000
561445.09997559 5117230.55004883 2154.17993164 228 230 216 2.000000 21.000000
561450.21997070 5117230.45996094 2157.29003906 226 227 214 2.000000 21.000000
561426.20001221 5117235.26000977 2141.77001953 229 229 217 2.000000 21.000000
561434.15997314 5117235.12011719 2146.50000000 227 228 215 2.000000 21.000000
561441.98999023 5117234.98999023 2151.16992188 227 228 215 2.000000 21.000000
561448.40997314 5117234.87011719 2155.16992188 226 226 214 2.000000 21.000000
561453.53002930 5117234.80004883 2158.08007813 221 221 209 2.000000 21.000000
561429.16998291 5117239.61010742 2142.14990234 230 230 218 2.000000 21.000000
561437.19000244 5117239.50000000 2146.37011719 227 226 215 2.000000 21.000000
561445.02001953 5117239.36010742 2151.14990234 224 224 212 2.000000 21.000000
561451.48999023 5117239.26000977 2154.76000977 233 233 221 2.000000 21.000000
561424.67999268 5117241.53002930 2139.86010742 228 229 217 2.000000 21.000000
561431.53997803 5117244.11010742 2141.26000977 224 224 212 2.000000 21.000000
561439.42999268 5117243.95996094 2146.02001953 228 228 216 2.000000 21.000000
561444.64001465 5117243.87988281 2148.94995117 210 210 198 2.000000 21.000000
561449.77001953 5117243.79003906 2152.10009766 226 226 212 2.000000 21.000000
561426.55999756 5117245.96997070 2138.31005859 222 224 212 2.000000 21.000000
561421.42999268 5117248.63989258 2134.69995117 228 228 218 2.000000 21.000000
561434.94000244 5117248.46997070 2141.51000977 228 227 216 2.000000 21.000000
561440.29998779 5117248.41992188 2143.75000000 218 217 206 2.000000 21.000000
561445.55999756 5117248.35009766 2146.40991211 231 230 217 2.000000 21.000000
561450.70001221 5117248.25000000 2149.70996094 235 234 221 2.000000 21.000000
561430.97998047 5117250.37988281 2137.83007813 218 218 209 2.000000 21.000000
561418.63000488 5117253.21997070 2130.04003906 230 231 228 2.000000 21.000000
561424.14001465 5117253.15991211 2132.66992188 245 244 237 2.000000 21.000000
561436.29998779 5117252.97998047 2138.97998047 226 226 216 2.000000 21.000000
561442.84997559 5117252.85009766 2143.17993164 229 229 218 2.000000 21.000000
561448.03002930 5117252.73999023 2146.51000977 234 233 220 2.000000 21.000000
561453.08001709 5117252.61010742 2150.37011719 231 232 218 2.000000 21.000000
561431.75000000 5117254.85009766 2135.66992188 244 243 235 2.000000 21.000000
561417.75000000 5117257.71997070 2127.28002930 246 248 244 2.000000 21.000000
561423.23999023 5117257.64990234 2129.88989258 247 248 242 2.000000 21.000000
561439.20001221 5117257.36010742 2139.45996094 240 239 228 2.000000 21.000000
561445.69000244 5117257.22998047 2143.56005859 228 228 216 2.000000 21.000000
561450.71997070 5117257.08007813 2147.67993164 230 230 218 2.000000 21.000000
561434.26000977 5117259.20996094 2135.72998047 247 247 238 2.000000 21.000000
561428.84002686 5117259.31005859 2132.78002930 248 248 242 2.000000 21.000000
561415.71002197 5117262.17993164 2124.62988281 248 248 244 2.000000 21.000000
561421.22998047 5117262.10009766 2127.58007813 248 250 244 2.000000 21.000000
561442.63000488 5117261.66992188 2140.76000977 234 232 221 2.000000 21.000000
561449.09997559 5117261.52001953 2145.16992188 232 232 220 2.000000 21.000000
561453.75000000 5117263.06005859 2148.45996094 224 222 210 2.000000 21.000000
561438.29998779 5117263.47998047 2137.90991211 234 234 226 2.000000 21.000000
561431.71002197 5117263.65991211 2133.56005859 248 248 240 2.000000 21.000000
561426.34997559 5117263.79003906 2130.19995117 248 250 243 2.000000 21.000000
561414.39001465 5117266.64990234 2122.47998047 248 248 244 2.000000 21.000000
561419.90997314 5117266.55004883 2125.63989258 248 248 244 2.000000 21.000000
561445.21997070 5117266.00000000 2142.00000000 212 210 200 2.000000 21.000000
561453.15997314 5117267.51000977 2146.14990234 224 222 212 2.000000 21.000000
561436.21997070 5117267.90991211 2135.85009766 247 247 239 2.000000 21.000000
561429.58001709 5117268.09008789 2131.37988281 244 246 238 2.000000 21.000000
561424.17999268 5117268.22998047 2127.93994141 248 250 244 2.000000 21.000000
561416.89001465 5117270.96997070 2122.97998047 248 248 244 2.000000 21.000000
561441.16998291 5117270.53002930 2137.13989258 232 232 220 2.000000 21.000000
561448.88000488 5117270.32006836 2142.92993164 230 230 220 2.000000 21.000000
561434.08001709 5117272.36010742 2133.37011719 242 244 236 2.000000 21.000000
561427.39001465 5117272.53002930 2129.14990234 246 248 241 2.000000 21.000000
561422.03997803 5117272.70996094 2124.89990234 248 248 244 2.000000 21.000000
561412.15002441 5117275.48999023 2119.04003906 248 248 244 2.000000 21.000000
561439.38000488 5117275.04003906 2133.96997070 246 248 240 2.000000 21.000000
561444.60998535 5117274.91992188 2137.41992188 218 219 212 2.000000 21.000000
561452.28002930 5117274.71997070 2143.10009766 236 236 226 2.000000 21.000000
561434.60998535 5117276.88989258 2130.50000000 246 245 238 2.000000 21.000000
561426.42999268 5117277.01000977 2126.87988281 247 247 242 2.000000 21.000000
561419.61999512 5117277.17993164 2122.63989258 248 248 244 2.000000 21.000000
561414.83001709 5117279.87011719 2119.35009766 248 248 244 2.000000 21.000000
561441.86999512 5117279.37011719 2134.89990234 234 234 226 2.000000 21.000000
561447.03002930 5117279.23999023 2138.65991211 233 231 221 2.000000 21.000000
561453.72998047 5117280.75000000 2142.58007813 230 229 219 2.000000 21.000000
561438.17999268 5117281.19995117 2131.79003906 243 243 235 2.000000 21.000000
561432.91998291 5117281.37011719 2127.68994141 246 247 240 2.000000 21.000000
561424.65002441 5117281.50000000 2124.05004883 248 248 244 2.000000 21.000000
561410.08001709 5117284.38989258 2115.63989258 248 248 244 2.000000 21.000000
561418.38000488 5117284.22998047 2120.50000000 248 248 244 2.000000 21.000000
561445.26000977 5117283.71997070 2136.28002930 232 232 222 2.000000 21.000000
561450.48999023 5117283.62988281 2139.28002930 234 234 224 2.000000 21.000000
561441.19000244 5117285.43994141 2133.27001953 230 232 220 2.000000 21.000000
561435.90002441 5117285.59008789 2129.54003906 240 242 232 2.000000 21.000000
561430.46997070 5117285.70996094 2126.60009766 246 248 242 2.000000 21.000000
561413.13000488 5117288.73999023 2117.10009766 248 248 242 2.000000 21.000000
561421.41998291 5117288.58007813 2122.03002930 248 248 242 2.000000 21.000000
561427.02001953 5117288.55004883 2123.89990234 248 248 242 2.000000 21.000000
561448.23999023 5117288.09008789 2137.37988281 228 228 216 2.000000 21.000000
561453.45001221 5117287.98999023 2140.38989258 228 228 218 2.000000 21.000000
561439.15002441 5117289.87011719 2130.98999023 236 238 226 2.000000 21.000000
561433.84997559 5117290.02001953 2127.35009766 230 232 223 2.000000 21.000000
561409.91998291 5117293.12011719 2114.82006836 248 248 242 2.000000 21.000000
561417.00000000 5117293.05004883 2117.57006836 248 248 242 2.000000 21.000000
561423.94000244 5117292.95996094 2120.92993164 248 248 242 2.000000 21.000000
561444.01000977 5117292.51000977 2133.80004883 232 232 220 2.000000 21.000000
561452.70001221 5117293.87011719 2139.23999023 235 234 224 2.000000 21.000000
561437.05999756 5117294.32006836 2128.57006836 234 236 226 2.000000 21.000000
561431.71997070 5117294.46997070 2125.04003906 230 232 224 2.000000 21.000000
561412.54998779 5117297.51000977 2113.93994141 248 248 242 2.000000 21.000000
561419.53997803 5117297.40991211 2117.37011719 248 248 242 2.000000 21.000000
561427.75000000 5117297.26000977 2122.15991211 238 236 230 2.000000 21.000000
561441.03002930 5117296.91992188 2131.33007813 236 236 225 2.000000 21.000000
561447.53997803 5117296.77001953 2135.63989258 236 236 225 2.000000 21.000000
561434.55999756 5117298.72998047 2126.83007813 237 237 228 2.000000 21.000000
561423.76000977 5117299.04003906 2119.50000000 240 239 232 2.000000 21.000000
561408.30999756 5117299.33007813 2111.75000000 248 248 242 2.000000 21.000000
561415.03997803 5117301.90991211 2113.72998047 248 248 242 2.000000 21.000000
561430.05999756 5117301.57006836 2123.50000000 238 236 229 2.000000 21.000000
561443.32000732 5117301.26000977 2132.38989258 240 240 229 2.000000 21.000000
561449.78997803 5117301.09008789 2136.91992188 235 235 224 2.000000 21.000000
561439.17999268 5117302.96997070 2129.67993164 238 238 228 2.000000 21.000000
561421.78997803 5117303.47998047 2117.61010742 236 236 228 2.000000 21.000000
561410.67999268 5117303.75000000 2110.98999023 248 248 242 2.000000 21.000000
561405.20001221 5117306.48999023 2107.35009766 248 248 243 2.000000 21.000000
561417.78002930 5117306.23999023 2114.89990234 238 238 230 2.000000 21.000000
561425.96002197 5117306.04003906 2120.37988281 238 239 228 2.000000 21.000000
561432.67999268 5117305.87988281 2124.87988281 239 239 229 2.000000 21.000000
561445.91998291 5117305.59008789 2133.17993164 234 233 222 2.000000 21.000000
561452.48999023 5117305.48999023 2136.55004883 233 232 224 2.000000 21.000000
561413.48999023 5117308.03002930 2111.97998047 241 239 232 2.000000 21.000000
561408.79998779 5117310.83007813 2108.79003906 242 242 236 2.000000 21.000000
561421.39001465 5117310.56005859 2116.44995117 238 238 228 2.000000 21.000000
561429.61999512 5117310.37988281 2121.62988281 234 234 223 2.000000 21.000000
561436.29998779 5117310.18994141 2126.69995117 223 224 215 2.000000 21.000000
561441.76000977 5117310.13989258 2128.89990234 222 222 213 2.000000 21.000000
561447.16998291 5117310.08007813 2131.19995117 210 212 206 2.000000 21.000000
561452.78002930 5117310.14990234 2131.22998047 236 242 240 2.000000 21.000000
561417.20001221 5117312.34008789 2113.59008789 238 236 226 2.000000 21.000000
561404.60998535 5117312.67993164 2105.37988281 244 244 237 2.000000 21.000000
561411.35998535 5117315.12011719 2109.53002930 236 236 227 2.000000 21.000000
561425.21002197 5117314.84008789 2117.78002930 234 233 221 2.000000 21.000000
561433.26000977 5117314.62988281 2123.55004883 218 220 211 2.000000 21.000000
561438.90002441 5117314.66992188 2123.97998047 232 238 230 2.000000 21.000000
561444.45001221 5117314.68994141 2124.95996094 252 252 246 2.000000 21.000000
561449.77001953 5117314.61010742 2127.67993164 249 248 242 2.000000 21.000000
561588.26998901 5117311.41992188 2218.41992188 236 235 225 2.000000 21.000000
561592.67999268 5117311.32006836 2221.44995117 236 234 223 2.000000 21.000000
561597.00000000 5117311.22998047 2224.11010742 234 234 222 2.000000 21.000000
561601.79000854 5117311.12988281 2227.30004883 236 236 224 2.000000 21.000000
561606.32000732 5117311.02001953 2230.43994141 236 236 223 2.000000 21.000000
561610.64999390 5117310.91992188 2233.39990234 236 236 222 2.000000 21.000000
561615.39999390 5117310.83007813 2236.32006836 234 234 220 2.000000 21.000000
561619.72000122 5117310.71997070 2239.54003906 233 232 218 2.000000 21.000000
561624.29000854 5117310.62011719 2242.61010742 234 232 218 2.000000 21.000000
561628.52999878 5117310.54003906 2245.34008789 233 232 218 2.000000 21.000000
561632.73999023 5117310.44995117 2248.19995117 232 234 219 2.000000 21.000000
561637.10998535 5117310.36010742 2251.37011719 234 234 221 2.000000 21.000000
561584.01998901 5117312.39990234 2215.80004883 236 236 226 2.000000 21.000000
561579.29000854 5117312.55004883 2212.37988281 235 234 224 2.000000 21.000000
561455.53997803 5117316.10009766 2130.09008789 248 248 244 2.000000 21.000000
561420.03997803 5117316.64990234 2114.43994141 236 235 224 2.000000 21.000000
561407.44000244 5117316.96997070 2106.65991211 238 238 228 2.000000 21.000000
561402.73999023 5117319.71997070 2103.04003906 236 236 226 2.000000 21.000000
561413.95001221 5117319.41992188 2111.12988281 236 235 225 2.000000 21.000000
561427.84002686 5117319.15991211 2118.96997070 225 228 219 2.000000 21.000000
561433.52001953 5117319.17993164 2119.87011719 221 226 222 2.000000 21.000000
561439.21997070 5117319.22998047 2120.28002930 250 251 244 2.000000 21.000000
561447.21997070 5117319.07006836 2125.05004883 248 248 242 2.000000 21.000000
561532.07000732 5117317.11010742 2180.27001953 244 245 238 2.000000 21.000000
561537.19000244 5117316.98999023 2183.62988281 244 246 238 2.000000 21.000000
561542.13000488 5117316.86010742 2187.18994141 244 244 236 2.000000 21.000000
561547.04000854 5117316.75000000 2190.39990234 242 242 232 2.000000 21.000000
561551.89999390 5117316.65991211 2193.18994141 243 242 233 2.000000 21.000000
561556.57000732 5117316.55004883 2196.40991211 240 240 232 2.000000 21.000000
561561.10998535 5117316.42993164 2199.53002930 240 240 232 2.000000 21.000000
561565.54000854 5117316.32006836 2202.69995117 240 238 230 2.000000 21.000000
561569.86999512 5117316.20996094 2205.68994141 239 238 229 2.000000 21.000000
561574.10000610 5117316.11010742 2208.59008789 238 238 227 2.000000 21.000000
561590.72000122 5117315.73999023 2219.57006836 236 236 225 2.000000 21.000000
561595.10000610 5117315.63989258 2222.45996094 238 238 226 2.000000 21.000000
561599.32000732 5117315.55004883 2225.22998047 237 236 225 2.000000 21.000000
561613.39999390 5117315.25000000 2234.37011719 236 234 220 2.000000 21.000000
561617.95001221 5117315.14990234 2237.37011719 234 232 218 2.000000 21.000000
561622.14999390 5117315.05004883 2240.35009766 234 231 218 2.000000 21.000000
561631.07000732 5117314.87011719 2246.12988281 234 234 222 2.000000 21.000000
561635.45999146 5117314.79003906 2248.93994141 235 234 224 2.000000 21.000000
561626.69000244 5117315.44995117 2243.31005859 234 232 220 2.000000 21.000000
561609.22000122 5117316.00000000 2231.56005859 234 233 218 2.000000 21.000000
561604.73001099 5117316.12988281 2228.62988281 233 232 219 2.000000 21.000000
561582.14999390 5117316.79003906 2213.92993164 236 236 225 2.000000 21.000000
561527.83999634 5117318.39990234 2177.33007813 246 246 240 2.000000 21.000000
561523.61999512 5117318.52001953 2174.54003906 246 246 240 2.000000 21.000000
561519.29998779 5117318.62988281 2171.87011719 246 247 240 2.000000 21.000000
561453.71997070 5117320.51000977 2128.13989258 248 248 242 2.000000 21.000000
561423.63000488 5117320.97998047 2114.91992188 214 217 210 2.000000 21.000000
561405.10998535 5117323.93994141 2105.60009766 232 233 224 2.000000 21.000000
561409.28997803 5117323.81005859 2108.84008789 228 228 218 2.000000 21.000000
561416.34002686 5117323.69995117 2112.37988281 197 203 199 2.000000 21.000000
561427.91998291 5117323.81005859 2113.07006836 247 251 244 2.000000 21.000000
561433.44000244 5117323.73999023 2115.70996094 248 249 244 2.000000 21.000000
561442.89001465 5117323.56005859 2121.11010742 248 248 243 2.000000 21.000000
561458.63000488 5117323.22998047 2130.69995117 246 248 242 2.000000 21.000000
561463.72998047 5117323.11010742 2134.01000977 246 246 242 2.000000 21.000000
561475.01000977 5117322.84008789 2141.50000000 248 248 244 2.000000 21.000000
561479.90997314 5117322.71997070 2144.82006836 248 248 244 2.000000 21.000000
561484.76000977 5117322.60009766 2148.01000977 248 248 242 2.000000 21.000000
561489.54000854 5117322.48999023 2151.19995117 248 248 242 2.000000 21.000000
561494.26998901 5117322.37011719 2154.31005859 248 248 242 2.000000 21.000000
561498.89999390 5117322.25000000 2157.65991211 248 247 242 2.000000 21.000000
561503.50000000 5117322.13989258 2160.72998047 248 247 242 2.000000 21.000000
561507.98999023 5117322.02001953 2163.97998047 248 246 242 2.000000 21.000000
561512.52999878 5117321.92993164 2166.65991211 246 246 240 2.000000 21.000000
561534.95001221 5117321.39990234 2181.53002930 245 245 236 2.000000 21.000000
561540.05999756 5117321.29003906 2184.72998047 234 234 224 2.000000 21.000000
561545.00000000 5117321.15991211 2188.12988281 242 242 232 2.000000 21.000000
561549.79998779 5117321.03002930 2191.66992188 236 236 226 2.000000 21.000000
561554.58999634 5117320.92993164 2194.62011719 239 239 229 2.000000 21.000000
561559.17001343 5117320.80004883 2198.05004883 238 238 229 2.000000 21.000000
561576.60000610 5117320.38989258 2209.82006836 236 237 224 2.000000 21.000000
561585.55999756 5117320.21997070 2215.22998047 239 239 229 2.000000 21.000000
561602.26998901 5117319.84008789 2226.26000977 235 233 222 2.000000 21.000000
561616.00000000 5117319.55004883 2235.06005859 232 231 217 2.000000 21.000000
561620.38000488 5117319.44995117 2238.14990234 234 232 219 2.000000 21.000000
561633.91000366 5117319.18994141 2246.76000977 236 236 224 2.000000 21.000000
561638.27999878 5117319.11010742 2249.62988281 236 234 223 2.000000 21.000000
561629.61999512 5117319.75000000 2243.80004883 236 234 224 2.000000 21.000000
561625.42999268 5117319.88989258 2241.05004883 236 234 222 2.000000 21.000000
561611.76998901 5117320.31005859 2232.02001953 236 234 221 2.000000 21.000000
561607.35998535 5117320.42993164 2229.28002930 234 234 220 2.000000 21.000000
561597.92001343 5117320.69995117 2223.35009766 238 237 226 2.000000 21.000000
561593.63000488 5117320.83007813 2220.43994141 238 238 226 2.000000 21.000000
561572.07000732 5117321.41992188 2206.94995117 236 235 224 2.000000 21.000000
561567.75000000 5117321.55004883 2204.08007813 236 235 225 2.000000 21.000000
561563.33999634 5117321.68994141 2201.05004883 238 238 228 2.000000 21.000000
561530.48999023 5117322.68994141 2178.39990234 246 246 237 2.000000 21.000000
561526.29998779 5117322.82006836 2175.55004883 246 247 239 2.000000 21.000000
561522.01998901 5117322.93994141 2172.75000000 246 248 240 2.000000 21.000000
561517.67001343 5117323.05004883 2169.97998047 244 246 239 2.000000 21.000000
561470.90002441 5117324.39990234 2138.73999023 248 248 243 2.000000 21.000000
561451.70001221 5117324.93994141 2126.14990234 248 248 242 2.000000 21.000000
561438.34997559 5117325.27001953 2118.12988281 248 247 242 2.000000 21.000000
561423.11999512 5117325.56005859 2110.53002930 248 250 245 2.000000 21.000000
561411.51000977 5117328.23999023 2107.12011719 184 196 195 2.000000 21.000000
561417.34002686 5117328.29003906 2107.66992188 240 242 238 2.000000 21.000000
561431.36999512 5117328.13989258 2113.50000000 248 248 242 2.000000 21.000000
561446.19000244 5117327.83007813 2122.42993164 248 247 242 2.000000 21.000000
561455.36999512 5117327.62011719 2128.31005859 246 246 240 2.000000 21.000000
561466.85998535 5117327.33007813 2136.01000977 247 248 242 2.000000 21.000000
561537.60998535 5117325.64990234 2182.65991211 240 238 228 2.000000 21.000000
561542.60000610 5117325.53002930 2185.96997070 245 246 236 2.000000 21.000000
561547.45999146 5117325.40991211 2189.33007813 238 240 230 2.000000 21.000000
561579.41000366 5117324.65991211 2210.57006836 237 237 225 2.000000 21.000000
561588.13000488 5117324.47998047 2216.00000000 242 241 231 2.000000 21.000000
561619.05999756 5117323.82006836 2236.00000000 234 232 220 2.000000 21.000000
561636.77999878 5117323.50000000 2247.03002930 235 234 222 2.000000 21.000000
561632.19000244 5117324.01000977 2244.38989258 236 234 222 2.000000 21.000000
561623.91000366 5117324.28002930 2238.94995117 236 234 222 2.000000 21.000000
561614.69000244 5117324.55004883 2233.02001953 234 234 222 2.000000 21.000000
561605.41000366 5117324.83007813 2227.08007813 234 232 222 2.000000 21.000000
561600.70001221 5117324.95996094 2224.14990234 234 234 224 2.000000 21.000000
561574.63000488 5117325.71997070 2207.28002930 234 234 222 2.000000 21.000000
561570.32998657 5117325.84008789 2204.57006836 236 234 222 2.000000 21.000000
561565.88000488 5117325.94995117 2201.96997070 238 236 226 2.000000 21.000000
561561.39001465 5117326.09008789 2198.98999023 236 236 226 2.000000 21.000000
561556.82998657 5117326.22998047 2195.75000000 236 236 226 2.000000 21.000000
561552.14999390 5117326.37011719 2192.58007813 236 236 226 2.000000 21.000000
561533.45999146 5117326.94995117 2179.64990234 240 240 229 2.000000 21.000000
561515.39001465 5117327.45996094 2167.89990234 246 246 240 2.000000 21.000000
561510.98001099 5117327.58007813 2165.07006836 247 246 240 2.000000 21.000000
561506.48999023 5117327.70996094 2162.13989258 248 246 242 2.000000 21.000000
561501.95999146 5117327.84008789 2159.12011719 248 248 242 2.000000 21.000000
561497.35000610 5117327.96997070 2156.17993164 246 246 240 2.000000 21.000000
561492.67999268 5117328.10009766 2153.09008789 248 248 244 2.000000 21.000000
561487.96002197 5117328.23999023 2149.87988281 233 235 232 2.000000 21.000000
561483.17999268 5117328.38989258 2146.57006836 244 245 239 2.000000 21.000000
561478.33001709 5117328.52001953 2143.36010742 244 244 237 2.000000 21.000000
561473.40002441 5117328.66992188 2140.07006836 248 246 240 2.000000 21.000000
561462.09002686 5117328.98999023 2132.54003906 246 246 241 2.000000 21.000000
561441.15997314 5117329.58007813 2118.85009766 248 248 242 2.000000 21.000000
561435.73999023 5117329.70996094 2115.58007813 248 248 242 2.000000 21.000000
561427.46997070 5117329.89990234 2110.86010742 248 248 243 2.000000 21.000000
561405.78002930 5117330.02001953 2105.35009766 222 222 216 2.000000 21.000000
561402.59997559 5117332.71997070 2102.48999023 218 224 222 2.000000 21.000000
561408.65002441 5117332.87011719 2101.19995117 201 213 210 2.000000 21.000000
561414.36999512 5117332.80004883 2103.71997070 247 250 245 2.000000 21.000000
561420.05999756 5117332.72998047 2106.22998047 250 248 244 2.000000 21.000000
561448.64001465 5117332.12988281 2123.47998047 246 246 242 2.000000 21.000000
561457.78997803 5117331.91992188 2129.40991211 247 247 241 2.000000 21.000000
561469.25000000 5117331.62011719 2137.23999023 243 244 236 2.000000 21.000000
561519.72000122 5117330.43994141 2170.12011719 246 245 238 2.000000 21.000000
561523.95001221 5117330.32006836 2173.30004883 240 241 234 2.000000 21.000000
561528.20999146 5117330.21997070 2175.97998047 244 243 233 2.000000 21.000000
561540.50000000 5117329.92993164 2184.13989258 238 238 227 2.000000 21.000000
561545.41000366 5117329.81005859 2187.51000977 238 239 228 2.000000 21.000000
561582.01998901 5117328.97998047 2211.29003906 239 238 228 2.000000 21.000000
561590.60000610 5117328.78002930 2216.88989258 240 238 227 2.000000 21.000000
561595.04998779 5117328.67993164 2219.80004883 237 236 224 2.000000 21.000000
561608.76000977 5117328.40991211 2228.29003906 234 232 222 2.000000 21.000000
561621.55999756 5117328.13989258 2236.46997070 234 234 222 2.000000 21.000000
561627.07000732 5117328.03002930 2240.02001953 234 234 222 2.000000 21.000000
561635.30999756 5117327.87988281 2245.09008789 234 232 222 2.000000 21.000000
561613.04000854 5117328.93994141 2230.88989258 234 234 222 2.000000 21.000000
561603.54000854 5117329.21997070 2224.87988281 234 233 222 2.000000 21.000000
561577.33999634 5117329.97998047 2208.16992188 236 236 224 2.000000 21.000000
561573.16000366 5117330.10009766 2205.36010742 236 236 226 2.000000 21.000000
561559.89001465 5117330.46997070 2197.05004883 237 238 228 2.000000 21.000000
561555.32998657 5117330.62011719 2193.79003906 238 238 228 2.000000 21.000000
561550.63000488 5117330.76000977 2190.56005859 236 236 226 2.000000 21.000000
561535.83999634 5117331.18994141 2180.82006836 236 238 226 2.000000 21.000000
561513.58999634 5117331.84008789 2165.97998047 246 246 238 2.000000 21.000000
561509.10998535 5117331.95996094 2163.17993164 246 246 240 2.000000 21.000000
561504.57000732 5117332.09008789 2160.33007813 246 246 242 2.000000 21.000000
561499.95999146 5117332.20996094 2157.41992188 247 247 242 2.000000 21.000000
561495.25000000 5117332.32006836 2154.76000977 246 246 240 2.000000 21.000000
561480.88000488 5117332.71997070 2145.53002930 232 234 228 2.000000 21.000000
561475.98999023 5117332.87011719 2142.14990234 240 240 233 2.000000 21.000000
561464.78002930 5117333.21997070 2134.18994141 234 237 228 2.000000 21.000000
561453.21997070 5117333.56005859 2126.41992188 246 246 240 2.000000 21.000000
561443.97998047 5117333.82006836 2120.34008789 246 246 244 2.000000 21.000000
561438.60998535 5117333.95996094 2116.93994141 248 247 244 2.000000 21.000000
561433.19000244 5117334.11010742 2113.48999023 248 248 244 2.000000 21.000000
561424.95001221 5117334.32006836 2108.37011719 248 248 242 2.000000 21.000000
561397.60998535 5117337.44995117 2094.10009766 231 238 234 2.000000 21.000000
561403.45001221 5117337.39990234 2096.29003906 246 248 244 2.000000 21.000000
561410.63000488 5117337.30004883 2099.71997070 246 249 242 2.000000 21.000000
561417.71997070 5117337.17993164 2103.51000977 248 248 242 2.000000 21.000000
561428.79998779 5117336.93994141 2110.20996094 248 248 244 2.000000 21.000000
561460.46997070 5117336.14990234 2131.44995117 238 238 230 2.000000 21.000000
561471.65997314 5117335.81005859 2139.97998047 227 232 226 2.000000 21.000000
561485.09002686 5117335.48999023 2148.89990234 248 248 242 2.000000 21.000000
561489.95999146 5117335.40991211 2151.42993164 248 248 242 2.000000 21.000000
561517.55999756 5117334.83007813 2168.00000000 228 226 218 2.000000 21.000000
561531.35000610 5117334.47998047 2177.55004883 238 238 228 2.000000 21.000000
561543.45999146 5117334.17993164 2185.77001953 238 236 226 2.000000 21.000000
561564.22000122 5117333.71997070 2199.00000000 236 238 227 2.000000 21.000000
561568.66000366 5117333.62011719 2201.78002930 235 237 227 2.000000 21.000000
561585.17001343 5117333.22998047 2212.80004883 238 236 224 2.000000 21.000000
561597.92999268 5117332.95996094 2220.77001953 234 234 221 2.000000 21.000000
561606.83999634 5117332.78002930 2226.21997070 234 234 222 2.000000 21.000000
561616.75000000 5117332.58007813 2232.45996094 234 234 222 2.000000 21.000000
561624.47000122 5117332.42993164 2237.20996094 234 234 223 2.000000 21.000000
561629.85000610 5117332.33007813 2240.55004883 234 232 222 2.000000 21.000000
561638.10000610 5117332.16992188 2245.69995117 232 230 219 2.000000 21.000000
561611.44000244 5117333.33007813 2228.90991211 234 234 223 2.000000 21.000000
561593.76998901 5117333.82006836 2217.97998047 234 234 220 2.000000 21.000000
561580.60998535 5117334.19995117 2209.66992188 238 237 225 2.000000 21.000000
561575.69000244 5117334.35009766 2206.37988281 236 238 226 2.000000 21.000000
561558.04998779 5117334.85009766 2195.05004883 236 238 226 2.000000 21.000000
561553.42001343 5117335.00000000 2191.73999023 238 238 226 2.000000 21.000000
561548.60998535 5117335.12988281 2188.69995117 240 239 228 2.000000 21.000000
561538.67999268 5117335.39990234 2182.42993164 236 237 226 2.000000 21.000000
561527.33999634 5117335.73999023 2174.75000000 239 240 230 2.000000 21.000000
561523.08999634 5117335.87011719 2171.92993164 244 245 236 2.000000 21.000000
561503.22000122 5117336.47998047 2158.22998047 248 246 240 2.000000 21.000000
561477.92999268 5117337.03002930 2144.71997070 246 246 240 2.000000 21.000000
561466.84997559 5117337.39990234 2136.59008789 238 240 232 2.000000 21.000000
561455.47998047 5117337.79003906 2127.98999023 242 242 234 2.000000 21.000000
561450.28997803 5117337.95996094 2124.21997070 243 243 237 2.000000 21.000000
561441.03997803 5117338.23999023 2117.89990234 248 248 242 2.000000 21.000000
561435.66998291 5117338.38989258 2114.32006836 248 248 243 2.000000 21.000000
561423.32000732 5117338.73999023 2106.35009766 248 248 244 2.000000 21.000000
561395.71002197 5117341.93994141 2090.58007813 249 250 246 2.000000 21.000000
561401.57000732 5117341.87011719 2092.95996094 248 250 243 2.000000 21.000000
561405.86999512 5117341.78002930 2095.57006836 249 250 246 2.000000 21.000000
561414.41998291 5117341.61010742 2100.38989258 248 250 244 2.000000 21.000000
561445.84002686 5117340.84008789 2121.09008789 239 238 232 2.000000 21.000000
561462.54998779 5117340.33007813 2133.87988281 238 239 231 2.000000 21.000000
561473.82000732 5117340.03002930 2141.80004883 246 248 241 2.000000 21.000000
561482.59002686 5117339.88989258 2146.12988281 247 247 243 2.000000 21.000000
561487.57000732 5117339.83007813 2148.30004883 248 248 242 2.000000 21.000000
561492.45001221 5117339.76000977 2150.65991211 247 247 242 2.000000 21.000000
561497.17999268 5117339.64990234 2153.65991211 246 246 240 2.000000 21.000000
561507.57000732 5117339.40991211 2160.29003906 246 244 236 2.000000 21.000000
561511.98001099 5117339.27001953 2163.77001953 243 240 230 2.000000 21.000000
561534.42999268 5117338.70996094 2178.89990234 240 240 232 2.000000 21.000000
561561.54998779 5117338.07006836 2196.70996094 236 237 226 2.000000 21.000000
561571.26998901 5117337.84008789 2203.13989258 236 238 226 2.000000 21.000000
561588.39001465 5117337.45996094 2214.23999023 233 232 218 2.000000 21.000000
561600.98999023 5117337.22998047 2221.54003906 234 232 220 2.000000 21.000000
561615.14999390 5117336.93994141 2230.37988281 234 234 222 2.000000 21.000000
561619.75000000 5117336.85009766 2233.16992188 234 234 222 2.000000 21.000000
561627.02999878 5117336.70996094 2237.76000977 234 234 222 2.000000 21.000000
561632.57000732 5117336.62011719 2241.03002930 234 232 220 2.000000 21.000000
561609.64001465 5117337.77001953 2226.75000000 234 234 222 2.000000 21.000000
561596.60998535 5117338.12011719 2218.97998047 234 232 218 2.000000 21.000000
561583.55999756 5117338.46997070 2211.10009766 235 233 220 2.000000 21.000000
561578.67999268 5117338.61010742 2207.95996094 236 235 222 2.000000 21.000000
561566.70999146 5117338.95996094 2200.14990234 236 238 226 2.000000 21.000000
561555.77999878 5117339.29003906 2192.93994141 238 238 226 2.000000 21.000000
561551.04998779 5117339.42993164 2189.81005859 238 238 228 2.000000 21.000000
561546.20999146 5117339.57006836 2186.60009766 239 237 229 2.000000 21.000000
561541.23001099 5117339.69995117 2183.47998047 240 240 232 2.000000 21.000000
561530.04998779 5117340.05004883 2175.77001953 222 222 212 2.000000 21.000000
561520.45001221 5117340.33007813 2169.53002930 219 217 204 2.000000 21.000000
561516.13000488 5117340.46997070 2166.39990234 220 218 204 2.000000 21.000000
561501.58999634 5117340.91992188 2156.18994141 248 246 240 2.000000 21.000000
561469.80999756 5117341.62011719 2139.09008789 226 234 230 2.000000 21.000000
561458.42999268 5117341.96997070 2131.22998047 238 238 230 2.000000 21.000000
561452.01000977 5117342.17993164 2126.48999023 240 241 232 2.000000 21.000000
561438.96002197 5117342.64990234 2116.22998047 249 248 242 2.000000 21.000000
561433.57000732 5117342.81005859 2112.62988281 249 248 244 2.000000 21.000000
561428.13000488 5117342.95996094 2109.02001953 248 249 243 2.000000 21.000000
561421.23999023 5117343.15991211 2104.45996094 248 248 242 2.000000 21.000000
561394.04998779 5117346.44995117 2087.43994141 248 248 244 2.000000 21.000000
561399.89001465 5117346.34008789 2090.62988281 248 248 244 2.000000 21.000000
561404.22998047 5117346.25000000 2093.17993164 250 250 246 2.000000 21.000000
561408.52001953 5117346.14990234 2095.92993164 246 248 244 2.000000 21.000000
561412.77001953 5117346.05004883 2098.65991211 249 248 244 2.000000 21.000000
561416.98999023 5117345.93994141 2101.54003906 249 250 244 2.000000 21.000000
561442.89001465 5117345.26000977 2119.20996094 238 236 228 2.000000 21.000000
561448.14001465 5117345.11010742 2123.10009766 241 239 231 2.000000 21.000000
561464.77001953 5117344.62011719 2135.40991211 214 217 210 2.000000 21.000000
561476.21997070 5117344.43994141 2141.09008789 242 244 240 2.000000 21.000000
561481.25000000 5117344.37988281 2143.31005859 247 248 243 2.000000 21.000000
561486.15997314 5117344.29003906 2145.98999023 246 247 242 2.000000 21.000000
561495.73001099 5117344.09008789 2151.78002930 246 246 240 2.000000 21.000000
561510.60000610 5117343.70996094 2161.87988281 242 240 229 2.000000 21.000000
561524.73001099 5117343.32006836 2171.88989258 205 207 196 2.000000 21.000000
561537.14999390 5117342.97998047 2180.79003906 244 242 237 2.000000 21.000000
561559.61999512 5117342.47998047 2194.97998047 240 238 228 2.000000 21.000000
561573.70001221 5117342.11010742 2204.85009766 232 232 219 2.000000 21.000000
561590.92001343 5117341.80004883 2214.59008789 234 233 220 2.000000 21.000000
561603.98001099 5117341.54003906 2222.42993164 234 232 220 2.000000 21.000000
561613.07998657 5117341.36010742 2227.89990234 234 233 221 2.000000 21.000000
561617.82998657 5117341.26000977 2230.96997070 234 234 221 2.000000 21.000000
561622.32998657 5117341.16992188 2233.65991211 234 234 221 2.000000 21.000000
561629.92999268 5117341.03002930 2238.29003906 234 234 221 2.000000 21.000000
561635.19000244 5117340.92993164 2241.56005859 234 234 220 2.000000 21.000000
561599.19000244 5117342.40991211 2219.26000977 234 232 220 2.000000 21.000000
561586.36999512 5117342.71997070 2212.11010742 234 232 220 2.000000 21.000000
561581.58999634 5117342.85009766 2209.17993164 234 232 218 2.000000 21.000000
561568.82998657 5117343.16992188 2201.86010742 238 238 224 2.000000 21.000000
561564.47000122 5117343.32006836 2198.70996094 240 238 226 2.000000 21.000000
561553.51998901 5117343.67993164 2190.91992188 239 238 230 2.000000 21.000000
561548.63000488 5117343.79003906 2188.18994141 238 237 229 2.000000 21.000000
561543.67999268 5117343.92993164 2185.06005859 241 240 233 2.000000 21.000000
561532.54000854 5117344.28002930 2177.41992188 249 249 241 2.000000 21.000000
561506.50000000 5117345.12011719 2159.03002930 240 238 230 2.000000 21.000000
561491.38000488 5117345.58007813 2148.71997070 246 246 240 2.000000 21.000000
561456.14001465 5117346.38989258 2129.45996094 231 231 224 2.000000 21.000000
561436.50000000 5117347.05004883 2114.91992188 232 231 224 2.000000 21.000000
561431.10998535 5117347.21997070 2111.08007813 242 242 236 2.000000 21.000000
561425.64001465 5117347.37988281 2107.42993164 248 248 242 2.000000 21.000000
561392.41998291 5117350.89990234 2085.14990234 248 248 244 2.000000 21.000000
561396.79998779 5117350.79003906 2087.90991211 248 248 244 2.000000 21.000000
561419.53002930 5117350.18994141 2103.41992188 244 244 238 2.000000 21.000000
561439.96002197 5117349.62988281 2117.73999023 240 238 229 2.000000 21.000000
561445.26000977 5117349.47998047 2121.51000977 238 236 227 2.000000 21.000000
561450.46002197 5117349.31005859 2125.62011719 223 223 216 2.000000 21.000000
561460.98999023 5117349.13989258 2131.07006836 242 243 237 2.000000 21.000000
561466.23999023 5117349.08007813 2133.27001953 248 247 242 2.000000 21.000000
561471.35998535 5117348.98999023 2135.93994141 248 247 242 2.000000 21.000000
561476.44000244 5117348.89990234 2138.57006836 245 246 242 2.000000 21.000000
561483.78997803 5117348.71997070 2143.43994141 246 246 240 2.000000 21.000000
561498.07000732 5117348.35009766 2153.02001953 248 248 242 2.000000 21.000000
561502.63000488 5117348.20996094 2156.60009766 244 244 237 2.000000 21.000000
561512.76000977 5117347.92993164 2163.75000000 199 197 185 2.000000 21.000000
561517.16000366 5117347.81005859 2166.82006836 216 214 204 2.000000 21.000000
561521.54998779 5117347.71997070 2169.45996094 231 231 219 2.000000 21.000000
561527.98001099 5117347.57006836 2173.65991211 244 244 236 2.000000 21.000000
561540.30999756 5117347.25000000 2182.03002930 241 241 234 2.000000 21.000000
561557.75000000 5117346.84008789 2193.28002930 244 242 234 2.000000 21.000000
561576.26998901 5117346.39990234 2205.47998047 233 233 219 2.000000 21.000000
561593.91000366 5117346.08007813 2215.40991211 234 232 220 2.000000 21.000000
561606.64001465 5117345.84008789 2222.88989258 234 232 220 2.000000 21.000000
561611.13000488 5117345.73999023 2225.79003906 234 233 220 2.000000 21.000000
561616.04998779 5117345.64990234 2228.67993164 234 233 220 2.000000 21.000000
561620.64999390 5117345.56005859 2231.48999023 234 233 220 2.000000 21.000000
561624.95999146 5117345.46997070 2234.10009766 233 233 220 2.000000 21.000000
561632.64001465 5117345.33007813 2238.82006836 233 232 219 2.000000 21.000000
561637.19000244 5117345.67993164 2241.61010742 232 232 219 2.000000 21.000000
561601.86999512 5117346.71997070 2219.87988281 234 232 220 2.000000 21.000000
561589.29000854 5117347.06005859 2212.43994141 233 232 220 2.000000 21.000000
561584.50000000 5117347.17993164 2209.73999023 234 233 220 2.000000 21.000000
561571.82000732 5117347.48999023 2202.64990234 232 232 218 2.000000 21.000000
561562.02999878 5117347.77001953 2196.36010742 241 240 230 2.000000 21.000000
561551.83999634 5117348.11010742 2189.13989258 241 242 234 2.000000 21.000000
561547.04000854 5117348.27001953 2185.72998047 243 244 236 2.000000 21.000000
561535.86999512 5117348.56005859 2179.08007813 244 244 238 2.000000 21.000000
561494.23001099 5117349.87988281 2150.08007813 245 244 238 2.000000 21.000000
561489.54000854 5117350.04003906 2146.65991211 246 246 240 2.000000 21.000000
561432.97998047 5117351.46997070 2113.31005859 237 237 230 2.000000 21.000000
561427.54998779 5117351.63989258 2109.43994141 240 241 233 2.000000 21.000000
561415.09997559 5117352.04003906 2100.55004883 242 242 234 2.000000 21.000000
561410.88000488 5117352.18994141 2097.39990234 246 246 239 2.000000 21.000000
561406.61999512 5117352.31005859 2094.57006836 248 248 242 2.000000 21.000000
561402.32000732 5117352.43994141 2091.69995117 248 248 243 2.000000 21.000000
561421.75000000 5117354.36010742 2105.75000000 240 241 232 2.000000 21.000000
561436.65997314 5117353.94995117 2116.25000000 240 237 228 2.000000 21.000000
561441.96997070 5117353.79003906 2120.13989258 235 234 226 2.000000 21.000000
561448.83001709 5117353.76000977 2122.29003906 232 231 223 2.000000 21.000000
561454.14001465 5117353.66992188 2125.03002930 249 249 243 2.000000 21.000000
561459.42999268 5117353.59008789 2127.44995117 249 250 244 2.000000 21.000000
561464.71002197 5117353.54003906 2129.47998047 247 249 244 2.000000 21.000000
561469.79998779 5117353.43994141 2132.47998047 248 248 244 2.000000 21.000000
561474.82000732 5117353.32006836 2135.69995117 247 246 242 2.000000 21.000000
561479.75000000 5117353.18994141 2139.04003906 247 246 242 2.000000 21.000000
561500.97000122 5117352.57006836 2154.64990234 243 242 234 2.000000 21.000000
561505.50000000 5117352.42993164 2158.11010742 238 238 230 2.000000 21.000000
561510.00000000 5117352.31005859 2161.13989258 234 234 224 2.000000 21.000000
561515.60998535 5117352.18994141 2164.57006836 236 235 224 2.000000 21.000000
561524.20001221 5117351.93994141 2170.88989258 234 234 224 2.000000 21.000000
561530.52999878 5117351.78002930 2175.13989258 244 244 236 2.000000 21.000000
561542.95001221 5117351.54003906 2182.30004883 240 239 233 2.000000 21.000000
561555.45999146 5117351.19995117 2191.04003906 242 242 232 2.000000 21.000000
561565.32998657 5117350.90991211 2198.62011719 237 236 225 2.000000 21.000000
561579.48001099 5117350.67993164 2205.95996094 232 232 219 2.000000 21.000000
561596.85998535 5117350.35009766 2215.88989258 232 232 220 2.000000 21.000000
561609.32998657 5117350.10009766 2223.41992188 232 232 220 2.000000 21.000000
561613.73999023 5117350.01000977 2226.20996094 232 232 220 2.000000 21.000000
561619.07998657 5117349.89990234 2229.52001953 232 232 218 2.000000 21.000000
561627.64999390 5117349.73999023 2234.69995117 232 232 218 2.000000 21.000000
561635.52999878 5117350.08007813 2239.41992188 230 230 216 2.000000 21.000000
561604.64001465 5117351.02001953 2220.21997070 233 233 220 2.000000 21.000000
561592.35000610 5117351.35009766 2213.06005859 232 232 220 2.000000 21.000000
561587.69000244 5117351.47998047 2210.27001953 232 232 220 2.000000 21.000000
561575.20999146 5117351.79003906 2203.38989258 230 230 218 2.000000 21.000000
561569.97000122 5117351.92993164 2200.30004883 228 226 214 2.000000 21.000000
561559.86999512 5117352.17993164 2194.70996094 242 240 230 2.000000 21.000000
561549.64999390 5117352.55004883 2186.86010742 244 244 236 2.000000 21.000000
561538.69000244 5117352.87988281 2179.66992188 240 240 232 2.000000 21.000000
561519.67999268 5117353.43994141 2167.26000977 240 242 231 2.000000 21.000000
561497.08999634 5117354.14990234 2151.83007813 218 218 210 2.000000 21.000000
561486.38000488 5117354.46997070 2144.71997070 246 245 240 2.000000 21.000000
561430.40002441 5117355.85009766 2112.61010742 238 238 230 2.000000 21.000000
561399.64001465 5117356.85009766 2090.62988281 242 242 236 2.000000 21.000000
561395.36999512 5117357.05004883 2086.52001953 248 248 240 2.000000 21.000000
561391.78997803 5117359.53002930 2083.98999023 248 248 242 2.000000 21.000000
561403.26000977 5117359.12011719 2093.54003906 242 242 234 2.000000 21.000000
561407.51000977 5117358.98999023 2096.80004883 242 242 234 2.000000 21.000000
561411.76000977 5117358.87011719 2099.76000977 240 240 232 2.000000 21.000000
561415.96997070 5117358.76000977 2102.56005859 240 240 230 2.000000 21.000000
561424.23999023 5117358.51000977 2108.72998047 237 238 228 2.000000 21.000000
561439.36999512 5117358.22998047 2116.93994141 198 201 196 2.000000 21.000000
561444.96997070 5117358.23999023 2118.00000000 232 235 229 2.000000 21.000000
561451.63000488 5117358.12011719 2121.58007813 250 250 243 2.000000 21.000000
561457.03002930 5117358.08007813 2123.41992188 248 248 244 2.000000 21.000000
561462.27001953 5117357.98999023 2126.19995117 248 248 243 2.000000 21.000000
561467.36999512 5117357.86010742 2129.50000000 248 248 243 2.000000 21.000000
561472.21997070 5117357.64990234 2134.27001953 247 247 243 2.000000 21.000000
561477.10998535 5117357.48999023 2138.14990234 247 247 243 2.000000 21.000000
561482.00000000 5117357.35009766 2141.61010742 246 246 242 2.000000 21.000000
561490.64001465 5117357.21997070 2145.82006836 243 243 237 2.000000 21.000000
561513.48999023 5117356.55004883 2162.69995117 246 245 234 2.000000 21.000000
561527.64001465 5117356.19995117 2172.09008789 227 224 212 2.000000 21.000000
561533.92999268 5117356.04003906 2176.36010742 212 210 196 2.000000 21.000000
561546.04000854 5117355.73999023 2184.45996094 244 246 238 2.000000 21.000000
561563.86999512 5117355.28002930 2196.62011719 232 230 218 2.000000 21.000000
561582.22000122 5117354.97998047 2206.40991211 232 232 220 2.000000 21.000000
561599.89999390 5117354.64990234 2216.48999023 234 234 221 2.000000 21.000000
561611.95001221 5117354.39990234 2223.92993164 232 232 218 2.000000 21.000000
561616.82000732 5117354.30004883 2227.02001953 232 232 218 2.000000 21.000000
561621.97000122 5117354.19995117 2230.16992188 232 230 216 2.000000 21.000000
561630.27999878 5117354.06005859 2235.00000000 230 228 215 2.000000 21.000000
561607.41000366 5117355.32006836 2221.10009766 232 232 218 2.000000 21.000000
561595.47000122 5117355.66992188 2213.85009766 232 232 220 2.000000 21.000000
561590.98999023 5117355.81005859 2210.90991211 232 232 220 2.000000 21.000000
561577.95999146 5117356.12011719 2203.87011719 232 232 218 2.000000 21.000000
561572.82000732 5117356.26000977 2200.87011719 231 231 217 2.000000 21.000000
561557.26998901 5117356.63989258 2192.35009766 240 238 226 2.000000 21.000000
561552.64999390 5117356.81005859 2188.76000977 244 244 233 2.000000 21.000000
561541.92999268 5117357.14990234 2181.37011719 226 228 217 2.000000 21.000000
561523.17001343 5117357.71997070 2169.09008789 238 237 226 2.000000 21.000000
561517.76000977 5117357.88989258 2165.33007813 237 237 226 2.000000 21.000000
561508.86999512 5117358.16992188 2159.30004883 246 246 238 2.000000 21.000000
561504.36999512 5117358.32006836 2155.96997070 231 230 220 2.000000 21.000000
561499.82998657 5117358.48999023 2152.44995117 242 241 232 2.000000 21.000000
561495.19000244 5117358.63989258 2149.17993164 239 239 231 2.000000 21.000000
561487.03997803 5117358.96997070 2142.33007813 240 240 234 2.000000 21.000000
561435.15997314 5117360.14990234 2114.45996094 225 225 216 2.000000 21.000000
561428.22998047 5117360.27001953 2111.30004883 224 225 217 2.000000 21.000000
561419.92999268 5117360.51000977 2105.84008789 240 240 232 2.000000 21.000000
561397.34997559 5117361.31005859 2088.77001953 234 234 227 2.000000 21.000000
561439.09997559 5117362.79003906 2112.82006836 230 232 225 2.000000 21.000000
561444.57000732 5117362.71997070 2115.18994141 246 248 242 2.000000 21.000000
561449.97998047 5117362.65991211 2117.57006836 247 248 242 2.000000 21.000000
561455.27001953 5117362.54003906 2120.68994141 248 248 244 2.000000 21.000000
561460.50000000 5117362.43994141 2123.69995117 248 248 242 2.000000 21.000000
561465.59997559 5117362.30004883 2127.27001953 246 248 242 2.000000 21.000000
561470.64001465 5117362.15991211 2130.79003906 246 248 242 2.000000 21.000000
561475.70001221 5117362.06005859 2133.70996094 244 246 241 2.000000 21.000000
561480.63000488 5117361.91992188 2137.11010742 243 245 239 2.000000 21.000000
561530.32998657 5117360.50000000 2173.31005859 192 189 176 2.000000 21.000000
561536.51000977 5117360.33007813 2177.66992188 233 230 216 2.000000 21.000000
561548.42001343 5117360.02001953 2185.84008789 242 244 234 2.000000 21.000000
561561.67999268 5117359.71997070 2194.11010742 232 231 218 2.000000 21.000000
561566.33999634 5117359.65991211 2196.36010742 233 232 219 2.000000 21.000000
561585.23001099 5117359.32006836 2206.81005859 232 232 220 2.000000 21.000000
561602.50000000 5117358.96997070 2217.16992188 232 232 218 2.000000 21.000000
561614.97000122 5117358.72998047 2224.71997070 232 230 218 2.000000 21.000000
561619.79998779 5117358.65991211 2227.29003906 232 230 216 2.000000 21.000000
561624.75000000 5117358.56005859 2230.37011719 231 229 216 2.000000 21.000000
561633.04000854 5117358.39990234 2235.60009766 232 230 216 2.000000 21.000000
561637.63000488 5117358.32006836 2238.39990234 232 230 216 2.000000 21.000000
561610.55999756 5117359.63989258 2221.86010742 232 230 217 2.000000 21.000000
561598.25000000 5117360.00000000 2214.32006836 232 232 219 2.000000 21.000000
561593.79998779 5117360.12011719 2211.68994141 234 234 222 2.000000 21.000000
561576.79000854 5117360.56005859 2201.88989258 234 234 220 2.000000 21.000000
561571.54000854 5117360.69995117 2198.88989258 233 232 219 2.000000 21.000000
561521.05999756 5117362.10009766 2167.63989258 242 242 232 2.000000 21.000000
561515.57000732 5117362.27001953 2164.01000977 242 240 228 2.000000 21.000000
561511.11999512 5117362.39990234 2160.96997070 224 222 211 2.000000 21.000000
561506.61999512 5117362.55004883 2157.83007813 224 224 214 2.000000 21.000000
561502.05999756 5117362.69995117 2154.60009766 234 232 223 2.000000 21.000000
561497.41000366 5117362.84008789 2151.50000000 232 232 224 2.000000 21.000000
561492.73001099 5117362.98999023 2148.13989258 243 243 235 2.000000 21.000000
561484.50000000 5117363.31005859 2141.39990234 246 248 241 2.000000 21.000000
561434.03997803 5117364.67993164 2110.28002930 220 222 214 2.000000 21.000000
561426.90997314 5117364.68994141 2108.86010742 205 206 198 2.000000 21.000000
561417.16998291 5117364.94995117 2103.05004883 236 236 227 2.000000 21.000000
561412.96997070 5117365.07006836 2100.25000000 237 238 229 2.000000 21.000000
561408.75000000 5117365.19995117 2097.34008789 240 241 233 2.000000 21.000000
561404.46997070 5117365.32006836 2094.60009766 231 232 225 2.000000 21.000000
561400.16998291 5117365.44995117 2091.71997070 240 241 234 2.000000 21.000000
561394.39001465 5117365.62011719 2087.84008789 242 242 234 2.000000 21.000000
561422.34002686 5117367.36010742 2105.30004883 207 209 200 2.000000 21.000000
561430.92999268 5117367.35009766 2107.36010742 244 245 236 2.000000 21.000000
561439.34002686 5117367.29003906 2110.22998047 247 246 239 2.000000 21.000000
561444.79998779 5117367.19995117 2112.94995117 247 248 242 2.000000 21.000000
561452.78997803 5117367.03002930 2117.80004883 247 247 242 2.000000 21.000000
561458.05999756 5117366.90991211 2120.88989258 248 248 242 2.000000 21.000000
561463.21997070 5117366.79003906 2124.25000000 246 248 242 2.000000 21.000000
561468.32000732 5117366.64990234 2127.64990234 247 248 242 2.000000 21.000000
561473.36999512 5117366.53002930 2130.87988281 246 248 242 2.000000 21.000000
561478.27001953 5117366.37011719 2134.70996094 246 248 242 2.000000 21.000000
561488.91000366 5117365.95996094 2144.22998047 247 248 241 2.000000 21.000000
561524.98001099 5117364.93994141 2170.02001953 232 230 218 2.000000 21.000000
561533.44000244 5117364.73999023 2175.46997070 232 232 222 2.000000 21.000000
561539.61999512 5117364.59008789 2179.42993164 248 248 238 2.000000 21.000000
561544.64001465 5117364.46997070 2182.73999023 245 245 237 2.000000 21.000000
561551.48001099 5117364.30004883 2187.21997070 238 239 229 2.000000 21.000000
561556.29000854 5117364.19995117 2190.16992188 236 235 224 2.000000 21.000000
561564.88000488 5117364.08007813 2194.20996094 232 230 218 2.000000 21.000000
561580.72000122 5117363.78002930 2203.12988281 232 232 218 2.000000 21.000000
561588.08999634 5117363.63989258 2207.35009766 233 233 221 2.000000 21.000000
561605.11999512 5117363.30004883 2217.41992188 232 230 216 2.000000 21.000000
561617.88000488 5117363.04003906 2225.23999023 232 230 216 2.000000 21.000000
561622.48001099 5117362.94995117 2227.96997070 232 232 218 2.000000 21.000000
561627.32000732 5117362.86010742 2230.85009766 231 230 216 2.000000 21.000000
561635.72000122 5117362.68994141 2236.20996094 230 230 216 2.000000 21.000000
561596.73001099 5117364.32006836 2212.16992188 232 231 218 2.000000 21.000000
561575.07000732 5117364.88989258 2199.59008789 236 236 222 2.000000 21.000000
561569.82998657 5117365.03002930 2196.52001953 232 232 219 2.000000 21.000000
561518.89999390 5117366.39990234 2165.89990234 235 234 224 2.000000 21.000000
561482.03002930 5117367.67993164 2138.54003906 246 248 242 2.000000 21.000000
561415.55999756 5117369.28002930 2101.01000977 181 182 182 2.000000 21.000000
561411.34997559 5117369.40991211 2098.09008789 229 228 224 2.000000 21.000000
561402.84997559 5117369.68994141 2091.89990234 240 238 231 2.000000 21.000000
561398.53997803 5117369.83007813 2088.85009766 232 230 223 2.000000 21.000000
561392.72998047 5117370.00000000 2085.05004883 231 233 225 2.000000 21.000000
561407.22998047 5117372.06005859 2095.06005859 218 216 212 2.000000 21.000000
561420.03997803 5117371.83007813 2101.85009766 240 242 234 2.000000 21.000000
561425.84002686 5117371.85009766 2102.58007813 244 246 236 2.000000 21.000000
561431.52001953 5117371.83007813 2104.20996094 246 244 238 2.000000 21.000000
561437.02001953 5117371.72998047 2107.13989258 250 248 242 2.000000 21.000000
561442.44000244 5117371.61010742 2110.29003906 250 248 243 2.000000 21.000000
561447.79998779 5117371.48999023 2113.55004883 248 248 244 2.000000 21.000000
561455.65997314 5117371.28002930 2118.83007813 248 248 242 2.000000 21.000000
561460.84002686 5117371.14990234 2122.28002930 248 248 242 2.000000 21.000000
561465.92999268 5117371.00000000 2125.82006836 248 248 242 2.000000 21.000000
561470.96002197 5117370.87011719 2129.30004883 248 248 242 2.000000 21.000000
561475.96002197 5117370.73999023 2132.57006836 246 248 242 2.000000 21.000000
561486.88000488 5117370.41992188 2140.39990234 246 248 240 2.000000 21.000000
561491.61999512 5117370.28002930 2143.91992188 246 245 237 2.000000 21.000000
561496.32000732 5117370.13989258 2147.26000977 245 242 232 2.000000 21.000000
561500.89999390 5117369.98999023 2150.89990234 240 238 228 2.000000 21.000000
561505.35998535 5117369.82006836 2154.85009766 221 218 207 2.000000 21.000000
561509.64001465 5117369.61010742 2159.39990234 227 226 215 2.000000 21.000000
561514.10000610 5117369.48999023 2162.40991211 243 244 235 2.000000 21.000000
561522.79000854 5117369.25000000 2168.59008789 235 235 225 2.000000 21.000000
561528.14999390 5117369.12011719 2172.03002930 243 246 235 2.000000 21.000000
561536.51000977 5117368.90991211 2177.39990234 246 247 240 2.000000 21.000000
561547.51998901 5117368.62988281 2184.76000977 240 240 230 2.000000 21.000000
561554.57000732 5117368.54003906 2187.81005859 234 233 220 2.000000 21.000000
561559.39999390 5117368.46997070 2190.21997070 234 232 220 2.000000 21.000000
561579.20999146 5117368.10009766 2201.03002930 232 232 220 2.000000 21.000000
561584.20001221 5117368.01000977 2203.89990234 234 234 222 2.000000 21.000000
561591.38000488 5117367.86010742 2208.06005859 232 230 218 2.000000 21.000000
561600.32000732 5117367.67993164 2213.44995117 233 231 219 2.000000 21.000000
561607.89999390 5117367.52001953 2218.09008789 232 230 216 2.000000 21.000000
561612.47000122 5117367.42993164 2220.77001953 234 232 218 2.000000 21.000000
561620.88000488 5117367.26000977 2225.78002930 231 230 216 2.000000 21.000000
561625.27999878 5117367.17993164 2228.38989258 231 230 216 2.000000 21.000000
561630.32998657 5117367.08007813 2231.51000977 229 229 215 2.000000 21.000000
561635.14999390 5117367.43994141 2234.43994141 230 230 216 2.000000 21.000000
561573.08999634 5117369.19995117 2197.18994141 232 232 218 2.000000 21.000000
561567.64001465 5117369.31005859 2194.40991211 232 232 218 2.000000 21.000000
561543.14001465 5117369.82006836 2182.33007813 242 242 232 2.000000 21.000000
561480.04998779 5117372.02001953 2135.70996094 246 248 242 2.000000 21.000000
561414.75000000 5117373.62988281 2098.54003906 221 219 210 2.000000 21.000000
561396.09997559 5117374.14990234 2086.94995117 226 222 212 2.000000 21.000000
561390.28002930 5117376.87011719 2081.72998047 212 210 202 2.000000 21.000000
561400.40002441 5117376.56005859 2089.15991211 218 217 210 2.000000 21.000000
561406.15002441 5117376.42993164 2092.63989258 211 211 206 2.000000 21.000000
561410.42999268 5117376.33007813 2095.25000000 228 228 222 2.000000 21.000000
561419.14001465 5117376.29003906 2097.70996094 249 248 242 2.000000 21.000000
561424.92999268 5117376.28002930 2099.03002930 247 247 241 2.000000 21.000000
561430.53002930 5117376.18994141 2101.87988281 248 248 242 2.000000 21.000000
561440.09997559 5117375.95996094 2107.79003906 250 248 243 2.000000 21.000000
561445.47998047 5117375.82006836 2111.30004883 248 248 244 2.000000 21.000000
561450.79998779 5117375.67993164 2114.91992188 248 248 244 2.000000 21.000000
561458.59002686 5117375.42993164 2120.78002930 248 248 242 2.000000 21.000000
561472.26000977 5117374.87988281 2133.16992188 246 246 240 2.000000 21.000000
561482.15997314 5117374.62011719 2139.92993164 246 246 240 2.000000 21.000000
561488.23999023 5117374.46997070 2143.77001953 244 244 235 2.000000 21.000000
561492.94000244 5117374.31005859 2147.56005859 232 229 220 2.000000 21.000000
561497.64001465 5117374.17993164 2150.85009766 208 204 194 2.000000 21.000000
561502.29000854 5117374.05004883 2153.94995117 197 194 182 2.000000 21.000000
561506.79998779 5117373.89990234 2157.50000000 203 198 185 2.000000 21.000000
561516.88000488 5117373.63989258 2164.23999023 199 195 185 2.000000 21.000000
561525.50000000 5117373.39990234 2170.31005859 217 216 205 2.000000 21.000000
561530.73999023 5117373.25000000 2174.02001953 244 244 234 2.000000 21.000000
561538.95999146 5117373.03002930 2179.56005859 244 245 235 2.000000 21.000000
561550.32000732 5117372.89990234 2184.41992188 237 237 223 2.000000 21.000000
561562.89001465 5117372.68994141 2190.89990234 232 230 218 2.000000 21.000000
561577.27999878 5117372.40991211 2198.81005859 231 231 218 2.000000 21.000000
561582.35000610 5117372.31005859 2201.85009766 232 232 219 2.000000 21.000000
561587.29998779 5117372.20996094 2204.57006836 232 232 219 2.000000 21.000000
561594.38000488 5117372.07006836 2208.71997070 232 230 217 2.000000 21.000000
561603.17001343 5117371.87011719 2214.12011719 232 230 218 2.000000 21.000000
561610.66000366 5117371.71997070 2218.63989258 232 230 216 2.000000 21.000000
561615.14001465 5117371.62011719 2221.33007813 232 230 216 2.000000 21.000000
561628.20001221 5117371.37011719 2229.09008789 229 228 214 2.000000 21.000000
561637.98001099 5117371.60009766 2234.73999023 230 228 214 2.000000 21.000000
561633.20999146 5117371.73999023 2231.92993164 230 230 216 2.000000 21.000000
561623.57998657 5117372.03002930 2226.22998047 231 230 216 2.000000 21.000000
561570.52999878 5117373.50000000 2194.88989258 234 232 220 2.000000 21.000000
561558.50000000 5117373.80004883 2188.26000977 234 233 218 2.000000 21.000000
561512.76000977 5117375.00000000 2161.64990234 210 206 196 2.000000 21.000000
561477.51000977 5117376.15991211 2137.05004883 242 242 236 2.000000 21.000000
561469.02001953 5117376.56005859 2128.96997070 246 246 238 2.000000 21.000000
561463.91998291 5117376.72998047 2125.39990234 248 246 239 2.000000 21.000000
561436.27001953 5117377.68994141 2105.05004883 250 249 244 2.000000 21.000000
561415.14001465 5117378.14990234 2094.26000977 247 248 240 2.000000 21.000000
561394.25000000 5117380.98999023 2083.73999023 208 210 205 2.000000 21.000000
561398.59997559 5117380.87988281 2086.60009766 213 214 208 2.000000 21.000000
561404.39001465 5117380.73999023 2090.15991211 238 238 230 2.000000 21.000000
561410.27001953 5117380.71997070 2091.75000000 248 248 240 2.000000 21.000000
561420.45001221 5117380.66992188 2094.75000000 248 248 244 2.000000 21.000000
561428.84002686 5117380.47998047 2099.77001953 248 248 242 2.000000 21.000000
561452.89001465 5117379.70996094 2117.87988281 248 248 242 2.000000 21.000000
561459.22998047 5117379.44995117 2123.80004883 246 244 238 2.000000 21.000000
561484.11999512 5117378.68994141 2142.12011719 240 240 232 2.000000 21.000000
561490.04998779 5117378.47998047 2146.92993164 240 240 231 2.000000 21.000000
561494.77999878 5117378.35009766 2150.23999023 218 216 208 2.000000 21.000000
561499.45999146 5117378.21997070 2153.38989258 208 208 199 2.000000 21.000000
561504.00000000 5117378.07006836 2156.95996094 223 225 217 2.000000 21.000000
561508.55999756 5117377.94995117 2160.07006836 204 205 194 2.000000 21.000000
561519.76000977 5117377.68994141 2166.98999023 240 240 230 2.000000 21.000000
561533.69000244 5117377.35009766 2175.73999023 242 242 232 2.000000 21.000000
561542.20001221 5117377.23999023 2179.42993164 239 238 227 2.000000 21.000000
561547.36999512 5117377.16992188 2181.77001953 234 234 220 2.000000 21.000000
561553.42999268 5117377.09008789 2184.50000000 234 234 219 2.000000 21.000000
561565.77999878 5117376.85009766 2191.37011719 233 232 220 2.000000 21.000000
561574.79998779 5117376.68994141 2196.22998047 235 234 222 2.000000 21.000000
561590.54998779 5117376.36010742 2205.51000977 230 230 216 2.000000 21.000000
561597.39999390 5117376.19995117 2209.76000977 230 228 214 2.000000 21.000000
561606.01998901 5117376.03002930 2214.79003906 232 230 216 2.000000 21.000000
561618.29000854 5117375.78002930 2222.05004883 232 230 216 2.000000 21.000000
561636.36999512 5117375.89990234 2232.64990234 230 230 216 2.000000 21.000000
561631.29998779 5117376.06005859 2229.59008789 230 230 216 2.000000 21.000000
561626.73999023 5117376.19995117 2226.79003906 232 230 216 2.000000 21.000000
561613.86999512 5117376.57006836 2219.35009766 232 230 216 2.000000 21.000000
561585.73001099 5117377.38989258 2202.36010742 234 232 219 2.000000 21.000000
561580.76000977 5117377.52001953 2199.42993164 226 224 212 2.000000 21.000000
561529.10998535 5117378.68994141 2173.20996094 245 243 235 2.000000 21.000000
561523.67999268 5117378.82006836 2170.21997070 246 246 236 2.000000 21.000000
561514.97000122 5117379.11010742 2164.22998047 244 244 233 2.000000 21.000000
561474.05999756 5117380.47998047 2135.51000977 232 233 224 2.000000 21.000000
561465.48999023 5117380.85009766 2128.03002930 244 242 234 2.000000 21.000000
561448.98999023 5117381.54003906 2114.05004883 246 248 243 2.000000 21.000000
561443.71002197 5117381.71997070 2110.21997070 246 248 242 2.000000 21.000000
561439.77001953 5117381.88989258 2106.71997070 247 248 241 2.000000 21.000000
561434.34997559 5117382.06005859 2103.11010742 248 248 242 2.000000 21.000000
561424.69000244 5117382.35009766 2096.84008789 248 248 244 2.000000 21.000000
561416.21002197 5117382.57006836 2092.00000000 246 248 242 2.000000 21.000000
561389.79998779 5117383.03002930 2080.46997070 224 223 214 2.000000 21.000000
561397.09997559 5117385.18994141 2084.18994141 246 246 240 2.000000 21.000000
561403.01000977 5117385.13989258 2086.29003906 248 248 242 2.000000 21.000000
561408.96002197 5117385.14990234 2087.30004883 246 246 240 2.000000 21.000000
561455.30999756 5117383.80004883 2119.87988281 246 246 240 2.000000 21.000000
561469.16998291 5117383.31005859 2131.18994141 242 242 232 2.000000 21.000000
561477.65002441 5117382.96997070 2138.87011719 242 244 236 2.000000 21.000000
561486.21997070 5117382.75000000 2144.30004883 242 242 234 2.000000 21.000000
561536.92999268 5117381.57006836 2175.34008789 237 236 223 2.000000 21.000000
561545.22000122 5117381.41992188 2179.61010742 232 232 218 2.000000 21.000000
561550.29000854 5117381.34008789 2182.15991211 234 232 218 2.000000 21.000000
561556.20999146 5117381.23999023 2185.22998047 234 232 219 2.000000 21.000000
561561.04998779 5117381.15991211 2187.62988281 232 231 218 2.000000 21.000000
561569.39999390 5117381.00000000 2192.18994141 233 232 220 2.000000 21.000000
561593.67001343 5117380.48999023 2206.43994141 231 230 216 2.000000 21.000000
561600.48001099 5117380.36010742 2210.34008789 231 229 215 2.000000 21.000000
561608.91000366 5117380.17993164 2215.37011719 232 230 216 2.000000 21.000000
561621.50000000 5117379.92993164 2222.78002930 232 230 216 2.000000 21.000000
561634.92001343 5117380.21997070 2230.46997070 232 230 214 2.000000 21.000000
561629.67001343 5117380.38989258 2227.30004883 232 230 214 2.000000 21.000000
561617.32000732 5117380.76000977 2220.12011719 232 230 216 2.000000 21.000000
561589.07998657 5117381.58007813 2203.38989258 230 229 216 2.000000 21.000000
561583.39999390 5117381.75000000 2199.91992188 232 230 218 2.000000 21.000000
561578.30999756 5117381.87988281 2197.05004883 231 229 217 2.000000 21.000000
561573.95999146 5117382.00000000 2194.52001953 233 231 219 2.000000 21.000000
561531.66000366 5117382.98999023 2172.72998047 240 238 228 2.000000 21.000000
561521.79998779 5117383.19995117 2167.89990234 244 244 236 2.000000 21.000000
561511.67999268 5117383.42993164 2162.69995117 244 244 236 2.000000 21.000000
561507.22000122 5117383.58007813 2159.46997070 248 248 240 2.000000 21.000000
561502.70001221 5117383.73999023 2156.17993164 244 244 235 2.000000 21.000000
561498.10998535 5117383.90991211 2152.81005859 244 244 235 2.000000 21.000000
561493.45999146 5117384.07006836 2149.40991211 245 244 235 2.000000 21.000000
561482.85998535 5117384.48999023 2140.86010742 230 234 227 2.000000 21.000000
561463.02001953 5117385.19995117 2126.21997070 217 216 208 2.000000 21.000000
561459.23999023 5117385.36010742 2122.93994141 228 227 218 2.000000 21.000000
561451.48999023 5117385.64990234 2117.09008789 245 245 239 2.000000 21.000000
561446.25000000 5117385.85009766 2112.98999023 244 244 238 2.000000 21.000000
561436.96997070 5117386.22998047 2105.21997070 248 248 242 2.000000 21.000000
561431.50000000 5117386.39990234 2101.52001953 248 248 242 2.000000 21.000000
561427.36999512 5117386.54003906 2098.62011719 248 248 242 2.000000 21.000000
561421.79998779 5117386.71997070 2094.87988281 248 248 242 2.000000 21.000000
561414.78997803 5117386.95996094 2089.70996094 246 248 242 2.000000 21.000000
561392.78997803 5117387.34008789 2080.25000000 246 245 238 2.000000 21.000000
561386.40997314 5117389.79003906 2075.25000000 247 246 236 2.000000 21.000000
561398.34997559 5117389.65991211 2079.89990234 248 248 242 2.000000 21.000000
561404.27001953 5117389.59008789 2082.31005859 248 248 243 2.000000 21.000000
561440.57000732 5117388.51000977 2108.13989258 248 248 242 2.000000 21.000000
561466.30999756 5117387.54003906 2130.23999023 241 241 231 2.000000 21.000000
561471.29998779 5117387.37011719 2134.13989258 238 238 226 2.000000 21.000000
561489.94000244 5117387.00000000 2144.50000000 246 244 236 2.000000 21.000000
561515.97000122 5117386.15991211 2164.32006836 242 242 232 2.000000 21.000000
561526.04998779 5117386.02001953 2168.87988281 238 238 228 2.000000 21.000000
561540.02999878 5117385.82006836 2175.40991211 234 232 220 2.000000 21.000000
561548.20999146 5117385.66992188 2179.78002930 236 234 222 2.000000 21.000000
561553.23999023 5117385.59008789 2182.22998047 234 234 220 2.000000 21.000000
561559.07000732 5117385.47998047 2185.45996094 234 232 220 2.000000 21.000000
561563.77999878 5117385.37988281 2188.26000977 234 232 220 2.000000 21.000000
561596.89001465 5117384.71997070 2207.25000000 232 232 218 2.000000 21.000000
561603.54998779 5117384.59008789 2211.02001953 228 228 214 2.000000 21.000000
561611.70001221 5117384.40991211 2216.12011719 230 230 216 2.000000 21.000000
561624.45999146 5117384.16992188 2223.37011719 230 230 214 2.000000 21.000000
561638.55999756 5117384.42993164 2231.39990234 232 230 216 2.000000 21.000000
561633.23001099 5117384.59008789 2228.34008789 232 230 216 2.000000 21.000000
561592.10000610 5117385.79003906 2204.27001953 231 231 216 2.000000 21.000000
561587.32998657 5117385.92993164 2201.38989258 234 232 218 2.000000 21.000000
561581.55999756 5117386.10009766 2197.88989258 231 230 216 2.000000 21.000000
561572.01000977 5117386.36010742 2192.35009766 234 234 222 2.000000 21.000000
561534.88000488 5117387.27001953 2172.46997070 230 229 217 2.000000 21.000000
561520.66000366 5117387.56005859 2165.71997070 242 242 233 2.000000 21.000000
561486.44000244 5117388.75000000 2141.08007813 243 242 234 2.000000 21.000000
561481.66998291 5117388.94995117 2137.07006836 231 232 224 2.000000 21.000000
561476.59002686 5117389.05004883 2134.67993164 229 226 214 2.000000 21.000000
561456.30999756 5117389.72998047 2120.38989258 238 236 231 2.000000 21.000000
561448.44000244 5117390.00000000 2114.85009766 249 247 240 2.000000 21.000000
561433.54998779 5117390.42993164 2105.58007813 249 248 242 2.000000 21.000000
561424.11999512 5117390.87011719 2096.73999023 248 248 242 2.000000 21.000000
561418.54998779 5117391.07006836 2092.66992188 248 248 243 2.000000 21.000000
561411.53997803 5117391.34008789 2086.98999023 248 248 242 2.000000 21.000000
561395.65002441 5117391.85009766 2076.12988281 248 248 242 2.000000 21.000000
561381.53002930 5117394.48999023 2066.16992188 247 247 240 2.000000 21.000000
561386.04998779 5117394.39990234 2068.52001953 250 250 243 2.000000 21.000000
561390.50000000 5117394.29003906 2071.41992188 248 248 242 2.000000 21.000000
561400.75000000 5117393.97998047 2078.81005859 248 248 243 2.000000 21.000000
561407.91998291 5117393.73999023 2084.33007813 248 248 242 2.000000 21.000000
561427.42999268 5117393.04003906 2100.42993164 248 248 242 2.000000 21.000000
561443.83001709 5117392.62988281 2110.79003906 246 244 237 2.000000 21.000000
561453.07000732 5117392.35009766 2117.46997070 236 236 229 2.000000 21.000000
561459.39001465 5117392.07006836 2123.56005859 244 242 236 2.000000 21.000000
561464.53997803 5117391.93994141 2126.87011719 242 243 237 2.000000 21.000000
561469.78997803 5117391.87988281 2129.02001953 221 220 212 2.000000 21.000000
561492.80999756 5117391.13989258 2146.59008789 226 224 216 2.000000 21.000000
561497.26998901 5117390.90991211 2151.42993164 229 226 218 2.000000 21.000000
561501.80999756 5117390.73999023 2155.19995117 238 236 228 2.000000 21.000000
561506.38000488 5117390.62011719 2158.33007813 244 245 236 2.000000 21.000000
561511.04000854 5117390.55004883 2160.50000000 246 248 236 2.000000 21.000000
561524.73001099 5117390.37011719 2166.50000000 241 241 230 2.000000 21.000000
561530.20001221 5117390.28002930 2169.31005859 234 234 223 2.000000 21.000000
561542.95001221 5117390.07006836 2175.67993164 236 234 222 2.000000 21.000000
561551.08999634 5117389.91992188 2179.95996094 235 234 222 2.000000 21.000000
561556.04000854 5117389.84008789 2182.56005859 234 234 222 2.000000 21.000000
561561.83999634 5117389.72998047 2185.61010742 236 234 222 2.000000 21.000000
561566.52999878 5117389.64990234 2188.13989258 236 236 224 2.000000 21.000000
561576.38000488 5117389.43994141 2193.97998047 232 231 218 2.000000 21.000000
561599.69000244 5117388.94995117 2207.87011719 230 231 215 2.000000 21.000000
561606.17001343 5117388.82006836 2211.64990234 230 230 214 2.000000 21.000000
561614.85000610 5117388.64990234 2216.69995117 230 230 216 2.000000 21.000000
561619.22000122 5117388.57006836 2219.15991211 230 230 216 2.000000 21.000000
561627.23999023 5117388.41992188 2223.73999023 231 229 216 2.000000 21.000000
561636.73001099 5117388.77001953 2229.08007813 232 230 216 2.000000 21.000000
561610.54998779 5117389.52001953 2214.12988281 230 230 214 2.000000 21.000000
561595.57000732 5117389.95996094 2205.17993164 232 234 217 2.000000 21.000000
561590.10998535 5117390.11010742 2201.92993164 232 231 217 2.000000 21.000000
561585.25000000 5117390.25000000 2199.09008789 232 231 218 2.000000 21.000000
561538.20999146 5117391.44995117 2172.87988281 236 234 222 2.000000 21.000000
561518.50000000 5117391.87011719 2163.16992188 242 242 232 2.000000 21.000000
561479.34002686 5117393.30004883 2133.72998047 228 228 218 2.000000 21.000000
561474.42999268 5117393.47998047 2130.01000977 219 216 208 2.000000 21.000000
561439.21997070 5117394.52001953 2107.47998047 236 238 232 2.000000 21.000000
561430.80999756 5117394.63989258 2104.34008789 247 247 240 2.000000 21.000000
561421.28002930 5117395.06005859 2095.89990234 250 250 244 2.000000 21.000000
561415.72998047 5117395.29003906 2091.10009766 248 248 242 2.000000 21.000000
561380.15002441 5117398.86010742 2063.22998047 246 248 240 2.000000 21.000000
561384.65002441 5117398.71997070 2066.38989258 248 248 242 2.000000 21.000000
561393.46002197 5117398.38989258 2073.81005859 246 248 242 2.000000 21.000000
561397.79998779 5117398.22998047 2077.56005859 248 248 242 2.000000 21.000000
561402.09997559 5117398.05004883 2081.39990234 248 248 242 2.000000 21.000000
561409.20001221 5117397.77001953 2087.68994141 248 248 242 2.000000 21.000000
561424.53002930 5117397.20996094 2100.36010742 243 243 238 2.000000 21.000000
561435.89001465 5117397.12011719 2104.14990234 236 238 228 2.000000 21.000000
561446.72998047 5117396.85009766 2111.06005859 236 237 226 2.000000 21.000000
561450.63000488 5117396.68994141 2114.59008789 237 239 230 2.000000 21.000000
561455.71997070 5117396.44995117 2119.57006836 246 246 240 2.000000 21.000000
561462.40002441 5117396.37011719 2122.46997070 226 224 215 2.000000 21.000000
561467.65997314 5117396.30004883 2124.73999023 220 219 208 2.000000 21.000000
561482.29998779 5117395.73999023 2137.33007813 241 241 233 2.000000 21.000000
561486.92999268 5117395.50000000 2142.29003906 226 226 218 2.000000 21.000000
561495.07998657 5117395.19995117 2149.15991211 239 237 229 2.000000 21.000000
561509.04998779 5117394.87011719 2157.70996094 245 246 236 2.000000 21.000000
561513.66000366 5117394.80004883 2160.02001953 242 243 231 2.000000 21.000000
561522.73001099 5117394.65991211 2164.34008789 232 232 222 2.000000 21.000000
561528.29998779 5117394.58007813 2166.88989258 236 234 224 2.000000 21.000000
561533.73001099 5117394.48999023 2169.54003906 234 232 221 2.000000 21.000000
561546.29998779 5117394.27001953 2175.98999023 236 236 224 2.000000 21.000000
561554.26998901 5117394.11010742 2180.46997070 236 234 222 2.000000 21.000000
561559.17999268 5117394.03002930 2182.95996094 236 234 222 2.000000 21.000000
561564.83999634 5117393.90991211 2186.12988281 234 234 222 2.000000 21.000000
561569.41000366 5117393.81005859 2188.91992188 234 234 220 2.000000 21.000000
561573.89999390 5117393.70996094 2191.56005859 234 234 220 2.000000 21.000000
561579.07998657 5117393.59008789 2194.78002930 232 231 218 2.000000 21.000000
561602.76998901 5117393.10009766 2208.76000977 230 230 214 2.000000 21.000000
561622.39001465 5117392.72998047 2219.81005859 230 230 216 2.000000 21.000000
561630.07000732 5117392.59008789 2224.17993164 232 230 216 2.000000 21.000000
561634.73999023 5117393.03002930 2226.85009766 232 230 216 2.000000 21.000000
561617.79000854 5117393.51000977 2217.12011719 230 230 216 2.000000 21.000000
561608.58999634 5117393.77001953 2211.87988281 230 230 214 2.000000 21.000000
561598.51000977 5117394.05004883 2206.00000000 230 230 216 2.000000 21.000000
561593.08999634 5117394.18994141 2202.97998047 230 230 216 2.000000 21.000000
561541.33999634 5117395.58007813 2173.02001953 235 235 224 2.000000 21.000000
561504.61999512 5117396.34008789 2155.36010742 246 246 240 2.000000 21.000000
561499.97000122 5117396.47998047 2152.44995117 246 245 238 2.000000 21.000000
561442.95001221 5117398.66992188 2107.47998047 242 243 233 2.000000 21.000000
561431.96997070 5117398.95996094 2101.08007813 239 239 230 2.000000 21.000000
561417.79998779 5117399.22998047 2094.47998047 243 242 236 2.000000 21.000000
561389.21997070 5117400.38989258 2070.87011719 248 248 244 2.000000 21.000000
561378.21997070 5117403.16992188 2061.48999023 248 248 242 2.000000 21.000000
561404.46002197 5117402.12988281 2084.57006836 247 247 241 2.000000 21.000000
561411.50000000 5117401.83007813 2091.01000977 248 247 240 2.000000 21.000000
561422.97998047 5117401.66992188 2096.12988281 236 233 225 2.000000 21.000000
561428.78997803 5117401.67993164 2097.16992188 244 243 236 2.000000 21.000000
561437.15997314 5117401.52001953 2101.47998047 243 242 232 2.000000 21.000000
561454.16998291 5117400.84008789 2116.66992188 232 232 225 2.000000 21.000000
561459.60998535 5117400.81005859 2118.23999023 211 211 202 2.000000 21.000000
561464.86999512 5117400.70996094 2120.96997070 226 226 214 2.000000 21.000000
561471.15997314 5117400.48999023 2125.95996094 225 224 210 2.000000 21.000000
561476.08001709 5117400.31005859 2130.11010742 230 232 220 2.000000 21.000000
561479.55999756 5117400.10009766 2134.37011719 238 240 230 2.000000 21.000000
561490.11999512 5117399.63989258 2144.40991211 246 246 239 2.000000 21.000000
561512.38000488 5117399.12011719 2157.80004883 225 225 214 2.000000 21.000000
561516.95999146 5117399.04003906 2160.13989258 219 219 209 2.000000 21.000000
561526.00000000 5117398.89990234 2164.37988281 234 232 222 2.000000 21.000000
561531.54998779 5117398.82006836 2166.94995117 235 234 223 2.000000 21.000000
561536.92999268 5117398.71997070 2169.72998047 236 236 224 2.000000 21.000000
561549.36999512 5117398.46997070 2176.62988281 234 233 222 2.000000 21.000000
561557.35000610 5117398.31005859 2180.90991211 236 234 222 2.000000 21.000000
561562.14999390 5117398.20996094 2183.73999023 234 233 221 2.000000 21.000000
561567.80999756 5117398.10009766 2186.83007813 235 234 222 2.000000 21.000000
561576.70001221 5117397.87988281 2192.54003906 238 237 224 2.000000 21.000000
561581.85000610 5117397.76000977 2195.64990234 233 231 219 2.000000 21.000000
561586.85998535 5117397.65991211 2198.55004883 230 228 216 2.000000 21.000000
561605.95001221 5117397.28002930 2209.20996094 230 228 214 2.000000 21.000000
561612.73999023 5117397.14990234 2213.12011719 230 229 215 2.000000 21.000000
561625.50000000 5117396.89990234 2220.37011719 230 230 216 2.000000 21.000000
561633.00000000 5117397.32006836 2224.36010742 232 230 216 2.000000 21.000000
561620.88000488 5117397.65991211 2217.61010742 231 229 215 2.000000 21.000000
561601.32000732 5117398.18994141 2206.66992188 228 228 214 2.000000 21.000000
561596.00000000 5117398.32006836 2203.76000977 232 230 218 2.000000 21.000000
561591.30999756 5117398.45996094 2201.00000000 232 230 217 2.000000 21.000000
561545.00000000 5117399.71997070 2173.89990234 235 235 224 2.000000 21.000000
561507.35000610 5117400.54003906 2155.07006836 234 234 224 2.000000 21.000000
561497.85000610 5117400.73999023 2150.28002930 248 248 240 2.000000 21.000000
561486.09002686 5117401.18994141 2141.07006836 250 250 243 2.000000 21.000000
561449.71997070 5117402.56005859 2112.91992188 226 229 218 2.000000 21.000000
561445.79998779 5117402.72998047 2109.54003906 237 238 226 2.000000 21.000000
561399.54998779 5117404.03002930 2080.94995117 248 248 242 2.000000 21.000000
561395.17999268 5117404.17993164 2077.83007813 248 248 242 2.000000 21.000000
561390.84002686 5117404.37988281 2073.75000000 248 248 242 2.000000 21.000000
561386.42999268 5117404.55004883 2070.17993164 250 248 244 2.000000 21.000000
561382.01000977 5117404.78002930 2065.62988281 250 249 244 2.000000 21.000000
561406.55999756 5117406.15991211 2087.61010742 241 240 233 2.000000 21.000000
561415.32000732 5117406.08007813 2090.65991211 232 233 224 2.000000 21.000000
561421.23999023 5117406.12988281 2091.06005859 224 224 216 2.000000 21.000000
561426.94000244 5117406.05004883 2093.47998047 232 232 224 2.000000 21.000000
561432.50000000 5117405.90991211 2096.92993164 242 239 229 2.000000 21.000000
561440.48999023 5117405.58007813 2104.22998047 240 237 225 2.000000 21.000000
561455.26000977 5117405.22998047 2113.17993164 222 222 209 2.000000 21.000000
561463.00000000 5117404.97998047 2118.97998047 234 234 222 2.000000 21.000000
561468.00000000 5117404.77001953 2123.51000977 222 218 202 2.000000 21.000000
561482.51000977 5117404.12011719 2137.52001953 244 244 238 2.000000 21.000000
561493.08999634 5117403.69995117 2146.90991211 245 245 237 2.000000 21.000000
561502.70001221 5117403.52001953 2151.87988281 191 200 190 2.000000 21.000000
561515.66000366 5117403.34008789 2157.63989258 240 240 230 2.000000 21.000000
561520.23999023 5117403.27001953 2159.80004883 237 237 228 2.000000 21.000000
561524.73999023 5117403.18994141 2162.06005859 238 238 228 2.000000 21.000000
561529.13000488 5117403.10009766 2164.46997070 238 236 226 2.000000 21.000000
561534.54000854 5117402.98999023 2167.37988281 238 238 226 2.000000 21.000000
561539.82000732 5117402.87988281 2170.35009766 235 235 223 2.000000 21.000000
561552.10000610 5117402.64990234 2176.90991211 235 234 222 2.000000 21.000000
561565.54998779 5117402.37011719 2184.61010742 234 232 221 2.000000 21.000000
561570.95999146 5117402.22998047 2188.10009766 238 236 226 2.000000 21.000000
561579.64001465 5117402.02001953 2193.64990234 233 231 219 2.000000 21.000000
561584.76998901 5117401.92993164 2196.26000977 230 228 215 2.000000 21.000000
561609.07000732 5117401.43994141 2209.98999023 230 230 216 2.000000 21.000000
561615.67999268 5117401.31005859 2213.73999023 230 230 216 2.000000 21.000000
561628.60998535 5117401.08007813 2220.78002930 233 231 217 2.000000 21.000000
561636.45001221 5117400.92993164 2225.25000000 230 228 214 2.000000 21.000000
561624.23001099 5117401.75000000 2218.37011719 231 230 216 2.000000 21.000000
561604.35998535 5117402.31005859 2206.95996094 230 230 216 2.000000 21.000000
561599.16000366 5117402.42993164 2204.28002930 230 229 217 2.000000 21.000000
561575.35998535 5117403.06005859 2190.98999023 236 233 221 2.000000 21.000000
561560.82000732 5117403.51000977 2181.56005859 238 236 225 2.000000 21.000000
561511.10998535 5117404.72998047 2154.57006836 238 240 230 2.000000 21.000000
561488.42999268 5117405.20996094 2143.55004883 245 244 238 2.000000 21.000000
561477.80999756 5117405.69995117 2133.80004883 244 244 235 2.000000 21.000000
561472.97998047 5117405.92993164 2129.30004883 225 224 211 2.000000 21.000000
561450.13000488 5117406.87988281 2110.10009766 224 226 213 2.000000 21.000000
561436.65997314 5117407.32006836 2100.73999023 225 223 213 2.000000 21.000000
561402.23999023 5117408.00000000 2084.43994141 238 237 231 2.000000 21.000000
561392.05999756 5117408.37988281 2076.70996094 245 244 238 2.000000 21.000000
561387.67999268 5117408.57006836 2072.91992188 248 248 242 2.000000 21.000000
561383.22998047 5117408.72998047 2069.57006836 250 248 242 2.000000 21.000000
561397.75000000 5117410.84008789 2077.73999023 230 230 223 2.000000 21.000000
561405.10998535 5117410.72998047 2081.04003906 234 234 227 2.000000 21.000000
561409.39001465 5117410.58007813 2084.31005859 226 227 219 2.000000 21.000000
561415.28997803 5117410.58007813 2085.56005859 232 234 226 2.000000 21.000000
561421.07000732 5117410.51000977 2087.86010742 246 247 240 2.000000 21.000000
561425.21997070 5117410.35009766 2091.36010742 246 244 238 2.000000 21.000000
561429.27001953 5117410.15991211 2095.39990234 244 244 236 2.000000 21.000000
561444.34997559 5117409.77001953 2104.96997070 240 239 228 2.000000 21.000000
561458.79998779 5117409.30004883 2115.91992188 233 232 220 2.000000 21.000000
561465.13000488 5117409.04003906 2121.44995117 228 224 210 2.000000 21.000000
561484.47998047 5117408.18994141 2139.80004883 247 247 241 2.000000 21.000000
561496.48999023 5117407.87988281 2147.46997070 241 243 231 2.000000 21.000000
561501.47000122 5117407.87011719 2148.64990234 229 234 220 2.000000 21.000000
561506.26998901 5117407.81005859 2150.63989258 236 238 224 2.000000 21.000000
561532.01998901 5117407.27001953 2165.07006836 237 236 225 2.000000 21.000000
561537.35000610 5117407.15991211 2168.02001953 236 236 222 2.000000 21.000000
561542.60000610 5117407.07006836 2170.73999023 234 234 222 2.000000 21.000000
561547.75000000 5117406.96997070 2173.47998047 234 234 222 2.000000 21.000000
561555.70001221 5117406.79003906 2178.08007813 237 236 224 2.000000 21.000000
561588.00000000 5117406.07006836 2197.23999023 230 228 214 2.000000 21.000000
561592.89001465 5117405.98999023 2199.76000977 232 230 217 2.000000 21.000000
561611.98001099 5117405.61010742 2210.47998047 232 230 216 2.000000 21.000000
561618.44000244 5117405.48999023 2214.12011719 232 230 216 2.000000 21.000000
561631.51000977 5117405.26000977 2221.13989258 232 230 216 2.000000 21.000000
561639.36999512 5117405.11010742 2225.80004883 231 232 216 2.000000 21.000000
561627.07998657 5117405.92993164 2218.61010742 232 230 216 2.000000 21.000000
561607.76000977 5117406.45996094 2207.80004883 230 228 216 2.000000 21.000000
561601.92999268 5117406.59008789 2204.85009766 230 230 216 2.000000 21.000000
561583.67001343 5117407.06005859 2194.88989258 228 227 213 2.000000 21.000000
561578.42001343 5117407.16992188 2192.44995117 228 227 214 2.000000 21.000000
561573.10998535 5117407.31005859 2189.52001953 233 230 218 2.000000 21.000000
561568.67001343 5117407.44995117 2186.52001953 236 234 223 2.000000 21.000000
561564.07000732 5117407.59008789 2183.67993164 238 236 224 2.000000 21.000000
561527.69000244 5117408.58007813 2162.37988281 237 236 225 2.000000 21.000000
561522.16000366 5117408.70996094 2159.48999023 240 239 229 2.000000 21.000000
561517.66000366 5117408.82006836 2157.11010742 240 240 231 2.000000 21.000000
561491.57000732 5117409.35009766 2144.73999023 246 246 239 2.000000 21.000000
561480.73999023 5117409.73999023 2136.67993164 243 243 236 2.000000 21.000000
561475.97998047 5117410.00000000 2131.76000977 224 222 210 2.000000 21.000000
561471.14001465 5117410.25000000 2126.89990234 218 215 203 2.000000 21.000000
561454.75000000 5117411.00000000 2111.98999023 242 242 230 2.000000 21.000000
561449.50000000 5117411.20996094 2107.67993164 237 236 224 2.000000 21.000000
561440.07000732 5117411.53002930 2101.04003906 242 240 230 2.000000 21.000000
561434.53002930 5117411.66992188 2097.97998047 246 245 236 2.000000 21.000000
561394.40997314 5117412.79003906 2073.59008789 228 226 220 2.000000 21.000000
561382.96997070 5117415.34008789 2069.45996094 244 244 235 2.000000 21.000000
561389.14001465 5117415.40991211 2069.48999023 216 217 211 2.000000 21.000000
561399.57000732 5117415.23999023 2074.36010742 213 214 207 2.000000 21.000000
561405.44000244 5117415.12988281 2077.48999023 248 248 241 2.000000 21.000000
561411.33001709 5117415.06005859 2079.84008789 246 246 238 2.000000 21.000000
561418.34002686 5117414.76000977 2086.23999023 246 246 237 2.000000 21.000000
561424.05999756 5117414.65991211 2089.02001953 245 244 238 2.000000 21.000000
561429.65002441 5117414.50000000 2092.78002930 242 243 235 2.000000 21.000000
561461.48999023 5117413.37988281 2118.11010742 228 228 217 2.000000 21.000000
561467.71002197 5117413.10009766 2124.00000000 234 234 224 2.000000 21.000000
561487.16998291 5117412.35009766 2140.62011719 246 245 242 2.000000 21.000000
561495.95001221 5117412.28002930 2143.62988281 226 224 212 2.000000 21.000000
561500.76000977 5117412.18994141 2146.10009766 200 200 186 2.000000 21.000000
561510.05999756 5117411.95996094 2151.90991211 242 242 233 2.000000 21.000000
561514.63000488 5117411.86010742 2154.54003906 232 232 223 2.000000 21.000000
561535.64001465 5117411.44995117 2165.81005859 236 236 224 2.000000 21.000000
561540.91000366 5117411.34008789 2168.75000000 237 236 225 2.000000 21.000000
561551.10000610 5117411.12011719 2174.59008789 238 236 224 2.000000 21.000000
561558.80999756 5117410.90991211 2179.69995117 237 235 223 2.000000 21.000000
561590.70999146 5117410.23999023 2197.89990234 230 229 214 2.000000 21.000000
561596.29998779 5117410.13989258 2200.85009766 231 230 216 2.000000 21.000000
561615.00000000 5117409.80004883 2210.93994141 230 230 215 2.000000 21.000000
561621.30999756 5117409.67993164 2214.46997070 230 230 215 2.000000 21.000000
561634.54998779 5117409.44995117 2221.71997070 231 230 216 2.000000 21.000000
561630.05999756 5117410.12011719 2219.17993164 230 230 214 2.000000 21.000000
561610.70001221 5117410.66992188 2208.10009766 230 229 214 2.000000 21.000000
561605.72000122 5117410.78002930 2205.69995117 230 228 214 2.000000 21.000000
561581.17999268 5117411.38989258 2192.66992188 227 226 211 2.000000 21.000000
561575.79998779 5117411.48999023 2190.37988281 228 226 212 2.000000 21.000000
561566.89999390 5117411.78002930 2184.48999023 234 232 220 2.000000 21.000000
561546.63000488 5117412.38989258 2171.70996094 238 238 225 2.000000 21.000000
561530.76000977 5117412.78002930 2163.10009766 238 237 226 2.000000 21.000000
561525.23999023 5117412.90991211 2160.27001953 236 235 224 2.000000 21.000000
561505.92999268 5117413.41992188 2149.05004883 237 237 225 2.000000 21.000000
561484.27001953 5117414.00000000 2136.41992188 247 247 242 2.000000 21.000000
561479.17999268 5117414.09008789 2134.16992188 247 246 239 2.000000 21.000000
561456.55999756 5117414.98999023 2115.93994141 240 240 229 2.000000 21.000000
561451.40002441 5117415.21997070 2111.39990234 226 227 216 2.000000 21.000000
561446.22998047 5117415.47998047 2106.21997070 233 232 222 2.000000 21.000000
561438.23999023 5117415.83007813 2099.19995117 243 243 234 2.000000 21.000000
561395.45001221 5117417.13989258 2071.25000000 234 236 228 2.000000 21.000000
561385.54998779 5117419.76000977 2066.26000977 220 220 212 2.000000 21.000000
561391.64001465 5117419.73999023 2067.75000000 246 246 239 2.000000 21.000000
561400.59997559 5117419.62011719 2071.56005859 246 248 241 2.000000 21.000000
561405.02001953 5117419.53002930 2073.90991211 246 247 240 2.000000 21.000000
561409.32000732 5117419.37988281 2077.30004883 247 248 242 2.000000 21.000000
561415.03997803 5117419.20996094 2081.37011719 247 245 238 2.000000 21.000000
561422.09997559 5117418.96997070 2086.75000000 241 241 234 2.000000 21.000000
561431.73999023 5117418.61010742 2094.78002930 237 238 230 2.000000 21.000000
561441.15997314 5117418.22998047 2103.10009766 222 220 212 2.000000 21.000000
561460.61999512 5117417.39990234 2120.96997070 239 240 230 2.000000 21.000000
561469.66998291 5117417.16992188 2126.77001953 244 246 238 2.000000 21.000000
561474.66998291 5117417.00000000 2130.59008789 246 246 238 2.000000 21.000000
561488.54998779 5117416.72998047 2137.94995117 222 224 212 2.000000 21.000000
561493.54000854 5117416.65991211 2140.19995117 200 198 182 2.000000 21.000000
561518.05999756 5117416.05004883 2155.45996094 238 238 228 2.000000 21.000000
561538.89999390 5117415.63989258 2166.72998047 237 236 226 2.000000 21.000000
561554.02999878 5117415.27001953 2176.17993164 236 234 222 2.000000 21.000000
561561.67999268 5117415.08007813 2181.02001953 234 232 220 2.000000 21.000000
561570.89001465 5117414.87011719 2186.61010742 230 228 214 2.000000 21.000000
561584.92999268 5117414.60009766 2194.12988281 230 230 214 2.000000 21.000000
561594.01998901 5117414.45996094 2198.60009766 231 230 214 2.000000 21.000000
561599.45999146 5117414.35009766 2201.57006836 230 228 213 2.000000 21.000000
561617.73001099 5117414.02001953 2211.33007813 230 230 214 2.000000 21.000000
561624.42001343 5117413.88989258 2215.12011719 230 230 214 2.000000 21.000000
561636.58999634 5117414.18994141 2221.59008789 231 230 214 2.000000 21.000000
561578.95999146 5117415.69995117 2190.48999023 231 230 216 2.000000 21.000000
561549.80999756 5117416.50000000 2173.46997070 238 236 222 2.000000 21.000000
561543.80999756 5117416.69995117 2169.37988281 238 237 226 2.000000 21.000000
561534.36999512 5117416.95996094 2163.86010742 237 236 226 2.000000 21.000000
561528.92001343 5117417.09008789 2161.06005859 242 242 230 2.000000 21.000000
561523.41000366 5117417.22998047 2158.00000000 240 240 228 2.000000 21.000000
561513.26000977 5117417.48999023 2152.22998047 236 236 226 2.000000 21.000000
561508.67999268 5117417.62011719 2149.45996094 245 244 233 2.000000 21.000000
561504.04998779 5117417.77001953 2146.44995117 240 239 226 2.000000 21.000000
561499.33999634 5117417.89990234 2143.62011719 204 202 188 2.000000 21.000000
561483.66998291 5117418.37011719 2133.61010742 241 242 229 2.000000 21.000000
561464.44000244 5117418.78002930 2124.11010742 243 242 233 2.000000 21.000000
561453.00000000 5117419.29003906 2114.12011719 248 250 239 2.000000 21.000000
561447.84002686 5117419.53002930 2109.27001953 234 234 224 2.000000 21.000000
561427.75000000 5117420.39990234 2091.91992188 237 237 230 2.000000 21.000000
561396.35998535 5117421.54003906 2068.36010742 247 248 240 2.000000 21.000000
561378.03002930 5117424.26000977 2059.51000977 236 236 230 2.000000 21.000000
561384.19000244 5117424.25000000 2060.92993164 248 250 242 2.000000 21.000000
561390.25000000 5117424.15991211 2063.62988281 244 244 236 2.000000 21.000000
561412.15002441 5117423.47998047 2079.41992188 244 243 236 2.000000 21.000000
561417.82000732 5117423.29003906 2083.81005859 242 240 234 2.000000 21.000000
561434.40002441 5117422.67993164 2097.47998047 227 227 220 2.000000 21.000000
561438.46002197 5117422.53002930 2100.72998047 243 242 236 2.000000 21.000000
561443.82000732 5117422.34008789 2104.98999023 246 246 238 2.000000 21.000000
561456.84002686 5117421.83007813 2116.23999023 246 248 239 2.000000 21.000000
561472.34997559 5117421.43994141 2125.89990234 219 221 213 2.000000 21.000000
561477.64001465 5117421.42993164 2127.21997070 241 243 232 2.000000 21.000000
561556.72000122 5117419.45996094 2176.80004883 235 233 221 2.000000 21.000000
561564.42001343 5117419.29003906 2181.31005859 234 233 221 2.000000 21.000000
561569.16000366 5117419.20996094 2183.65991211 231 232 218 2.000000 21.000000
561573.69000244 5117419.11010742 2186.41992188 232 232 218 2.000000 21.000000
561588.35998535 5117418.79003906 2195.00000000 233 232 217 2.000000 21.000000
561597.30999756 5117418.63989258 2199.47998047 230 228 214 2.000000 21.000000
561602.60998535 5117418.53002930 2202.52001953 230 228 214 2.000000 21.000000
561607.82998657 5117418.45996094 2204.95996094 230 228 214 2.000000 21.000000
561612.76000977 5117418.38989258 2207.32006836 228 227 213 2.000000 21.000000
561620.51000977 5117418.22998047 2211.75000000 232 232 216 2.000000 21.000000
561627.60000610 5117418.11010742 2215.61010742 231 230 215 2.000000 21.000000
561632.47000122 5117418.02001953 2218.21997070 230 228 214 2.000000 21.000000
561583.70001221 5117419.82006836 2192.12011719 232 230 216 2.000000 21.000000
561547.45999146 5117420.83007813 2170.88989258 238 234 222 2.000000 21.000000
561541.32000732 5117421.00000000 2167.12988281 238 236 224 2.000000 21.000000
561531.79998779 5117421.27001953 2161.39990234 240 240 228 2.000000 21.000000
561526.26000977 5117421.39990234 2158.64990234 242 242 230 2.000000 21.000000
561520.67999268 5117421.54003906 2155.52001953 236 236 223 2.000000 21.000000
561516.16000366 5117421.65991211 2152.87011719 248 250 240 2.000000 21.000000
561511.60998535 5117421.80004883 2149.89990234 237 235 224 2.000000 21.000000
561506.95999146 5117421.92993164 2147.23999023 225 223 211 2.000000 21.000000
561497.48001099 5117422.18994141 2141.54003906 211 210 192 2.000000 21.000000
561492.69000244 5117422.34008789 2138.43994141 173 172 154 2.000000 21.000000
561487.90002441 5117422.52001953 2134.71997070 191 188 171 2.000000 21.000000
561483.08001709 5117422.71997070 2130.77001953 212 212 197 2.000000 21.000000
561467.65997314 5117423.06005859 2123.04003906 245 244 235 2.000000 21.000000
561462.27001953 5117423.10009766 2121.64990234 237 236 228 2.000000 21.000000
561450.78002930 5117423.63989258 2111.06005859 247 249 240 2.000000 21.000000
561425.21002197 5117424.66992188 2090.26000977 242 242 236 2.000000 21.000000
561406.82000732 5117425.33007813 2076.52001953 231 231 223 2.000000 21.000000
561402.51000977 5117425.51000977 2072.94995117 242 240 230 2.000000 21.000000
561374.64001465 5117428.78002930 2053.25000000 243 243 236 2.000000 21.000000
561379.26000977 5117428.70996094 2055.28002930 250 250 244 2.000000 21.000000
561383.79998779 5117428.59008789 2058.32006836 246 248 242 2.000000 21.000000
561388.28997803 5117428.44995117 2061.47998047 246 246 239 2.000000 21.000000
561394.21997070 5117428.26000977 2065.92993164 240 240 232 2.000000 21.000000
561398.61999512 5117428.11010742 2069.35009766 232 234 225 2.000000 21.000000
561412.85998535 5117427.45996094 2083.15991211 252 249 243 2.000000 21.000000
561418.53002930 5117427.27001953 2087.43994141 246 246 240 2.000000 21.000000
561428.36999512 5117427.01000977 2093.84008789 245 244 238 2.000000 21.000000
561435.10998535 5117426.69995117 2100.37011719 246 246 240 2.000000 21.000000
561440.59002686 5117426.57006836 2103.80004883 248 246 240 2.000000 21.000000
561445.96997070 5117426.39990234 2107.63989258 248 248 242 2.000000 21.000000
561460.46997070 5117425.98999023 2117.52001953 229 231 221 2.000000 21.000000
561465.89001465 5117425.96997070 2119.05004883 242 240 230 2.000000 21.000000
561472.46002197 5117425.87011719 2121.94995117 231 231 221 2.000000 21.000000
561501.45999146 5117424.94995117 2143.48999023 212 210 193 2.000000 21.000000
561536.35998535 5117424.19995117 2163.56005859 238 236 224 2.000000 21.000000
561551.82000732 5117423.86010742 2172.56005859 238 234 222 2.000000 21.000000
561559.75000000 5117423.69995117 2176.87011719 236 234 222 2.000000 21.000000
561567.30999756 5117423.53002930 2181.36010742 234 236 222 2.000000 21.000000
561571.79998779 5117423.40991211 2184.48999023 232 234 220 2.000000 21.000000
561577.14999390 5117423.28002930 2187.69995117 228 228 214 2.000000 21.000000
561591.54000854 5117423.00000000 2195.77001953 233 231 217 2.000000 21.000000
561600.27999878 5117422.86010742 2199.97998047 231 228 216 2.000000 21.000000
561605.50000000 5117422.77001953 2202.72998047 228 226 213 2.000000 21.000000
561610.51998901 5117422.69995117 2205.18994141 230 229 214 2.000000 21.000000
561615.89001465 5117422.59008789 2208.25000000 232 230 216 2.000000 21.000000
561623.44000244 5117422.45996094 2212.21997070 230 228 212 2.000000 21.000000
561630.27999878 5117422.34008789 2215.95996094 229 228 214 2.000000 21.000000
561635.48001099 5117422.26000977 2218.65991211 231 230 214 2.000000 21.000000
561587.32998657 5117423.96997070 2193.05004883 236 234 220 2.000000 21.000000
561545.54998779 5117425.11010742 2168.65991211 238 236 224 2.000000 21.000000
561529.69000244 5117425.53002930 2159.67993164 240 240 228 2.000000 21.000000
561524.19000244 5117425.65991211 2156.71997070 239 239 227 2.000000 21.000000
561496.86999512 5117426.51000977 2138.83007813 188 188 164 2.000000 21.000000
561490.73001099 5117426.62011719 2136.00000000 200 198 178 2.000000 21.000000
561485.84997559 5117426.76000977 2133.01000977 174 173 157 2.000000 21.000000
561479.95001221 5117427.07006836 2127.12988281 192 190 176 2.000000 21.000000
561455.15997314 5117427.58007813 2115.00000000 210 212 202 2.000000 21.000000
561408.58001709 5117429.30004883 2079.55004883 247 249 243 2.000000 21.000000
561369.84002686 5117433.26000977 2047.33996582 246 246 238 2.000000 21.000000
561377.42999268 5117433.00000000 2053.25000000 246 244 238 2.000000 21.000000
561390.78002930 5117432.44995117 2065.05004883 240 239 230 2.000000 21.000000
561395.13000488 5117432.27001953 2068.98999023 244 243 236 2.000000 21.000000
561399.50000000 5117432.12011719 2072.50000000 246 246 240 2.000000 21.000000
561403.83001709 5117431.96997070 2075.85009766 247 248 242 2.000000 21.000000
561416.64001465 5117431.54003906 2085.64990234 222 221 221 2.000000 21.000000
561422.21997070 5117431.35009766 2090.02001953 240 238 234 2.000000 21.000000
561430.46002197 5117431.05004883 2096.70996094 242 242 235 2.000000 21.000000
561437.14001465 5117430.76000977 2102.97998047 245 244 238 2.000000 21.000000
561441.08001709 5117430.58007813 2106.85009766 242 239 234 2.000000 21.000000
561447.86999512 5117430.43994141 2110.48999023 243 242 234 2.000000 21.000000
561459.00000000 5117430.44995117 2112.52001953 235 235 223 2.000000 21.000000
561464.25000000 5117430.34008789 2115.59008789 218 216 205 2.000000 21.000000
561469.57000732 5117430.28002930 2117.62988281 234 234 222 2.000000 21.000000
561475.90997314 5117430.10009766 2121.95996094 223 223 210 2.000000 21.000000
561504.61999512 5117429.12988281 2144.22998047 176 179 164 2.000000 21.000000
561509.26000977 5117429.01000977 2147.22998047 201 196 178 2.000000 21.000000
561513.82998657 5117428.88989258 2150.13989258 236 236 223 2.000000 21.000000
561518.35998535 5117428.78002930 2152.90991211 240 240 230 2.000000 21.000000
561533.83999634 5117428.46997070 2161.39990234 238 237 224 2.000000 21.000000
561539.11999512 5117428.35009766 2164.56005859 235 234 221 2.000000 21.000000
561549.48001099 5117428.14990234 2170.11010742 235 234 222 2.000000 21.000000
561555.47000122 5117428.02001953 2173.46997070 236 236 224 2.000000 21.000000
561563.16000366 5117427.85009766 2178.06005859 234 234 222 2.000000 21.000000
561570.67999268 5117427.70996094 2182.01000977 234 235 222 2.000000 21.000000
561575.07998657 5117427.58007813 2185.16992188 236 234 222 2.000000 21.000000
561580.44000244 5117427.48999023 2187.83007813 234 233 220 2.000000 21.000000
561594.50000000 5117427.19995117 2195.94995117 232 232 216 2.000000 21.000000
561603.07998657 5117427.06005859 2200.18994141 232 231 216 2.000000 21.000000
561613.76000977 5117426.87011719 2205.89990234 230 230 214 2.000000 21.000000
561619.02999878 5117426.78002930 2208.65991211 228 228 212 2.000000 21.000000
561626.32000732 5117426.64990234 2212.61010742 229 228 212 2.000000 21.000000
561633.42001343 5117426.53002930 2216.40991211 229 228 214 2.000000 21.000000
561638.05999756 5117426.91992188 2218.91992188 229 228 212 2.000000 21.000000
561608.79998779 5117427.67993164 2203.31005859 230 230 214 2.000000 21.000000
561585.38000488 5117428.25000000 2190.91992188 232 230 216 2.000000 21.000000
561526.89001465 5117429.80004883 2157.60009766 240 240 228 2.000000 21.000000
561500.79998779 5117430.61010742 2140.59008789 178 176 164 2.000000 21.000000
561496.23001099 5117430.83007813 2136.21997070 185 184 164 2.000000 21.000000
561491.45999146 5117431.01000977 2132.70996094 195 192 171 2.000000 21.000000
561486.47998047 5117431.12011719 2130.13989258 228 226 206 2.000000 21.000000
561454.42999268 5117432.07006836 2109.79003906 210 210 198 2.000000 21.000000
561411.55999756 5117433.36010742 2082.11010742 224 231 235 2.000000 21.000000
561385.35998535 5117434.39990234 2061.04003906 226 225 213 2.000000 21.000000
561380.90002441 5117434.61010742 2056.87011719 240 238 228 2.000000 21.000000
561372.03997803 5117437.35009766 2049.37988281 234 232 225 2.000000 21.000000
561391.34997559 5117436.45996094 2068.19995117 224 223 214 2.000000 21.000000
561395.69000244 5117436.26000977 2072.52001953 244 244 237 2.000000 21.000000
561400.07000732 5117436.11010742 2075.82006836 247 246 242 2.000000 21.000000
561405.94000244 5117435.98999023 2079.12011719 235 236 230 2.000000 21.000000
561418.76000977 5117435.59008789 2088.39990234 206 202 197 2.000000 21.000000
561424.34002686 5117435.39990234 2092.70996094 226 222 213 2.000000 21.000000
561434.13000488 5117435.17993164 2098.42993164 245 244 236 2.000000 21.000000
561439.76000977 5117435.12011719 2100.52001953 218 216 206 2.000000 21.000000
561445.17999268 5117434.96997070 2104.21997070 229 228 218 2.000000 21.000000
561450.72998047 5117434.92993164 2106.03002930 217 216 206 2.000000 21.000000
561458.90997314 5117434.83007813 2109.31005859 236 234 224 2.000000 21.000000
561464.19000244 5117434.71997070 2112.26000977 238 236 225 2.000000 21.000000
561469.44000244 5117434.62011719 2115.07006836 242 242 232 2.000000 21.000000
561474.53997803 5117434.47998047 2118.48999023 243 243 234 2.000000 21.000000
561479.48999023 5117434.30004883 2122.42993164 244 242 230 2.000000 21.000000
561484.34002686 5117434.11010742 2126.75000000 233 232 218 2.000000 21.000000
561521.47000122 5117432.94995117 2153.92993164 244 244 234 2.000000 21.000000
561531.38000488 5117432.72998047 2159.71997070 239 238 226 2.000000 21.000000
561536.80999756 5117432.62988281 2162.58007813 236 234 222 2.000000 21.000000
561542.11999512 5117432.53002930 2165.40991211 234 234 220 2.000000 21.000000
561547.32000732 5117432.42993164 2168.19995117 234 234 220 2.000000 21.000000
561552.42001343 5117432.34008789 2170.87988281 234 234 222 2.000000 21.000000
561558.38000488 5117432.21997070 2174.14990234 234 234 222 2.000000 21.000000
561566.10000610 5117432.07006836 2178.31005859 236 236 222 2.000000 21.000000
561573.45001221 5117431.90991211 2182.69995117 234 234 221 2.000000 21.000000
561577.82998657 5117431.79003906 2185.68994141 232 231 218 2.000000 21.000000
561589.79000854 5117431.55004883 2192.33007813 232 232 218 2.000000 21.000000
561597.82998657 5117431.40991211 2196.59008789 232 232 216 2.000000 21.000000
561606.14999390 5117431.27001953 2200.79003906 230 230 214 2.000000 21.000000
561616.51998901 5117431.08007813 2206.42993164 231 230 214 2.000000 21.000000
561622.30999756 5117431.00000000 2209.19995117 230 228 214 2.000000 21.000000
561629.32000732 5117430.87011719 2212.98999023 230 228 214 2.000000 21.000000
561636.60998535 5117431.20996094 2216.73999023 234 234 219 2.000000 21.000000
561611.98001099 5117431.83007813 2203.65991211 232 230 216 2.000000 21.000000
561583.35000610 5117432.54003906 2188.29003906 234 234 220 2.000000 21.000000
561517.16000366 5117434.23999023 2151.27001953 218 217 205 2.000000 21.000000
561512.55999756 5117434.36010742 2148.66992188 201 200 186 2.000000 21.000000
561507.94000244 5117434.48999023 2145.88989258 218 214 197 2.000000 21.000000
561503.22000122 5117434.61010742 2143.16992188 233 233 217 2.000000 21.000000
561489.27999878 5117435.21997070 2131.09008789 186 186 170 2.000000 21.000000
561430.34997559 5117436.88989258 2094.84008789 238 239 231 2.000000 21.000000
561414.96002197 5117437.42993164 2083.60009766 213 207 199 2.000000 21.000000
561387.21997070 5117438.27001953 2065.63989258 214 213 200 2.000000 21.000000
561376.83001709 5117438.81005859 2055.23999023 228 224 215 2.000000 21.000000
561379.20001221 5117440.97998047 2059.68994141 210 208 197 2.000000 21.000000
561392.51000977 5117440.45996094 2071.15991211 246 243 235 2.000000 21.000000
561398.63000488 5117440.51000977 2071.55004883 242 241 236 2.000000 21.000000
561404.55999756 5117440.41992188 2074.31005859 236 234 226 2.000000 21.000000
561410.52001953 5117440.38989258 2075.90991211 206 204 196 2.000000 21.000000
561420.21997070 5117439.90991211 2086.06005859 210 204 194 2.000000 21.000000
561425.90002441 5117439.79003906 2089.14990234 206 202 192 2.000000 21.000000
561435.75000000 5117439.62011719 2094.01000977 232 230 220 2.000000 21.000000
561441.28002930 5117439.50000000 2097.06005859 202 198 188 2.000000 21.000000
561446.80999756 5117439.41992188 2099.65991211 216 214 204 2.000000 21.000000
561452.21002197 5117439.29003906 2102.86010742 237 237 227 2.000000 21.000000
561457.53002930 5117439.15991211 2106.10009766 242 242 232 2.000000 21.000000
561462.79998779 5117439.04003906 2109.31005859 240 239 229 2.000000 21.000000
561467.97998047 5117438.89990234 2112.70996094 240 238 230 2.000000 21.000000
561473.08001709 5117438.75000000 2116.26000977 244 246 238 2.000000 21.000000
561492.13000488 5117437.87988281 2134.87011719 220 220 209 2.000000 21.000000
561496.83999634 5117437.70996094 2138.57006836 238 237 226 2.000000 21.000000
561524.55999756 5117437.08007813 2155.00000000 241 241 230 2.000000 21.000000
561529.00000000 5117436.98999023 2157.36010742 238 237 225 2.000000 21.000000
561534.41000366 5117436.87011719 2160.54003906 234 233 221 2.000000 21.000000
561539.77999878 5117436.77001953 2163.33007813 234 232 220 2.000000 21.000000
561545.04998779 5117436.67993164 2166.09008789 234 232 220 2.000000 21.000000
561550.20999146 5117436.59008789 2168.70996094 234 232 220 2.000000 21.000000
561555.20001221 5117436.47998047 2171.64990234 234 232 220 2.000000 21.000000
561561.17001343 5117436.37988281 2174.48999023 232 232 220 2.000000 21.000000
561569.64999390 5117436.18994141 2179.47998047 234 234 221 2.000000 21.000000
561587.26998901 5117435.84008789 2189.37988281 232 232 218 2.000000 21.000000
561593.01000977 5117435.71997070 2192.62011719 234 234 218 2.000000 21.000000
561600.85998535 5117435.57006836 2196.92993164 232 232 216 2.000000 21.000000
561609.01998901 5117435.42993164 2201.09008789 232 230 216 2.000000 21.000000
561619.83999634 5117435.23999023 2206.84008789 230 228 214 2.000000 21.000000
561625.36999512 5117435.13989258 2209.83007813 230 230 214 2.000000 21.000000
561632.17001343 5117435.03002930 2213.37988281 229 228 214 2.000000 21.000000
561615.35000610 5117435.96997070 2204.31005859 230 228 214 2.000000 21.000000
561581.38000488 5117436.83007813 2185.73999023 233 232 218 2.000000 21.000000
561576.98001099 5117436.94995117 2183.20996094 233 233 219 2.000000 21.000000
561519.98001099 5117438.35009766 2152.14990234 236 236 226 2.000000 21.000000
561501.52999878 5117438.86010742 2141.11010742 238 238 223 2.000000 21.000000
561486.07000732 5117439.39990234 2129.87011719 242 242 230 2.000000 21.000000
561482.71002197 5117439.65991211 2125.00000000 234 233 221 2.000000 21.000000
561479.14001465 5117439.86010742 2121.22998047 238 237 226 2.000000 21.000000
561431.44000244 5117441.31005859 2090.25000000 202 196 190 2.000000 21.000000
561415.86999512 5117441.75000000 2080.55004883 219 214 204 2.000000 21.000000
561383.26000977 5117442.43994141 2064.37988281 228 230 220 2.000000 21.000000
561383.27001953 5117445.17993164 2059.90991211 248 248 240 2.000000 21.000000
561387.83001709 5117445.11010742 2062.04003906 234 238 231 2.000000 21.000000
561393.91998291 5117445.07006836 2063.93994141 210 212 206 2.000000 21.000000
561398.32000732 5117444.92993164 2067.20996094 231 230 224 2.000000 21.000000
561402.71997070 5117444.79003906 2070.39990234 207 204 196 2.000000 21.000000
561408.66998291 5117444.71997070 2072.79003906 230 228 216 2.000000 21.000000
561420.16998291 5117444.38989258 2080.63989258 230 228 216 2.000000 21.000000
561425.84997559 5117444.23999023 2084.36010742 212 208 196 2.000000 21.000000
561435.73999023 5117444.04003906 2089.79003906 229 229 218 2.000000 21.000000
561441.26000977 5117443.87988281 2093.46997070 242 240 230 2.000000 21.000000
561445.35998535 5117443.76000977 2096.35009766 245 244 235 2.000000 21.000000
561450.77001953 5117443.61010742 2100.01000977 242 241 232 2.000000 21.000000
561456.13000488 5117443.45996094 2103.63989258 243 243 234 2.000000 21.000000
561475.50000000 5117442.84008789 2117.95996094 237 238 227 2.000000 21.000000
561489.98999023 5117442.22998047 2131.30004883 238 237 228 2.000000 21.000000
561505.26000977 5117441.70996094 2143.15991211 224 222 206 2.000000 21.000000
561509.92001343 5117441.60009766 2145.98999023 240 238 224 2.000000 21.000000
561514.54998779 5117441.50000000 2148.60009766 247 246 234 2.000000 21.000000
561532.41000366 5117441.13989258 2158.56005859 232 232 221 2.000000 21.000000
561537.79998779 5117441.04003906 2161.38989258 236 236 224 2.000000 21.000000
561543.07000732 5117440.92993164 2164.28002930 234 234 222 2.000000 21.000000
561548.26998901 5117440.84008789 2166.90991211 234 232 220 2.000000 21.000000
561553.39999390 5117440.75000000 2169.41992188 234 233 220 2.000000 21.000000
561558.35000610 5117440.65991211 2172.12011719 232 232 220 2.000000 21.000000
561564.17001343 5117440.55004883 2175.27001953 234 234 221 2.000000 21.000000
561572.63000488 5117440.38989258 2179.79003906 234 234 220 2.000000 21.000000
561584.95999146 5117440.12011719 2187.05004883 234 232 218 2.000000 21.000000
561590.07000732 5117440.03002930 2189.63989258 234 234 218 2.000000 21.000000
561595.76998901 5117439.91992188 2192.72998047 234 234 218 2.000000 21.000000
561604.23999023 5117439.75000000 2197.53002930 232 232 216 2.000000 21.000000
561612.20001221 5117439.61010742 2201.71997070 231 230 216 2.000000 21.000000
561622.75000000 5117439.42993164 2207.12988281 230 228 214 2.000000 21.000000
561628.60998535 5117439.32006836 2210.41992188 226 224 210 2.000000 21.000000
561635.04998779 5117439.20996094 2213.78002930 230 228 216 2.000000 21.000000
561528.20001221 5117442.35009766 2156.09008789 234 236 224 2.000000 21.000000
561523.77999878 5117442.46997070 2153.59008789 241 241 231 2.000000 21.000000
561498.36999512 5117443.14990234 2138.70996094 237 235 223 2.000000 21.000000
561493.64001465 5117443.32006836 2135.18994141 227 225 214 2.000000 21.000000
561486.83001709 5117443.76000977 2126.92993164 241 241 231 2.000000 21.000000
561470.65002441 5117444.37011719 2114.43994141 238 240 230 2.000000 21.000000
561465.52001953 5117444.56005859 2110.57006836 240 240 230 2.000000 21.000000
561460.33001709 5117444.76000977 2106.56005859 240 240 230 2.000000 21.000000
561431.84997559 5117445.71997070 2086.45996094 234 235 222 2.000000 21.000000
561416.16998291 5117446.16992188 2076.64990234 232 230 218 2.000000 21.000000
561378.96002197 5117447.06005859 2056.32006836 246 246 238 2.000000 21.000000
561372.38000488 5117449.72998047 2050.46997070 246 246 238 2.000000 21.000000
561384.64001465 5117449.52001953 2056.52001953 216 217 209 2.000000 21.000000
561390.73999023 5117449.44995117 2059.00000000 234 235 225 2.000000 21.000000
561401.14001465 5117449.15991211 2065.92993164 239 236 227 2.000000 21.000000
561405.57000732 5117449.07006836 2068.35009766 240 236 226 2.000000 21.000000
561411.40002441 5117448.92993164 2072.02001953 241 238 226 2.000000 21.000000
561422.86999512 5117448.62011719 2079.62011719 237 236 224 2.000000 21.000000
561428.50000000 5117448.44995117 2083.53002930 242 242 230 2.000000 21.000000
561477.34997559 5117446.84008789 2120.71997070 226 227 212 2.000000 21.000000
561482.34002686 5117446.68994141 2124.25000000 225 224 210 2.000000 21.000000
561502.39999390 5117445.91992188 2141.40991211 230 228 212 2.000000 21.000000
561517.64001465 5117445.62011719 2149.55004883 243 243 234 2.000000 21.000000
561535.45999146 5117445.28002930 2159.14990234 233 234 222 2.000000 21.000000
561540.82000732 5117445.16992188 2162.06005859 232 232 220 2.000000 21.000000
561546.04998779 5117445.07006836 2164.97998047 234 234 222 2.000000 21.000000
561551.26998901 5117444.98999023 2167.32006836 234 234 220 2.000000 21.000000
561556.32000732 5117444.89990234 2169.95996094 236 235 222 2.000000 21.000000
561561.32998657 5117444.83007813 2172.23999023 234 232 220 2.000000 21.000000
561567.02999878 5117444.69995117 2175.70996094 234 233 220 2.000000 21.000000
561576.25000000 5117444.51000977 2180.84008789 232 230 218 2.000000 21.000000
561580.73001099 5117444.43994141 2183.12988281 234 232 218 2.000000 21.000000
561588.45999146 5117444.29003906 2187.35009766 234 233 218 2.000000 21.000000
561593.39001465 5117444.18994141 2190.06005859 234 234 218 2.000000 21.000000
561598.91000366 5117444.08007813 2193.27001953 232 232 218 2.000000 21.000000
561607.16000366 5117443.91992188 2197.85009766 230 230 214 2.000000 21.000000
561615.51998901 5117443.76000977 2202.47998047 229 228 213 2.000000 21.000000
561620.10000610 5117443.67993164 2204.94995117 230 230 216 2.000000 21.000000
561625.75000000 5117443.61010742 2207.53002930 230 230 216 2.000000 21.000000
561631.42001343 5117443.50000000 2210.67993164 230 228 216 2.000000 21.000000
561638.02999878 5117443.37988281 2214.44995117 227 226 212 2.000000 21.000000
561571.52999878 5117445.54003906 2178.12988281 232 230 218 2.000000 21.000000
561512.70001221 5117446.91992188 2146.95996094 244 242 234 2.000000 21.000000
561508.05999756 5117447.04003906 2144.28002930 196 194 183 2.000000 21.000000
561490.23999023 5117447.58007813 2132.67993164 195 192 181 2.000000 21.000000
561473.32000732 5117448.35009766 2117.51000977 232 231 218 2.000000 21.000000
561456.65997314 5117448.98999023 2104.32006836 244 244 234 2.000000 21.000000
561452.71002197 5117449.13989258 2101.23999023 243 243 235 2.000000 21.000000
561448.71002197 5117449.28002930 2098.22998047 241 241 233 2.000000 21.000000
561443.29998779 5117449.45996094 2094.45996094 242 242 234 2.000000 21.000000
561439.21002197 5117449.60009766 2091.47998047 242 242 234 2.000000 21.000000
561435.09997559 5117449.76000977 2088.23999023 244 244 234 2.000000 21.000000
561397.84002686 5117450.96997070 2062.46997070 239 237 228 2.000000 21.000000
561381.21997070 5117451.37988281 2053.09008789 214 216 208 2.000000 21.000000
561387.58001709 5117453.76000977 2055.56005859 238 238 230 2.000000 21.000000
561393.58001709 5117453.61010742 2059.37011719 237 236 226 2.000000 21.000000
561403.89001465 5117453.33007813 2066.21997070 238 234 224 2.000000 21.000000
561409.73999023 5117453.17993164 2069.90991211 240 238 227 2.000000 21.000000
561415.51000977 5117453.01000977 2073.80004883 240 240 226 2.000000 21.000000
561419.79998779 5117452.88989258 2076.76000977 239 238 225 2.000000 21.000000
561460.42999268 5117451.48999023 2108.63989258 244 244 235 2.000000 21.000000
561464.21002197 5117451.32006836 2112.32006836 242 242 232 2.000000 21.000000
561469.45001221 5117451.20996094 2115.15991211 240 239 228 2.000000 21.000000
561479.15997314 5117450.72998047 2125.31005859 214 211 195 2.000000 21.000000
561484.17999268 5117450.62011719 2128.22998047 216 214 200 2.000000 21.000000
561493.69000244 5117450.23999023 2136.46997070 199 197 183 2.000000 21.000000
561498.55999756 5117450.14990234 2139.04003906 204 200 188 2.000000 21.000000
561520.83999634 5117449.73999023 2150.69995117 244 244 236 2.000000 21.000000
561525.39001465 5117449.66992188 2152.80004883 242 243 234 2.000000 21.000000
561529.76998901 5117449.57006836 2155.42993164 236 236 226 2.000000 21.000000
561538.45001221 5117449.40991211 2159.91992188 234 234 222 2.000000 21.000000
561543.75000000 5117449.32006836 2162.55004883 234 234 222 2.000000 21.000000
561548.92001343 5117449.21997070 2165.34008789 234 234 222 2.000000 21.000000
561564.75000000 5117448.92993164 2173.77001953 234 232 220 2.000000 21.000000
561583.94000244 5117448.59008789 2183.72998047 232 232 218 2.000000 21.000000
561591.54998779 5117448.43994141 2187.85009766 232 232 218 2.000000 21.000000
561596.42001343 5117448.35009766 2190.45996094 232 232 218 2.000000 21.000000
561601.85998535 5117448.23999023 2193.56005859 232 232 217 2.000000 21.000000
561609.95001221 5117448.08007813 2198.26000977 230 230 214 2.000000 21.000000
561623.32000732 5117447.84008789 2205.36010742 229 229 214 2.000000 21.000000
561628.70001221 5117447.76000977 2208.12011719 230 228 216 2.000000 21.000000
561634.19000244 5117447.65991211 2211.07006836 230 229 215 2.000000 21.000000
561618.58999634 5117448.59008789 2202.61010742 229 230 214 2.000000 21.000000
561579.20999146 5117449.58007813 2181.10009766 232 230 218 2.000000 21.000000
561574.70001221 5117449.69995117 2178.51000977 231 230 217 2.000000 21.000000
561560.33999634 5117450.02001953 2171.29003906 234 232 220 2.000000 21.000000
561555.36999512 5117450.12988281 2168.66992188 234 233 220 2.000000 21.000000
561516.60000610 5117451.02001953 2148.31005859 246 244 238 2.000000 21.000000
561510.86999512 5117451.16992188 2144.93994141 240 238 230 2.000000 21.000000
561504.94000244 5117451.29003906 2142.10009766 234 232 224 2.000000 21.000000
561474.61999512 5117452.25000000 2121.72998047 232 230 217 2.000000 21.000000
561444.91998291 5117453.45996094 2097.01000977 242 242 236 2.000000 21.000000
561432.73999023 5117453.97998047 2086.37988281 236 237 228 2.000000 21.000000
561428.58001709 5117454.14990234 2082.97998047 238 238 228 2.000000 21.000000
561424.38000488 5117454.30004883 2079.77001953 230 230 219 2.000000 21.000000
561397.67999268 5117457.65991211 2061.52001953 246 244 236 2.000000 21.000000
561412.32000732 5117457.26000977 2071.26000977 233 231 219 2.000000 21.000000
561436.08001709 5117456.38989258 2090.80004883 238 238 230 2.000000 21.000000
561440.20001221 5117456.26000977 2093.84008789 238 238 230 2.000000 21.000000
561448.23999023 5117455.94995117 2100.60009766 241 241 233 2.000000 21.000000
561453.63000488 5117455.82006836 2103.95996094 238 238 230 2.000000 21.000000
561457.53997803 5117455.66992188 2107.29003906 235 234 226 2.000000 21.000000
561466.48999023 5117455.31005859 2115.20996094 226 224 212 2.000000 21.000000
561481.28002930 5117454.68994141 2128.64990234 222 218 202 2.000000 21.000000
561486.20001221 5117454.55004883 2132.04003906 232 232 220 2.000000 21.000000
561491.16000366 5117454.45996094 2134.66992188 241 242 231 2.000000 21.000000
561533.07000732 5117453.69995117 2156.34008789 236 234 226 2.000000 21.000000
561552.10998535 5117453.37011719 2166.01000977 235 233 221 2.000000 21.000000
561567.85998535 5117453.09008789 2174.21997070 234 232 220 2.000000 21.000000
561586.91000366 5117452.75000000 2184.15991211 232 232 217 2.000000 21.000000
561594.45001221 5117452.61010742 2188.17993164 232 232 218 2.000000 21.000000
561599.19000244 5117452.51000977 2191.03002930 232 232 218 2.000000 21.000000
561604.60000610 5117452.40991211 2193.88989258 230 231 218 2.000000 21.000000
561613.29998779 5117452.25000000 2198.68994141 230 230 216 2.000000 21.000000
561626.16000366 5117451.98999023 2206.02001953 226 225 212 2.000000 21.000000
561632.00000000 5117451.91992188 2208.76000977 231 230 216 2.000000 21.000000
561637.23999023 5117451.83007813 2211.60009766 232 230 216 2.000000 21.000000
561621.92001343 5117452.71997070 2203.37988281 230 229 214 2.000000 21.000000
561563.32000732 5117454.17993164 2171.66992188 232 230 218 2.000000 21.000000
561558.38000488 5117454.28002930 2169.20996094 234 232 220 2.000000 21.000000
561547.19000244 5117454.54003906 2163.37988281 234 234 222 2.000000 21.000000
561541.85998535 5117454.63989258 2160.93994141 236 234 222 2.000000 21.000000
561528.82000732 5117454.94995117 2154.02001953 234 233 224 2.000000 21.000000
561524.32998657 5117455.05004883 2151.69995117 230 230 220 2.000000 21.000000
561519.79000854 5117455.14990234 2149.34008789 242 242 232 2.000000 21.000000
561513.98999023 5117455.28002930 2146.39990234 245 244 236 2.000000 21.000000
561508.10998535 5117455.40991211 2143.37988281 246 244 238 2.000000 21.000000
561502.17001343 5117455.55004883 2140.07006836 246 246 237 2.000000 21.000000
561497.35000610 5117455.66992188 2137.33007813 244 244 234 2.000000 21.000000
561471.47998047 5117456.52001953 2119.30004883 216 216 202 2.000000 21.000000
561462.59997559 5117456.88989258 2111.92993164 224 221 210 2.000000 21.000000
561429.09002686 5117458.13989258 2085.96997070 222 222 212 2.000000 21.000000
561420.70001221 5117458.45996094 2079.25000000 215 215 202 2.000000 21.000000
561416.46002197 5117458.63989258 2075.61010742 215 215 198 2.000000 21.000000
561407.86999512 5117458.98999023 2068.54003906 238 236 226 2.000000 21.000000
561403.52001953 5117459.15991211 2064.97998047 243 242 234 2.000000 21.000000
561393.10998535 5117459.46997070 2058.16992188 246 244 238 2.000000 21.000000
561424.76000977 5117460.87011719 2082.06005859 218 216 207 2.000000 21.000000
561433.09002686 5117460.58007813 2088.68994141 231 232 221 2.000000 21.000000
561442.46002197 5117460.14990234 2097.88989258 224 224 212 2.000000 21.000000
561450.47998047 5117459.87011719 2104.27001953 222 220 212 2.000000 21.000000
561454.32000732 5117459.66992188 2108.52001953 236 234 226 2.000000 21.000000
561475.03997803 5117459.09008789 2122.58007813 230 230 216 2.000000 21.000000
561478.48999023 5117458.84008789 2127.54003906 219 218 204 2.000000 21.000000
561536.35998535 5117457.81005859 2157.46997070 237 235 224 2.000000 21.000000
561555.23999023 5117457.51000977 2166.81005859 234 232 220 2.000000 21.000000
561570.75000000 5117457.21997070 2175.15991211 230 230 216 2.000000 21.000000
561575.42001343 5117457.13989258 2177.42993164 230 230 216 2.000000 21.000000
561579.98999023 5117457.07006836 2179.63989258 228 228 213 2.000000 21.000000
561584.33999634 5117456.97998047 2182.20996094 232 232 216 2.000000 21.000000
561590.35998535 5117456.87988281 2185.28002930 232 232 218 2.000000 21.000000
561602.44000244 5117456.66992188 2191.62988281 233 233 220 2.000000 21.000000
561607.67001343 5117456.57006836 2194.57006836 231 231 217 2.000000 21.000000
561616.08999634 5117456.39990234 2199.36010742 230 230 216 2.000000 21.000000
561629.23999023 5117456.17993164 2206.38989258 230 230 216 2.000000 21.000000
561634.70999146 5117456.08007813 2209.43994141 231 231 216 2.000000 21.000000
561597.92999268 5117457.57006836 2189.01000977 234 234 220 2.000000 21.000000
561566.17001343 5117458.30004883 2172.51000977 231 230 216 2.000000 21.000000
561561.32998657 5117458.41992188 2169.87988281 234 232 220 2.000000 21.000000
561550.26998901 5117458.67993164 2164.00000000 234 233 220 2.000000 21.000000
561545.04000854 5117458.79003906 2161.43994141 234 236 222 2.000000 21.000000
561532.07000732 5117459.06005859 2155.11010742 236 236 224 2.000000 21.000000
561517.45001221 5117459.37988281 2147.47998047 242 242 232 2.000000 21.000000
561511.64001465 5117459.51000977 2144.44995117 238 238 228 2.000000 21.000000
561505.76000977 5117459.64990234 2141.27001953 234 234 224 2.000000 21.000000
561494.94000244 5117459.89990234 2135.59008789 246 246 236 2.000000 21.000000
561490.04000854 5117460.02001953 2132.86010742 244 244 237 2.000000 21.000000
561484.98999023 5117460.10009766 2130.75000000 241 241 232 2.000000 21.000000
561467.52001953 5117460.69995117 2118.00000000 215 212 196 2.000000 21.000000
561458.47998047 5117461.01000977 2111.51000977 244 243 234 2.000000 21.000000
561438.78997803 5117461.87988281 2093.86010742 229 230 218 2.000000 21.000000
561413.75000000 5117462.87988281 2073.27001953 236 236 222 2.000000 21.000000
561400.63000488 5117463.31005859 2064.07006836 245 246 237 2.000000 21.000000
561396.17999268 5117463.42993164 2061.33007813 246 246 238 2.000000 21.000000
561405.73999023 5117465.65991211 2066.57006836 233 234 224 2.000000 21.000000
561409.98999023 5117465.45996094 2070.82006836 238 236 228 2.000000 21.000000
561417.09997559 5117465.19995117 2076.71997070 240 238 226 2.000000 21.000000
561421.33001709 5117465.06005859 2080.00000000 241 239 229 2.000000 21.000000
561426.90002441 5117464.86010742 2084.57006836 244 243 234 2.000000 21.000000
561445.82000732 5117464.11010742 2101.29003906 242 242 234 2.000000 21.000000
561461.40997314 5117463.50000000 2114.93994141 244 244 234 2.000000 21.000000
561470.39001465 5117463.22998047 2121.40991211 209 208 194 2.000000 21.000000
561499.20999146 5117462.66992188 2137.20996094 242 240 233 2.000000 21.000000
561521.57000732 5117462.26000977 2149.01000977 240 238 228 2.000000 21.000000
561526.08999634 5117462.17993164 2151.38989258 236 236 225 2.000000 21.000000
561539.32000732 5117461.95996094 2158.06005859 236 236 222 2.000000 21.000000
561557.98001099 5117461.62988281 2167.76000977 236 235 222 2.000000 21.000000
561587.82998657 5117461.13989258 2182.92993164 232 231 216 2.000000 21.000000
561593.72000122 5117461.04003906 2186.10009766 232 232 216 2.000000 21.000000
561605.51000977 5117460.81005859 2192.79003906 232 232 216 2.000000 21.000000
561610.76000977 5117460.73999023 2195.22998047 232 232 216 2.000000 21.000000
561619.01998901 5117460.59008789 2199.87988281 230 230 216 2.000000 21.000000
561623.54998779 5117460.51000977 2202.25000000 230 229 215 2.000000 21.000000
561632.30999756 5117460.35009766 2207.26000977 228 227 213 2.000000 21.000000
561601.14001465 5117461.70996094 2190.09008789 232 231 216 2.000000 21.000000
561582.85000610 5117462.14990234 2180.10009766 230 230 214 2.000000 21.000000
561578.32000732 5117462.23999023 2177.94995117 229 228 214 2.000000 21.000000
561573.70999146 5117462.35009766 2175.60009766 233 233 219 2.000000 21.000000
561569.04000854 5117462.45996094 2173.00000000 232 231 218 2.000000 21.000000
561564.17001343 5117462.55004883 2170.78002930 230 228 215 2.000000 21.000000
561553.23999023 5117462.81005859 2164.95996094 236 236 222 2.000000 21.000000
561548.14999390 5117462.93994141 2161.95996094 234 235 221 2.000000 21.000000
561514.94000244 5117463.62011719 2145.64990234 239 238 228 2.000000 21.000000
561509.17001343 5117463.78002930 2142.03002930 238 238 226 2.000000 21.000000
561482.16998291 5117464.37011719 2128.07006836 247 249 239 2.000000 21.000000
561477.03997803 5117464.46997070 2125.61010742 237 237 226 2.000000 21.000000
561455.07000732 5117465.15991211 2110.62988281 248 248 240 2.000000 21.000000
561451.15002441 5117465.33007813 2107.20996094 246 246 238 2.000000 21.000000
561440.58001709 5117465.82006836 2097.37011719 241 240 232 2.000000 21.000000
561435.14001465 5117466.03002930 2092.97998047 243 243 236 2.000000 21.000000
561431.04998779 5117466.20996094 2089.29003906 246 246 238 2.000000 21.000000
561412.28002930 5117469.48999023 2073.10009766 241 241 232 2.000000 21.000000
561423.57000732 5117469.06005859 2082.79003906 238 238 231 2.000000 21.000000
561449.54998779 5117468.19995117 2102.83007813 245 244 238 2.000000 21.000000
561459.84002686 5117467.75000000 2112.63989258 244 244 238 2.000000 21.000000
561464.91998291 5117467.55004883 2117.09008789 243 243 236 2.000000 21.000000
561473.90997314 5117467.33007813 2122.68994141 244 244 236 2.000000 21.000000
561486.50000000 5117467.07006836 2129.85009766 248 247 239 2.000000 21.000000
561491.45999146 5117466.97998047 2132.46997070 242 240 233 2.000000 21.000000
561496.33999634 5117466.87988281 2135.17993164 244 240 236 2.000000 21.000000
561502.42999268 5117466.80004883 2137.94995117 242 242 232 2.000000 21.000000
561528.98001099 5117466.31005859 2152.19995117 238 239 227 2.000000 21.000000
561534.51998901 5117466.21997070 2154.87011719 234 236 223 2.000000 21.000000
561542.17999268 5117466.12988281 2158.27001953 234 237 223 2.000000 21.000000
561590.85998535 5117465.29003906 2183.73999023 233 232 218 2.000000 21.000000
561596.60000610 5117465.18994141 2186.82006836 235 233 219 2.000000 21.000000
561608.85000610 5117464.97998047 2193.37988281 227 226 210 2.000000 21.000000
561613.85000610 5117464.89990234 2195.93994141 230 228 213 2.000000 21.000000
561626.79000854 5117464.67993164 2202.87011719 231 231 216 2.000000 21.000000
561635.17999268 5117464.53002930 2207.61010742 230 230 214 2.000000 21.000000
561622.39001465 5117465.40991211 2200.39990234 230 230 216 2.000000 21.000000
561604.20001221 5117465.85009766 2190.62011719 228 227 211 2.000000 21.000000
561586.33999634 5117466.26000977 2181.28002930 232 232 216 2.000000 21.000000
561562.42999268 5117466.80004883 2168.66992188 234 232 220 2.000000 21.000000
561557.39999390 5117466.88989258 2166.41992188 234 233 221 2.000000 21.000000
561524.20001221 5117467.60009766 2149.42993164 236 236 225 2.000000 21.000000
561519.67999268 5117467.71997070 2146.73999023 234 234 222 2.000000 21.000000
561512.63000488 5117467.85009766 2143.45996094 235 234 224 2.000000 21.000000
561506.70999146 5117467.97998047 2140.31005859 240 240 228 2.000000 21.000000
561469.46997070 5117468.88989258 2119.23999023 244 244 238 2.000000 21.000000
561455.38000488 5117469.42993164 2107.90991211 244 246 238 2.000000 21.000000
561446.39001465 5117469.90991211 2098.45996094 243 243 237 2.000000 21.000000
561442.40002441 5117470.07006836 2095.10009766 244 243 238 2.000000 21.000000
561438.35998535 5117470.22998047 2091.77001953 242 241 236 2.000000 21.000000
561434.25000000 5117470.36010742 2088.84008789 240 240 235 2.000000 21.000000
561428.67999268 5117470.53002930 2085.15991211 243 243 237 2.000000 21.000000
561420.26000977 5117470.81005859 2079.12011719 243 243 235 2.000000 21.000000
561407.39001465 5117471.28002930 2069.19995117 243 244 236 2.000000 21.000000
561415.21002197 5117473.54003906 2074.39990234 242 242 234 2.000000 21.000000
561452.20001221 5117472.26000977 2104.12011719 246 246 240 2.000000 21.000000
561462.36999512 5117471.78002930 2114.34008789 244 244 238 2.000000 21.000000
561477.72998047 5117471.38989258 2124.37011719 244 244 239 2.000000 21.000000
561482.88000488 5117471.33007813 2126.48999023 240 240 232 2.000000 21.000000
561500.11999512 5117470.97998047 2136.22998047 240 240 229 2.000000 21.000000
561532.64999390 5117470.43994141 2152.72998047 238 240 227 2.000000 21.000000
561538.02999878 5117470.32006836 2155.93994141 236 238 226 2.000000 21.000000
561545.52999878 5117470.19995117 2159.70996094 234 236 224 2.000000 21.000000
561550.80999756 5117470.12011719 2162.12011719 233 232 220 2.000000 21.000000
561566.76000977 5117469.84008789 2170.52001953 234 234 222 2.000000 21.000000
561571.54998779 5117469.77001953 2172.84008789 232 232 220 2.000000 21.000000
561576.20001221 5117469.69995117 2175.21997070 231 230 217 2.000000 21.000000
561580.73001099 5117469.61010742 2177.65991211 230 229 215 2.000000 21.000000
561593.70001221 5117469.40991211 2184.20996094 230 230 215 2.000000 21.000000
561600.10998535 5117469.28002930 2187.85009766 234 232 217 2.000000 21.000000
561616.98999023 5117468.98999023 2196.88989258 232 230 214 2.000000 21.000000
561629.61999512 5117468.79003906 2203.57006836 231 231 214 2.000000 21.000000
561636.94000244 5117469.21997070 2207.52001953 229 227 209 2.000000 21.000000
561612.48001099 5117469.85009766 2194.03002930 230 228 213 2.000000 21.000000
561607.27999878 5117469.94995117 2191.62011719 232 230 215 2.000000 21.000000
561528.27999878 5117471.72998047 2150.12011719 238 238 226 2.000000 21.000000
561516.82998657 5117471.94995117 2144.67993164 239 238 228 2.000000 21.000000
561509.89001465 5117472.12011719 2140.69995117 234 234 222 2.000000 21.000000
561495.42001343 5117472.40991211 2133.54003906 237 237 226 2.000000 21.000000
561490.54998779 5117472.55004883 2130.54003906 240 238 230 2.000000 21.000000
561472.76000977 5117472.88989258 2121.89990234 246 246 241 2.000000 21.000000
561466.25000000 5117473.03002930 2118.55004883 246 246 240 2.000000 21.000000
561458.72998047 5117473.40991211 2110.90991211 242 242 236 2.000000 21.000000
561426.63000488 5117474.77001953 2082.93994141 244 244 237 2.000000 21.000000
561417.34002686 5117477.46997070 2076.89990234 246 246 240 2.000000 21.000000
561421.52001953 5117477.30004883 2080.60009766 244 244 238 2.000000 21.000000
561429.92999268 5117477.06005859 2086.55004883 242 242 236 2.000000 21.000000
561434.02001953 5117476.89990234 2090.15991211 243 242 236 2.000000 21.000000
561438.09997559 5117476.76000977 2093.40991211 244 244 236 2.000000 21.000000
561442.15002441 5117476.62988281 2096.52001953 244 244 236 2.000000 21.000000
561446.16998291 5117476.50000000 2099.58007813 242 242 236 2.000000 21.000000
561453.95001221 5117476.14990234 2107.23999023 246 246 240 2.000000 21.000000
561481.05999756 5117475.50000000 2124.29003906 240 240 232 2.000000 21.000000
561486.03002930 5117475.37988281 2127.48999023 242 242 234 2.000000 21.000000
561503.19000244 5117475.07006836 2136.72998047 240 240 228 2.000000 21.000000
561520.76998901 5117474.75000000 2146.04003906 235 234 222 2.000000 21.000000
561541.77999878 5117474.39990234 2156.98999023 236 236 225 2.000000 21.000000
561554.27999878 5117474.18994141 2163.51000977 234 233 220 2.000000 21.000000
561559.32000732 5117474.11010742 2166.00000000 234 232 220 2.000000 21.000000
561564.27999878 5117474.04003906 2168.37988281 233 231 218 2.000000 21.000000
561583.73999023 5117473.70996094 2178.64990234 230 230 216 2.000000 21.000000
561588.97000122 5117473.62988281 2181.31005859 231 231 217 2.000000 21.000000
561596.51000977 5117473.51000977 2185.15991211 229 229 213 2.000000 21.000000
561602.91000366 5117473.41992188 2188.31005859 232 230 216 2.000000 21.000000
561620.10000610 5117473.12011719 2197.67993164 232 231 216 2.000000 21.000000
561624.60000610 5117473.06005859 2200.02001953 230 230 214 2.000000 21.000000
561632.80999756 5117472.90991211 2204.63989258 229 229 210 2.000000 21.000000
561615.54998779 5117473.94995117 2195.06005859 228 226 212 2.000000 21.000000
561578.70001221 5117474.80004883 2175.69995117 229 228 214 2.000000 21.000000
561574.11999512 5117474.89990234 2173.29003906 232 231 218 2.000000 21.000000
561569.42001343 5117475.01000977 2170.81005859 230 228 216 2.000000 21.000000
561549.44000244 5117475.40991211 2160.98999023 234 234 222 2.000000 21.000000
561536.76000977 5117475.70996094 2154.10009766 238 239 226 2.000000 21.000000
561531.25000000 5117475.81005859 2151.53002930 235 235 222 2.000000 21.000000
561525.67001343 5117475.92993164 2148.58007813 241 240 228 2.000000 21.000000
561514.27999878 5117476.18994141 2142.48999023 236 234 223 2.000000 21.000000
561498.86999512 5117476.54003906 2134.21997070 233 233 222 2.000000 21.000000
561476.58001709 5117477.08007813 2121.46997070 240 241 234 2.000000 21.000000
561471.45001221 5117477.19995117 2118.60009766 242 243 237 2.000000 21.000000
561464.84997559 5117477.30004883 2115.91992188 240 240 234 2.000000 21.000000
561423.92999268 5117481.23999023 2083.43994141 242 242 234 2.000000 21.000000
561430.77001953 5117480.93994141 2089.90991211 244 242 236 2.000000 21.000000
561448.42999268 5117480.39990234 2103.12988281 246 246 240 2.000000 21.000000
561457.65997314 5117480.13989258 2109.68994141 244 245 238 2.000000 21.000000
561489.55999756 5117479.44995117 2128.73999023 232 232 222 2.000000 21.000000
561494.50000000 5117479.37011719 2131.32006836 234 234 224 2.000000 21.000000
561506.48999023 5117479.12988281 2138.09008789 238 238 226 2.000000 21.000000
561518.25000000 5117478.95996094 2143.80004883 234 234 222 2.000000 21.000000
561544.73999023 5117478.51000977 2157.77001953 236 236 226 2.000000 21.000000
561557.10998535 5117478.30004883 2164.35009766 230 228 216 2.000000 21.000000
561592.32998657 5117477.75000000 2182.25000000 230 231 216 2.000000 21.000000
561599.66000366 5117477.63989258 2186.08007813 231 231 215 2.000000 21.000000
561605.85998535 5117477.54003906 2189.28002930 227 226 211 2.000000 21.000000
561611.05999756 5117477.46997070 2191.86010742 229 228 213 2.000000 21.000000
561627.41000366 5117477.17993164 2201.10009766 230 228 212 2.000000 21.000000
561635.85000610 5117477.06005859 2205.63989258 227 226 208 2.000000 21.000000
561622.86999512 5117477.92993164 2198.48999023 228 226 211 2.000000 21.000000
561618.32998657 5117478.06005859 2195.77001953 228 226 212 2.000000 21.000000
561587.55999756 5117478.76000977 2179.59008789 234 233 220 2.000000 21.000000
561582.27999878 5117478.87011719 2176.96997070 233 232 219 2.000000 21.000000
561566.57000732 5117479.22998047 2168.56005859 232 230 217 2.000000 21.000000
561561.64001465 5117479.32006836 2166.20996094 232 230 218 2.000000 21.000000
561552.54000854 5117479.50000000 2161.71997070 230 230 216 2.000000 21.000000
561539.89001465 5117479.77001953 2155.25000000 235 234 221 2.000000 21.000000
561534.42999268 5117479.87988281 2152.53002930 235 234 221 2.000000 21.000000
561528.88000488 5117480.00000000 2149.65991211 236 236 223 2.000000 21.000000
561523.23999023 5117480.12011719 2146.70996094 236 234 222 2.000000 21.000000
561511.60998535 5117480.36010742 2140.86010742 236 236 224 2.000000 21.000000
561502.10998535 5117480.58007813 2135.50000000 234 236 223 2.000000 21.000000
561484.91998291 5117480.98999023 2125.78002930 235 234 226 2.000000 21.000000
561479.86999512 5117481.11010742 2122.97998047 241 241 233 2.000000 21.000000
561469.71997070 5117481.40991211 2116.26000977 239 239 231 2.000000 21.000000
561463.11999512 5117481.53002930 2113.20996094 239 239 231 2.000000 21.000000
561452.65997314 5117481.87011719 2105.76000977 248 248 242 2.000000 21.000000
561444.64001465 5117482.12011719 2100.21997070 246 246 240 2.000000 21.000000
561440.61999512 5117482.26000977 2097.04003906 246 246 238 2.000000 21.000000
561436.58001709 5117482.41992188 2093.77001953 245 244 237 2.000000 21.000000
561418.51000977 5117483.03002930 2080.55004883 241 240 232 2.000000 21.000000
561426.11999512 5117485.18994141 2086.33007813 241 240 232 2.000000 21.000000
561474.26000977 5117483.94995117 2118.56005859 240 240 230 2.000000 21.000000
561497.92999268 5117483.44995117 2132.68994141 232 232 221 2.000000 21.000000
561515.77999878 5117483.12988281 2142.31005859 234 234 220 2.000000 21.000000
561547.88000488 5117482.62011719 2158.78002930 235 234 222 2.000000 21.000000
561570.82000732 5117482.26000977 2170.50000000 230 228 216 2.000000 21.000000
561575.45999146 5117482.17993164 2173.08007813 230 230 216 2.000000 21.000000
561595.55999756 5117481.87988281 2183.26000977 225 225 210 2.000000 21.000000
561602.73001099 5117481.77001953 2187.05004883 235 235 219 2.000000 21.000000
561608.82998657 5117481.67993164 2190.14990234 229 229 213 2.000000 21.000000
561613.88000488 5117481.60009766 2192.80004883 230 230 214 2.000000 21.000000
561630.45001221 5117481.33007813 2201.98999023 227 226 210 2.000000 21.000000
561637.97000122 5117481.75000000 2206.04003906 224 220 201 2.000000 21.000000
561625.77999878 5117482.06005859 2199.14990234 228 226 210 2.000000 21.000000
561590.60000610 5117482.87988281 2180.34008789 230 230 216 2.000000 21.000000
561585.33999634 5117482.97998047 2177.85009766 230 230 216 2.000000 21.000000
561579.95999146 5117483.09008789 2175.15991211 232 231 218 2.000000 21.000000
561558.92001343 5117483.55004883 2164.12988281 239 239 227 2.000000 21.000000
561543.38000488 5117483.86010742 2156.28002930 235 234 222 2.000000 21.000000
561538.04998779 5117483.98999023 2153.20996094 234 232 218 2.000000 21.000000
561520.11999512 5117484.33007813 2144.54003906 234 234 218 2.000000 21.000000
561509.69000244 5117484.56005859 2138.90991211 236 236 223 2.000000 21.000000
561504.95001221 5117484.66992188 2136.34008789 237 238 226 2.000000 21.000000
561492.94000244 5117484.97998047 2129.12988281 238 238 226 2.000000 21.000000
561488.02999878 5117485.11010742 2126.12988281 239 239 228 2.000000 21.000000
561483.03002930 5117485.22998047 2123.28002930 230 230 220 2.000000 21.000000
561467.66998291 5117485.60009766 2114.43994141 236 237 226 2.000000 21.000000
561462.53002930 5117485.78002930 2110.54003906 235 236 226 2.000000 21.000000
561457.28002930 5117485.93994141 2106.94995117 236 238 228 2.000000 21.000000
561450.48999023 5117486.07006836 2103.54003906 242 242 234 2.000000 21.000000
561434.21997070 5117486.61010742 2091.68994141 242 241 232 2.000000 21.000000
561428.88000488 5117489.23999023 2087.53002930 240 239 230 2.000000 21.000000
561438.52001953 5117488.94995117 2094.72998047 242 242 233 2.000000 21.000000
561442.60998535 5117488.83007813 2097.70996094 240 240 232 2.000000 21.000000
561471.86999512 5117488.14990234 2116.19995117 232 232 218 2.000000 21.000000
561478.34997559 5117488.05004883 2119.53002930 238 238 227 2.000000 21.000000
561524.07998657 5117487.13989258 2146.08007813 234 234 219 2.000000 21.000000
561528.58999634 5117487.07006836 2148.44995117 232 232 218 2.000000 21.000000
561534.23999023 5117487.01000977 2150.79003906 232 230 216 2.000000 21.000000
561551.27999878 5117486.72998047 2159.83007813 233 232 220 2.000000 21.000000
561563.38000488 5117486.55004883 2166.07006836 230 230 218 2.000000 21.000000
561568.20999146 5117486.45996094 2168.68994141 232 230 218 2.000000 21.000000
561598.38000488 5117486.02001953 2183.96997070 230 228 214 2.000000 21.000000
561606.20001221 5117485.88989258 2188.15991211 228 228 212 2.000000 21.000000
561617.04000854 5117485.71997070 2193.95996094 230 229 213 2.000000 21.000000
561621.67999268 5117485.63989258 2196.61010742 226 226 210 2.000000 21.000000
561633.19000244 5117485.46997070 2202.70996094 222 219 202 2.000000 21.000000
561612.44000244 5117486.51000977 2191.56005859 230 228 212 2.000000 21.000000
561593.79000854 5117486.94995117 2181.52001953 230 230 216 2.000000 21.000000
561577.02999878 5117487.30004883 2173.09008789 231 229 216 2.000000 21.000000
561555.67999268 5117487.75000000 2162.16992188 232 232 218 2.000000 21.000000
561546.41000366 5117487.95996094 2157.12988281 234 234 220 2.000000 21.000000
561541.07998657 5117488.07006836 2154.43994141 234 232 218 2.000000 21.000000
561517.54998779 5117488.54003906 2142.60009766 234 234 220 2.000000 21.000000
561512.85000610 5117488.62988281 2140.34008789 231 232 218 2.000000 21.000000
561502.19000244 5117488.87988281 2134.26000977 236 236 224 2.000000 21.000000
561497.39999390 5117489.02001953 2131.16992188 236 234 222 2.000000 21.000000
561491.36999512 5117489.21997070 2126.79003906 238 238 226 2.000000 21.000000
561486.44000244 5117489.36010742 2123.62988281 236 234 224 2.000000 21.000000
561465.89001465 5117489.85009766 2111.89990234 238 236 224 2.000000 21.000000
561453.98999023 5117490.15991211 2104.62988281 238 238 226 2.000000 21.000000
561448.67999268 5117490.34008789 2100.58007813 238 238 228 2.000000 21.000000
561437.05999756 5117493.14990234 2091.70996094 240 240 230 2.000000 21.000000
561458.54998779 5117492.56005859 2106.88989258 236 234 222 2.000000 21.000000
561470.40002441 5117492.34008789 2113.54003906 226 226 212 2.000000 21.000000
561475.57000732 5117492.25000000 2116.45996094 238 238 226 2.000000 21.000000
561481.90002441 5117492.10009766 2120.44995117 238 237 228 2.000000 21.000000
561506.19000244 5117491.53002930 2136.21997070 228 228 216 2.000000 21.000000
561521.44000244 5117491.28002930 2144.18994141 230 230 217 2.000000 21.000000
561531.60000610 5117491.12011719 2149.51000977 233 232 218 2.000000 21.000000
561537.14999390 5117491.05004883 2152.17993164 236 234 220 2.000000 21.000000
561560.19000244 5117490.69995117 2163.91992188 232 232 220 2.000000 21.000000
561571.88000488 5117490.53002930 2169.87011719 229 229 215 2.000000 21.000000
561581.08999634 5117490.38989258 2174.71997070 231 230 216 2.000000 21.000000
561586.48001099 5117490.32006836 2177.23999023 228 228 214 2.000000 21.000000
561601.39999390 5117490.09008789 2185.27001953 232 231 216 2.000000 21.000000
561609.04000854 5117489.96997070 2189.35009766 232 232 216 2.000000 21.000000
561624.86999512 5117489.73999023 2197.68994141 222 222 205 2.000000 21.000000
561629.77999878 5117489.66992188 2200.29003906 222 220 202 2.000000 21.000000
561636.11999512 5117489.61010742 2203.16992188 219 217 200 2.000000 21.000000
561620.29998779 5117490.48999023 2195.38989258 225 225 208 2.000000 21.000000
561615.57998657 5117490.61010742 2192.81005859 231 230 214 2.000000 21.000000
561596.80999756 5117491.05004883 2182.51000977 230 230 214 2.000000 21.000000
561590.98001099 5117491.17993164 2179.47998047 227 228 212 2.000000 21.000000
561567.29000854 5117491.65991211 2167.54003906 232 231 218 2.000000 21.000000
561553.29000854 5117491.94995117 2160.29003906 232 232 218 2.000000 21.000000
561543.82000732 5117492.13989258 2155.52001953 234 234 220 2.000000 21.000000
561527.30999756 5117492.47998047 2147.08007813 236 235 222 2.000000 21.000000
561495.61999512 5117493.22998047 2129.12988281 234 233 222 2.000000 21.000000
561464.03997803 5117494.08007813 2109.37011719 234 232 218 2.000000 21.000000
561452.03002930 5117494.36010742 2102.48999023 237 236 225 2.000000 21.000000
561445.26000977 5117494.54003906 2098.29003906 240 239 228 2.000000 21.000000
561441.23999023 5117494.69995117 2094.83007813 240 238 228 2.000000 21.000000
561457.04998779 5117496.78002930 2104.46997070 234 232 218 2.000000 21.000000
561469.03002930 5117496.56005859 2111.16992188 237 234 221 2.000000 21.000000
561479.25000000 5117496.29003906 2118.23999023 242 240 232 2.000000 21.000000
561485.52001953 5117496.13989258 2122.34008789 236 234 224 2.000000 21.000000
561490.51998901 5117496.04003906 2125.25000000 236 234 222 2.000000 21.000000
561500.33999634 5117495.86010742 2130.83007813 243 242 229 2.000000 21.000000
561509.72000122 5117495.61010742 2137.34008789 230 230 217 2.000000 21.000000
561514.42999268 5117495.54003906 2139.78002930 236 236 223 2.000000 21.000000
561519.02999878 5117495.44995117 2142.42993164 236 236 222 2.000000 21.000000
561534.73999023 5117495.19995117 2150.73999023 234 234 220 2.000000 21.000000
561540.19000244 5117495.12011719 2153.42993164 234 232 216 2.000000 21.000000
561547.63000488 5117495.02001953 2157.14990234 230 232 218 2.000000 21.000000
561557.94000244 5117494.87988281 2162.26000977 231 230 217 2.000000 21.000000
561562.94000244 5117494.80004883 2164.81005859 232 231 217 2.000000 21.000000
561575.41000366 5117494.62011719 2171.17993164 231 230 216 2.000000 21.000000
561604.52999878 5117494.19995117 2186.21997070 232 230 216 2.000000 21.000000
561611.94000244 5117494.06005859 2190.59008789 228 226 211 2.000000 21.000000
561632.79998779 5117493.81005859 2200.83007813 223 222 200 2.000000 21.000000
561628.17999268 5117494.50000000 2198.81005859 224 225 205 2.000000 21.000000
561623.14999390 5117494.61010742 2196.32006836 228 228 210 2.000000 21.000000
561600.14001465 5117495.14990234 2183.62011719 231 230 214 2.000000 21.000000
561594.39999390 5117495.28002930 2180.61010742 234 232 216 2.000000 21.000000
561588.36999512 5117495.38989258 2177.77001953 230 229 213 2.000000 21.000000
561583.08999634 5117495.50000000 2175.03002930 233 233 218 2.000000 21.000000
561570.08999634 5117495.76000977 2168.53002930 230 228 216 2.000000 21.000000
561524.05999756 5117496.67993164 2145.07006836 236 236 222 2.000000 21.000000
561505.60000610 5117497.13989258 2134.21997070 234 232 220 2.000000 21.000000
561474.79998779 5117497.95996094 2114.85009766 241 239 228 2.000000 21.000000
561461.75000000 5117498.30004883 2106.78002930 236 232 220 2.000000 21.000000
561449.63000488 5117498.58007813 2099.87988281 234 234 222 2.000000 21.000000
561454.26000977 5117501.00000000 2101.67993164 238 238 226 2.000000 21.000000
561466.19000244 5117500.75000000 2108.94995117 240 237 226 2.000000 21.000000
561482.89001465 5117500.39990234 2119.12988281 234 232 224 2.000000 21.000000
561489.14999390 5117500.28002930 2122.80004883 236 234 224 2.000000 21.000000
561494.10000610 5117500.17993164 2125.69995117 238 236 225 2.000000 21.000000
561527.88000488 5117499.44995117 2146.73999023 234 232 218 2.000000 21.000000
561532.35998535 5117499.38989258 2148.97998047 229 230 214 2.000000 21.000000
561537.88000488 5117499.31005859 2151.67993164 231 232 217 2.000000 21.000000
561543.29000854 5117499.23999023 2154.40991211 231 231 218 2.000000 21.000000
561550.70999146 5117499.12988281 2158.07006836 232 232 218 2.000000 21.000000
561565.92001343 5117498.92993164 2165.57006836 230 230 216 2.000000 21.000000
561578.25000000 5117498.73999023 2172.04003906 230 230 216 2.000000 21.000000
561607.60998535 5117498.29003906 2187.53002930 230 228 214 2.000000 21.000000
561614.88000488 5117498.16992188 2191.54003906 233 230 214 2.000000 21.000000
561619.67999268 5117498.10009766 2194.13989258 229 228 212 2.000000 21.000000
561635.13000488 5117498.07006836 2199.12988281 173 176 163 2.000000 21.000000
561602.98001099 5117499.19995117 2184.85009766 230 229 213 2.000000 21.000000
561597.39999390 5117499.32006836 2181.84008789 230 230 212 2.000000 21.000000
561591.54998779 5117499.43994141 2178.87988281 232 232 214 2.000000 21.000000
561573.67999268 5117499.81005859 2169.57006836 230 230 216 2.000000 21.000000
561561.11999512 5117500.08007813 2162.96997070 232 231 218 2.000000 21.000000
561556.04000854 5117500.16992188 2160.58007813 230 230 216 2.000000 21.000000
561521.23999023 5117500.83007813 2143.15991211 234 234 220 2.000000 21.000000
561516.63000488 5117500.93994141 2140.57006836 234 232 219 2.000000 21.000000
561511.97000122 5117501.05004883 2137.87011719 232 230 218 2.000000 21.000000
561502.51000977 5117501.30004883 2132.04003906 238 236 225 2.000000 21.000000
561477.88000488 5117502.00000000 2115.77001953 236 234 224 2.000000 21.000000
561472.75000000 5117502.12988281 2112.59008789 237 234 224 2.000000 21.000000
561459.60998535 5117502.44995117 2104.81005859 239 238 225 2.000000 21.000000
561485.91998291 5117504.38989258 2121.02001953 240 239 228 2.000000 21.000000
561496.98001099 5117504.13989258 2128.07006836 237 236 224 2.000000 21.000000
561506.51000977 5117503.90991211 2134.41992188 234 232 221 2.000000 21.000000
561525.16000366 5117503.59008789 2144.60009766 229 228 214 2.000000 21.000000
561535.22000122 5117503.42993164 2149.98999023 236 236 222 2.000000 21.000000
561540.67999268 5117503.35009766 2152.78002930 229 230 216 2.000000 21.000000
561546.11999512 5117503.29003906 2155.21997070 232 231 218 2.000000 21.000000
561569.48001099 5117502.96997070 2166.77001953 232 231 218 2.000000 21.000000
561581.60998535 5117502.79003906 2172.97998047 231 230 216 2.000000 21.000000
561586.92001343 5117502.70996094 2175.76000977 232 232 216 2.000000 21.000000
561610.80999756 5117502.31005859 2189.27001953 234 232 218 2.000000 21.000000
561622.63000488 5117502.14990234 2195.23999023 221 218 202 2.000000 21.000000
561627.72000122 5117502.09008789 2197.77001953 197 200 193 2.000000 21.000000
561632.82998657 5117502.23999023 2196.63989258 161 165 160 2.000000 21.000000
561638.33999634 5117502.41992188 2195.33007813 172 175 165 2.000000 21.000000
561617.91000366 5117502.95996094 2192.69995117 228 226 210 2.000000 21.000000
561606.35000610 5117503.20996094 2186.66992188 228 227 212 2.000000 21.000000
561600.10998535 5117503.34008789 2183.40991211 226 227 210 2.000000 21.000000
561594.48999023 5117503.48999023 2180.01000977 228 230 214 2.000000 21.000000
561576.94000244 5117503.87011719 2170.64990234 228 230 214 2.000000 21.000000
561564.52999878 5117504.12988281 2164.12011719 230 228 216 2.000000 21.000000
561553.45999146 5117504.36010742 2158.29003906 235 233 219 2.000000 21.000000
561530.76000977 5117504.75000000 2147.54003906 232 232 218 2.000000 21.000000
561492.27999878 5117505.65991211 2125.12988281 236 235 223 2.000000 21.000000
561481.09002686 5117505.94995117 2118.14990234 239 238 226 2.000000 21.000000
561469.57000732 5117506.26000977 2110.89990234 232 232 218 2.000000 21.000000
561464.34997559 5117506.38989258 2107.62988281 222 220 206 2.000000 21.000000
561474.53997803 5117508.76000977 2113.12988281 236 236 222 2.000000 21.000000
561500.67999268 5117508.17993164 2129.66992188 234 232 221 2.000000 21.000000
561510.23001099 5117507.98999023 2135.34008789 232 230 218 2.000000 21.000000
561514.92001343 5117507.90991211 2138.01000977 232 230 218 2.000000 21.000000
561519.55999756 5117507.82006836 2140.58007813 236 234 222 2.000000 21.000000
561538.67001343 5117507.54003906 2150.45996094 232 230 218 2.000000 21.000000
561544.02999878 5117507.44995117 2153.37011719 235 235 223 2.000000 21.000000
561549.35000610 5117507.37988281 2156.01000977 236 236 222 2.000000 21.000000
561557.64999390 5117507.27001953 2159.96997070 234 232 218 2.000000 21.000000
561572.35000610 5117507.05004883 2167.72998047 232 232 217 2.000000 21.000000
561590.39999390 5117506.76000977 2177.44995117 229 229 214 2.000000 21.000000
561614.00000000 5117506.39990234 2190.20996094 231 230 214 2.000000 21.000000
561625.50000000 5117506.25000000 2195.98999023 204 204 192 2.000000 21.000000
561633.01998901 5117506.50000000 2193.84008789 161 163 158 2.000000 21.000000
561603.83999634 5117507.35009766 2184.42993164 234 234 220 2.000000 21.000000
561597.39999390 5117507.48999023 2181.03002930 228 230 212 2.000000 21.000000
561585.44000244 5117507.75000000 2174.62988281 229 228 212 2.000000 21.000000
561580.95999146 5117507.84008789 2172.21997070 231 231 215 2.000000 21.000000
561567.86999512 5117508.12988281 2165.15991211 233 231 219 2.000000 21.000000
561527.95001221 5117508.90991211 2144.79003906 235 234 221 2.000000 21.000000
561505.91000366 5117509.39990234 2132.51000977 236 233 223 2.000000 21.000000
561496.30999756 5117509.66992188 2126.19995117 238 237 226 2.000000 21.000000
561490.17001343 5117509.84008789 2122.26000977 236 236 224 2.000000 21.000000
561485.15002441 5117509.95996094 2119.18994141 238 238 224 2.000000 21.000000
561471.75000000 5117512.79003906 2111.95996094 238 238 224 2.000000 21.000000
561478.26000977 5117512.68994141 2115.33007813 236 236 220 2.000000 21.000000
561522.91000366 5117511.84008789 2141.32006836 238 236 224 2.000000 21.000000
561531.82998657 5117511.66992188 2146.53002930 239 237 225 2.000000 21.000000
561541.66000366 5117511.51000977 2151.65991211 240 238 227 2.000000 21.000000
561552.25000000 5117511.37011719 2156.84008789 234 233 219 2.000000 21.000000
561561.41000366 5117511.25000000 2161.42993164 229 227 214 2.000000 21.000000
561575.77999878 5117511.01000977 2169.23999023 232 232 216 2.000000 21.000000
561593.38000488 5117510.72998047 2178.80004883 230 230 214 2.000000 21.000000
561607.70001221 5117510.52001953 2186.28002930 227 226 212 2.000000 21.000000
561617.07000732 5117510.38989258 2191.27001953 226 224 208 2.000000 21.000000
561621.79000854 5117510.32006836 2193.80004883 225 223 206 2.000000 21.000000
561627.58999634 5117510.40991211 2193.90991211 133 142 143 2.000000 21.000000
561634.45001221 5117510.67993164 2191.32006836 208 220 219 2.000000 21.000000
561612.07998657 5117511.21997070 2188.65991211 222 220 205 2.000000 21.000000
561600.61999512 5117511.44995117 2182.82006836 223 223 205 2.000000 21.000000
561589.07998657 5117511.71997070 2176.34008789 233 232 216 2.000000 21.000000
561570.97000122 5117512.12011719 2166.39990234 232 232 218 2.000000 21.000000
561547.75000000 5117512.57006836 2154.77001953 237 235 223 2.000000 21.000000
561537.01000977 5117512.79003906 2149.07006836 238 236 224 2.000000 21.000000
561517.88000488 5117513.19995117 2138.53002930 238 236 224 2.000000 21.000000
561513.22000122 5117513.30004883 2136.02001953 238 236 224 2.000000 21.000000
561503.69000244 5117513.51000977 2130.70996094 238 236 226 2.000000 21.000000
561492.82000732 5117513.80004883 2123.83007813 239 238 225 2.000000 21.000000
561475.00000000 5117516.64990234 2115.73999023 234 234 218 2.000000 21.000000
561480.21997070 5117516.58007813 2118.23999023 236 236 221 2.000000 21.000000
561485.29998779 5117516.47998047 2121.19995117 237 237 223 2.000000 21.000000
561496.57998657 5117516.29003906 2127.42993164 238 237 224 2.000000 21.000000
561507.54998779 5117516.10009766 2133.45996094 236 234 222 2.000000 21.000000
561526.38000488 5117515.82006836 2143.14990234 240 240 226 2.000000 21.000000
561555.67999268 5117515.38989258 2158.17993164 236 235 220 2.000000 21.000000
561564.69000244 5117515.25000000 2162.94995117 233 231 218 2.000000 21.000000
561578.86999512 5117515.03002930 2170.61010742 234 233 216 2.000000 21.000000
561583.39999390 5117514.95996094 2172.91992188 232 230 214 2.000000 21.000000
561596.19000244 5117514.76000977 2180.00000000 226 226 208 2.000000 21.000000
561605.01000977 5117514.63989258 2184.37988281 227 226 208 2.000000 21.000000
561624.75000000 5117514.50000000 2192.43994141 146 154 150 2.000000 21.000000
561629.64999390 5117514.70996094 2190.34008789 154 160 158 2.000000 21.000000
561634.95999146 5117514.90991211 2188.55004883 243 247 238 2.000000 21.000000
561619.38000488 5117515.17993164 2191.60009766 222 221 205 2.000000 21.000000
561573.64001465 5117516.11010742 2168.02001953 232 230 214 2.000000 21.000000
561560.00000000 5117516.39990234 2160.56005859 232 231 216 2.000000 21.000000
561550.70999146 5117516.58007813 2155.88989258 232 231 218 2.000000 21.000000
561544.32998657 5117516.69995117 2152.66992188 234 233 222 2.000000 21.000000
561534.48999023 5117516.88989258 2147.66992188 237 235 223 2.000000 21.000000
561520.95999146 5117517.16992188 2140.38989258 236 236 222 2.000000 21.000000
561489.61999512 5117517.78002930 2124.14990234 238 237 224 2.000000 21.000000
561500.02999878 5117520.18994141 2130.12011719 238 237 224 2.000000 21.000000
561510.86999512 5117520.04003906 2135.61010742 236 234 220 2.000000 21.000000
561515.60998535 5117519.96997070 2137.96997070 238 236 222 2.000000 21.000000
561529.35998535 5117519.76000977 2145.13989258 236 236 222 2.000000 21.000000
561538.20999146 5117519.62988281 2149.75000000 236 234 220 2.000000 21.000000
561568.16000366 5117519.21997070 2164.80004883 230 228 214 2.000000 21.000000
561586.64999390 5117518.93994141 2174.58007813 228 227 211 2.000000 21.000000
561591.85000610 5117518.86010742 2177.31005859 223 222 205 2.000000 21.000000
561599.39999390 5117518.77001953 2180.95996094 229 228 210 2.000000 21.000000
561608.07998657 5117518.65991211 2185.38989258 226 224 206 2.000000 21.000000
561612.55999756 5117518.60009766 2187.66992188 227 224 203 2.000000 21.000000
561624.67001343 5117518.69995117 2189.58007813 139 149 148 2.000000 21.000000
561630.30999756 5117518.90991211 2187.56005859 221 229 223 2.000000 21.000000
561635.66000366 5117519.11010742 2185.75000000 242 244 234 2.000000 21.000000
561582.16000366 5117519.97998047 2172.29003906 230 230 214 2.000000 21.000000
561577.61999512 5117520.08007813 2169.71997070 231 231 214 2.000000 21.000000
561563.22000122 5117520.37011719 2162.35009766 230 230 216 2.000000 21.000000
561557.14999390 5117520.46997070 2159.45996094 228 228 214 2.000000 21.000000
561547.76000977 5117520.63989258 2154.85009766 234 234 220 2.000000 21.000000
561524.63000488 5117521.09008789 2142.94995117 236 235 220 2.000000 21.000000
561505.76998901 5117521.45996094 2133.30004883 236 236 222 2.000000 21.000000
561494.70999146 5117521.65991211 2127.67993164 236 234 220 2.000000 21.000000
561485.92999268 5117521.84008789 2123.01000977 234 232 218 2.000000 21.000000
561490.57000732 5117524.31005859 2126.35009766 232 231 215 2.000000 21.000000
561518.39999390 5117523.89990234 2140.63989258 234 232 217 2.000000 21.000000
561532.14001465 5117523.70996094 2147.55004883 235 232 218 2.000000 21.000000
561540.95999146 5117523.58007813 2152.05004883 231 230 215 2.000000 21.000000
561551.70999146 5117523.45996094 2156.97998047 232 230 216 2.000000 21.000000
561570.80999756 5117523.21997070 2166.38989258 230 228 214 2.000000 21.000000
561595.14001465 5117522.90991211 2178.37011719 232 231 214 2.000000 21.000000
561602.52999878 5117522.82006836 2181.88989258 226 225 208 2.000000 21.000000
561615.48999023 5117522.68994141 2187.96997070 219 216 199 2.000000 21.000000
561621.11999512 5117522.80004883 2187.68994141 155 162 157 2.000000 21.000000
561626.04000854 5117522.96997070 2186.26000977 181 184 174 2.000000 21.000000
561631.48001099 5117523.13989258 2184.89990234 244 244 236 2.000000 21.000000
561636.79000854 5117523.33007813 2183.18994141 245 245 238 2.000000 21.000000
561610.26998901 5117523.51000977 2185.70996094 224 222 203 2.000000 21.000000
561590.02999878 5117523.87988281 2175.86010742 228 226 210 2.000000 21.000000
561565.82998657 5117524.32006836 2164.15991211 232 230 216 2.000000 21.000000
561559.79000854 5117524.42993164 2161.30004883 231 231 216 2.000000 21.000000
561527.32000732 5117525.01000977 2145.40991211 232 230 216 2.000000 21.000000
561513.35000610 5117525.28002930 2138.27001953 236 234 218 2.000000 21.000000
561508.54998779 5117525.36010742 2136.01000977 233 232 217 2.000000 21.000000
561502.51998901 5117525.47998047 2132.83007813 232 232 216 2.000000 21.000000
561497.57000732 5117525.56005859 2130.54003906 230 230 214 2.000000 21.000000
561492.73999023 5117528.22998047 2128.78002930 230 230 214 2.000000 21.000000
561521.48001099 5117527.82006836 2143.33007813 232 230 214 2.000000 21.000000
561535.04998779 5117527.64990234 2149.86010742 234 232 216 2.000000 21.000000
561543.73999023 5117527.53002930 2154.26000977 234 232 218 2.000000 21.000000
561554.29998779 5117527.40991211 2159.20996094 234 232 218 2.000000 21.000000
561573.10998535 5117527.16992188 2168.43994141 228 226 212 2.000000 21.000000
561577.77999878 5117527.10009766 2170.82006836 226 226 210 2.000000 21.000000
561582.36999512 5117527.04003906 2173.05004883 228 227 210 2.000000 21.000000
561598.26998901 5117526.93994141 2179.18994141 224 222 206 2.000000 21.000000
561605.57000732 5117526.87011719 2182.44995117 224 222 206 2.000000 21.000000
561618.07000732 5117526.87011719 2186.11010742 176 179 172 2.000000 21.000000
561623.29000854 5117527.07006836 2184.19995117 182 186 175 2.000000 21.000000
561628.82998657 5117527.21997070 2183.18994141 243 240 229 2.000000 21.000000
561634.23999023 5117527.39990234 2181.69995117 241 242 232 2.000000 21.000000
561593.45001221 5117527.82006836 2177.31005859 228 228 212 2.000000 21.000000
561568.64999390 5117528.20996094 2166.19995117 230 228 214 2.000000 21.000000
561562.73999023 5117528.32006836 2163.33007813 232 231 216 2.000000 21.000000
561549.33999634 5117528.54003906 2157.06005859 234 232 218 2.000000 21.000000
561529.67999268 5117528.88989258 2147.53002930 232 230 216 2.000000 21.000000
561517.01998901 5117529.11010742 2141.34008789 229 227 212 2.000000 21.000000
561505.10998535 5117529.33007813 2135.52001953 230 230 214 2.000000 21.000000
561497.45001221 5117532.08007813 2132.26000977 228 228 212 2.000000 21.000000
561509.54998779 5117531.90991211 2138.30004883 230 230 214 2.000000 21.000000
561524.70001221 5117531.70996094 2145.82006836 234 232 216 2.000000 21.000000
561538.22000122 5117531.56005859 2151.89990234 232 231 215 2.000000 21.000000
561557.25000000 5117531.30004883 2161.31005859 234 232 217 2.000000 21.000000
561586.22000122 5117531.01000977 2174.15991211 227 224 208 2.000000 21.000000
561601.89999390 5117530.92993164 2179.86010742 224 222 204 2.000000 21.000000
561608.89999390 5117530.83007813 2183.56005859 224 222 206 2.000000 21.000000
561614.67999268 5117530.89990234 2183.87011719 172 174 164 2.000000 21.000000
561619.92001343 5117531.08007813 2182.28002930 183 185 176 2.000000 21.000000
561625.60998535 5117531.23999023 2181.28002930 243 245 232 2.000000 21.000000
561630.94000244 5117531.36010742 2180.64990234 242 244 234 2.000000 21.000000
561635.85998535 5117532.14990234 2178.92993164 237 240 229 2.000000 21.000000
561597.13000488 5117531.82006836 2177.85009766 222 220 204 2.000000 21.000000
561591.10000610 5117531.90991211 2175.37988281 228 228 210 2.000000 21.000000
561580.92999268 5117531.96997070 2172.52001953 226 225 207 2.000000 21.000000
561576.27999878 5117532.04003906 2170.44995117 224 226 205 2.000000 21.000000
561571.55999756 5117532.12988281 2168.14990234 226 224 208 2.000000 21.000000
561565.77999878 5117532.25000000 2165.15991211 230 227 214 2.000000 21.000000
561552.51998901 5117532.43994141 2159.40991211 233 232 218 2.000000 21.000000
561546.23999023 5117532.56005859 2156.20996094 234 234 218 2.000000 21.000000
561533.20001221 5117532.80004883 2149.68994141 232 231 215 2.000000 21.000000
561502.79000854 5117535.92993164 2136.17993164 228 227 211 2.000000 21.000000
561512.36999512 5117535.80004883 2140.88989258 228 226 210 2.000000 21.000000
561517.07998657 5117535.72998047 2143.18994141 229 229 213 2.000000 21.000000
561527.57000732 5117535.63989258 2147.60009766 229 229 213 2.000000 21.000000
561540.92999268 5117535.46997070 2153.94995117 237 235 219 2.000000 21.000000
561560.92001343 5117535.22998047 2163.23999023 232 230 216 2.000000 21.000000
561604.83999634 5117534.87011719 2181.23999023 222 218 200 2.000000 21.000000
561615.20999146 5117535.05004883 2180.98999023 156 160 154 2.000000 21.000000
561620.51998901 5117535.23999023 2179.34008789 241 243 233 2.000000 21.000000
561627.75000000 5117535.39990234 2178.56005859 242 244 234 2.000000 21.000000
561633.48999023 5117536.19995117 2176.88989258 238 242 234 2.000000 21.000000
561610.23001099 5117535.64990234 2182.15991211 186 188 175 2.000000 21.000000
561600.50000000 5117535.76000977 2178.70996094 219 217 199 2.000000 21.000000
561594.67999268 5117535.87011719 2175.80004883 224 224 206 2.000000 21.000000
561588.38000488 5117535.91992188 2173.80004883 228 225 210 2.000000 21.000000
561556.10998535 5117536.33007813 2161.14990234 230 228 214 2.000000 21.000000
561535.69000244 5117536.64990234 2151.78002930 232 230 214 2.000000 21.000000
561522.07000732 5117536.87011719 2145.52001953 230 230 214 2.000000 21.000000
561507.98001099 5117537.12011719 2138.64990234 228 226 210 2.000000 21.000000
561530.55999756 5117539.51000977 2149.77001953 230 228 212 2.000000 21.000000
561543.77999878 5117539.36010742 2155.80004883 234 232 216 2.000000 21.000000
561549.11999512 5117539.30004883 2158.22998047 232 230 215 2.000000 21.000000
561564.45999146 5117539.12011719 2165.34008789 228 226 212 2.000000 21.000000
561569.35000610 5117539.05004883 2167.67993164 224 222 208 2.000000 21.000000
561574.26000977 5117539.03002930 2169.37988281 222 222 206 2.000000 21.000000
561579.14001465 5117539.03002930 2170.69995117 225 224 209 2.000000 21.000000
561612.73001099 5117539.07006836 2179.07006836 171 176 170 2.000000 21.000000
561618.16000366 5117539.26000977 2177.32006836 237 239 231 2.000000 21.000000
561623.82998657 5117539.37011719 2177.04003906 242 243 235 2.000000 21.000000
561637.67001343 5117539.73999023 2174.71997070 232 236 230 2.000000 21.000000
561630.26000977 5117540.16992188 2175.85009766 228 228 222 2.000000 21.000000
561607.25000000 5117539.67993164 2180.19995117 202 201 188 2.000000 21.000000
561592.10000610 5117539.87988281 2174.21997070 226 226 210 2.000000 21.000000
561585.73001099 5117539.93994141 2172.02001953 228 225 210 2.000000 21.000000
561559.17001343 5117540.18994141 2163.12988281 226 224 212 2.000000 21.000000
561539.14001465 5117540.53002930 2153.66992188 228 227 210 2.000000 21.000000
561525.64999390 5117540.72998047 2147.73999023 230 228 212 2.000000 21.000000
561518.64999390 5117540.82006836 2144.95996094 230 228 212 2.000000 21.000000
561513.95001221 5117540.89990234 2142.76000977 227 225 209 2.000000 21.000000
561533.30999756 5117543.36010742 2151.60009766 230 228 211 2.000000 21.000000
561552.82998657 5117543.14990234 2160.29003906 228 226 210 2.000000 21.000000
561596.45001221 5117542.93994141 2175.59008789 221 220 203 2.000000 21.000000
561601.35000610 5117542.87011719 2178.25000000 220 218 202 2.000000 21.000000
561614.08999634 5117543.18994141 2176.23999023 218 214 202 2.000000 21.000000
561620.17999268 5117543.37011719 2174.92993164 244 245 237 2.000000 21.000000
561625.86999512 5117543.50000000 2174.27001953 240 240 232 2.000000 21.000000
561633.44000244 5117543.65991211 2173.85009766 246 247 240 2.000000 21.000000
561589.50000000 5117543.92993164 2172.35009766 226 226 210 2.000000 21.000000
561583.01000977 5117543.96997070 2170.48999023 224 222 208 2.000000 21.000000
561577.10998535 5117543.95996094 2169.56005859 219 218 201 2.000000 21.000000
561572.01998901 5117543.93994141 2169.00000000 213 214 196 2.000000 21.000000
561567.00000000 5117543.96997070 2167.55004883 226 224 208 2.000000 21.000000
561562.04998779 5117544.05004883 2165.26000977 227 226 212 2.000000 21.000000
561547.70001221 5117544.33007813 2157.89990234 229 226 212 2.000000 21.000000
561542.25000000 5117544.39990234 2155.78002930 232 230 214 2.000000 21.000000
561521.98999023 5117544.68994141 2146.93994141 230 230 212 2.000000 21.000000
561526.51998901 5117547.37988281 2149.00000000 230 228 211 2.000000 21.000000
561536.69000244 5117547.27001953 2153.43994141 236 232 218 2.000000 21.000000
561555.94000244 5117547.05004883 2162.30004883 226 226 210 2.000000 21.000000
561604.38000488 5117546.92993164 2177.12988281 178 180 170 2.000000 21.000000
561609.20001221 5117547.10009766 2175.56005859 163 167 162 2.000000 21.000000
561615.70999146 5117547.32006836 2173.64990234 240 237 224 2.000000 21.000000
561622.55999756 5117547.47998047 2172.71997070 231 229 220 2.000000 21.000000
561628.26998901 5117547.62011719 2171.97998047 224 224 217 2.000000 21.000000
561634.57998657 5117547.79003906 2170.83007813 223 234 239 2.000000 21.000000
561599.16000366 5117547.72998047 2176.32006836 222 222 204 2.000000 21.000000
561594.14001465 5117547.84008789 2173.72998047 221 220 204 2.000000 21.000000
561587.16000366 5117547.96997070 2170.23999023 226 224 208 2.000000 21.000000
561580.39001465 5117547.97998047 2168.92993164 223 222 205 2.000000 21.000000
561550.85000610 5117548.22998047 2159.55004883 228 227 212 2.000000 21.000000
561531.13000488 5117548.51000977 2151.23999023 230 228 212 2.000000 21.000000
561540.42999268 5117551.21997070 2155.09008789 234 230 216 2.000000 21.000000
561545.82000732 5117551.15991211 2157.42993164 232 229 214 2.000000 21.000000
561559.25000000 5117550.97998047 2164.07006836 224 225 208 2.000000 21.000000
561564.30999756 5117550.93994141 2166.09008789 219 220 203 2.000000 21.000000
561569.41000366 5117550.93994141 2167.40991211 218 219 200 2.000000 21.000000
561574.64001465 5117551.00000000 2167.66992188 201 203 184 2.000000 21.000000
561606.13000488 5117551.11010742 2174.17993164 155 160 158 2.000000 21.000000
561610.97000122 5117551.29003906 2172.45996094 235 237 227 2.000000 21.000000
561617.95001221 5117551.43994141 2171.72998047 244 244 234 2.000000 21.000000
561624.70999146 5117551.61010742 2170.65991211 245 243 233 2.000000 21.000000
561634.60000610 5117551.93994141 2167.71997070 134 151 167 2.000000 21.000000
561630.02999878 5117552.33007813 2170.61010742 247 243 236 2.000000 21.000000
561591.60000610 5117551.87988281 2171.79003906 221 219 203 2.000000 21.000000
561584.52999878 5117552.02001953 2168.21997070 224 221 204 2.000000 21.000000
561553.88000488 5117552.10009766 2161.34008789 226 226 210 2.000000 21.000000
561548.95001221 5117555.12011719 2158.67993164 226 224 208 2.000000 21.000000
561578.19000244 5117555.13989258 2165.76000977 207 206 187 2.000000 21.000000
561588.52999878 5117555.09008789 2169.28002930 224 222 206 2.000000 21.000000
561595.54998779 5117555.02001953 2172.31005859 221 218 200 2.000000 21.000000
561600.76998901 5117555.00000000 2173.94995117 202 201 179 2.000000 21.000000
561607.77999878 5117555.28002930 2171.11010742 218 221 214 2.000000 21.000000
561613.29000854 5117555.42993164 2170.03002930 242 242 230 2.000000 21.000000
561620.79000854 5117555.54003906 2170.13989258 250 249 241 2.000000 21.000000
561634.61999512 5117556.07006836 2164.72998047 120 132 152 2.000000 21.000000
561630.39001465 5117556.46997070 2167.45996094 172 185 197 2.000000 21.000000
561572.63000488 5117555.94995117 2166.44995117 185 187 177 2.000000 21.000000
561567.38000488 5117555.91992188 2165.96997070 220 219 202 2.000000 21.000000
561562.10998535 5117555.91992188 2165.03002930 222 220 204 2.000000 21.000000
561557.01000977 5117556.00000000 2162.76000977 227 225 208 2.000000 21.000000
561553.35000610 5117559.01000977 2160.68994141 227 226 210 2.000000 21.000000
561581.70001221 5117559.19995117 2164.58007813 218 218 200 2.000000 21.000000
561586.33999634 5117559.15991211 2166.53002930 221 219 201 2.000000 21.000000
561591.73001099 5117559.10009766 2168.84008789 218 216 198 2.000000 21.000000
561598.72000122 5117559.05004883 2171.63989258 209 208 191 2.000000 21.000000
561604.57000732 5117559.20996094 2170.38989258 158 166 162 2.000000 21.000000
561609.55999756 5117559.39990234 2168.41992188 243 242 227 2.000000 21.000000
561615.70001221 5117559.50000000 2168.34008789 242 241 233 2.000000 21.000000
561622.55999756 5117559.63989258 2167.69995117 236 236 228 2.000000 21.000000
561635.10998535 5117560.18994141 2161.63989258 102 113 132 2.000000 21.000000
561630.47000122 5117560.59008789 2164.57006836 123 137 151 2.000000 21.000000
561576.42001343 5117560.12011719 2163.61010742 222 221 204 2.000000 21.000000
561563.44000244 5117562.95996094 2164.08007813 208 209 197 2.000000 21.000000
561584.60998535 5117563.26000977 2164.12988281 224 222 204 2.000000 21.000000
561595.41000366 5117563.13989258 2168.90991211 223 220 203 2.000000 21.000000
561600.98999023 5117563.18994141 2169.45996094 168 172 160 2.000000 21.000000
561612.48001099 5117563.50000000 2167.09008789 246 246 234 2.000000 21.000000
561617.85000610 5117563.62011719 2166.41992188 238 238 228 2.000000 21.000000
561625.48999023 5117563.78002930 2165.75000000 200 206 201 2.000000 21.000000
561607.16000366 5117564.13989258 2167.69995117 238 238 224 2.000000 21.000000
561590.39999390 5117564.05004883 2166.50000000 225 223 207 2.000000 21.000000
561598.44000244 5117567.25000000 2167.60009766 172 172 160 2.000000 21.000000
561773.63000488 5117315.46997070 2205.02001953 70 72 88 2.000000 21.000000
561778.55999756 5117312.92993164 2205.62011719 64 68 85 2.000000 21.000000
561770.19999695 5117312.61010742 2202.16992188 64 68 83 2.000000 21.000000
561776.38999939 5117311.19995117 2198.93994141 62 68 86 2.000000 21.000000
561780.16000366 5117308.87011719 2195.51000977 64 67 83 2.000000 21.000000
561755.38000488 5117314.51000977 2210.05004883 73 77 93 2.000000 21.000000
561751.24000549 5117315.45996094 2212.91992188 72 76 94 2.000000 21.000000
561734.66000366 5117319.35009766 2225.83007813 78 84 100 2.000000 21.000000
561730.48999023 5117320.35009766 2229.65991211 79 84 102 2.000000 21.000000
561724.48999023 5117319.88989258 2236.22998047 74 79 96 2.000000 21.000000
561745.35000610 5117314.81005859 2216.27001953 76 84 98 2.000000 21.000000
561761.96000671 5117310.91992188 2204.26000977 66 70 88 2.000000 21.000000
561784.64999390 5117305.75000000 2191.87011719 63 67 83 2.000000 21.000000
561773.82000732 5117306.85009766 2196.08007813 60 65 80 2.000000 21.000000
561767.63000488 5117308.23999023 2199.28002930 63 70 82 2.000000 21.000000
561757.19999695 5117310.65991211 2206.79003906 68 70 88 2.000000 21.000000
561738.48001099 5117315.04003906 2221.39990234 70 74 90 2.000000 21.000000
561708.41000366 5117320.58007813 2255.77001953 58 66 80 2.000000 21.000000
561722.86999512 5117317.00000000 2240.01000977 70 75 90 2.000000 21.000000
561727.19000244 5117315.82006836 2232.41992188 74 80 96 2.000000 21.000000
561731.42001343 5117314.73999023 2227.04003906 68 73 90 2.000000 21.000000
561748.07000732 5117310.77001953 2213.06005859 70 74 90 2.000000 21.000000
561752.25000000 5117309.79003906 2209.75000000 67 69 87 2.000000 21.000000
561777.30000305 5117303.93994141 2192.03002930 58 64 80 2.000000 21.000000
561782.39999390 5117301.37011719 2187.75000000 60 66 82 2.000000 21.000000
561761.46000671 5117306.19995117 2202.18994141 68 69 84 2.000000 21.000000
561742.60000610 5117310.62988281 2217.34008789 66 70 85 2.000000 21.000000
561715.54998779 5117317.15991211 2243.51000977 62 64 82 2.000000 21.000000
561701.10000610 5117320.79003906 2261.52001953 61 68 84 2.000000 21.000000
561694.42001343 5117320.55004883 2268.90991211 66 72 87 2.000000 21.000000
561706.75000000 5117317.31005859 2250.40991211 66 76 92 2.000000 21.000000
561710.82000732 5117316.31005859 2246.36010742 58 63 81 2.000000 21.000000
561721.07998657 5117313.81005859 2236.21997070 60 66 82 2.000000 21.000000
561735.52999878 5117310.33007813 2223.31005859 58 61 78 2.000000 21.000000
561754.32000732 5117305.84008789 2207.04003906 64 68 84 2.000000 21.000000
561764.82000732 5117303.34008789 2198.59008789 60 66 80 2.000000 21.000000
561769.03999329 5117302.34008789 2195.08007813 62 67 81 2.000000 21.000000
561784.27000427 5117297.42993164 2182.92993164 66 72 85 2.000000 21.000000
561778.02000427 5117298.86010742 2186.90991211 63 69 84 2.000000 21.000000
561773.75000000 5117299.88989258 2190.97998047 66 70 86 2.000000 21.000000
561748.57000732 5117305.84008789 2212.33007813 73 79 95 2.000000 21.000000
561727.89999390 5117310.72998047 2229.97998047 70 75 92 2.000000 21.000000
561701.26998901 5117317.19995117 2257.34008789 70 76 89 2.000000 21.000000
561686.86999512 5117318.96997070 2275.66992188 76 82 99 2.000000 21.000000
561695.05999756 5117316.80004883 2262.81005859 65 72 88 2.000000 21.000000
561713.50000000 5117312.23999023 2242.62011719 70 75 92 2.000000 21.000000
561723.79998779 5117309.77001953 2233.38989258 76 83 98 2.000000 21.000000
561732.00000000 5117307.86010742 2227.65991211 74 76 94 2.000000 21.000000
561740.29000854 5117305.90991211 2221.19995117 76 80 96 2.000000 21.000000
561744.50999451 5117304.87011719 2216.90991211 78 84 101 2.000000 21.000000
561757.22000122 5117301.78002930 2204.43994141 63 70 84 2.000000 21.000000
561769.33999634 5117297.42993164 2193.40991211 66 71 85 2.000000 21.000000
561765.13000488 5117298.42993164 2196.89990234 66 73 87 2.000000 21.000000
561760.88000488 5117299.44995117 2201.01000977 68 76 90 2.000000 21.000000
561752.33999634 5117301.55004883 2210.38989258 68 75 90 2.000000 21.000000
561729.32998657 5117307.10009766 2233.18994141 76 79 98 2.000000 21.000000
561719.23999023 5117309.35009766 2238.08007813 78 85 100 2.000000 21.000000
561706.95999146 5117312.29003906 2249.63989258 72 76 93 2.000000 21.000000
561690.61999512 5117316.39990234 2270.13989258 72 78 94 2.000000 21.000000
561683.33999634 5117316.42993164 2278.15991211 96 106 123 2.000000 21.000000
561697.57000732 5117312.84008789 2260.56005859 69 76 93 2.000000 21.000000
561703.57000732 5117311.48999023 2257.78002930 72 76 94 2.000000 21.000000
561736.61999512 5117303.50000000 2226.53002930 75 78 96 2.000000 21.000000
561749.16999817 5117300.48999023 2215.27001953 74 81 98 2.000000 21.000000
561772.75000000 5117294.67993164 2189.94995117 67 72 87 2.000000 21.000000
561777.00999451 5117293.65991211 2186.23999023 70 75 90 2.000000 21.000000
561783.46000671 5117292.10009766 2180.20996094 66 70 83 2.000000 21.000000
561758.61999512 5117296.66992188 2205.18994141 67 74 89 2.000000 21.000000
561743.75000000 5117300.29003906 2220.96997070 75 81 100 2.000000 21.000000
561741.51000977 5117300.91992188 2225.41992188 73 79 98 2.000000 21.000000
561733.27999878 5117302.82006836 2231.34008789 78 82 100 2.000000 21.000000
561725.07998657 5117304.70996094 2237.04003906 78 83 103 2.000000 21.000000
561716.91000366 5117306.60009766 2242.93994141 78 82 104 2.000000 21.000000
561712.80999756 5117307.57006836 2246.42993164 73 78 94 2.000000 21.000000
561692.44000244 5117312.47998047 2266.45996094 77 88 102 2.000000 21.000000
561687.85000610 5117311.97998047 2274.57006836 102 110 128 2.000000 21.000000
561706.05999756 5117307.50000000 2255.10009766 71 76 96 2.000000 21.000000
561720.44000244 5117303.96997070 2240.04003906 82 90 108 2.000000 21.000000
561730.48999023 5117301.73999023 2235.70996094 76 80 100 2.000000 21.000000
561738.67999268 5117299.83007813 2229.81005859 68 73 91 2.000000 21.000000
561751.53999329 5117296.53002930 2212.56005859 66 75 91 2.000000 21.000000
561764.44999695 5117293.31005859 2197.53002930 63 69 85 2.000000 21.000000
561779.83000183 5117288.08007813 2181.41992188 64 70 85 2.000000 21.000000
561773.47999573 5117289.57006836 2186.46997070 63 67 83 2.000000 21.000000
561769.19999695 5117290.60009766 2190.58007813 66 70 86 2.000000 21.000000
561745.61000061 5117296.41992188 2217.81005859 73 78 97 2.000000 21.000000
561702.32998657 5117306.89990234 2261.86010742 78 81 96 2.000000 21.000000
561696.39999390 5117308.20996094 2264.42993164 76 84 99 2.000000 21.000000
561692.27999878 5117309.32006836 2271.73999023 78 89 104 2.000000 21.000000
561684.35000610 5117311.16992188 2278.08007813 102 111 128 2.000000 21.000000
561710.47000122 5117302.97998047 2249.34008789 76 81 98 2.000000 21.000000
561714.54000854 5117302.01000977 2246.03002930 74 80 96 2.000000 21.000000
561724.60998535 5117299.73999023 2240.87988281 74 80 97 2.000000 21.000000
561732.85998535 5117297.77001953 2233.50000000 74 79 97 2.000000 21.000000
561739.23999023 5117296.14990234 2225.27001953 71 76 96 2.000000 21.000000
561754.05000305 5117292.52001953 2209.87988281 66 72 88 2.000000 21.000000
561758.21000671 5117291.56005859 2207.03002930 66 72 87 2.000000 21.000000
561764.58000183 5117288.35009766 2194.50000000 66 72 88 2.000000 21.000000
561747.39999390 5117292.61010742 2214.70996094 70 76 94 2.000000 21.000000
561741.14001465 5117294.09008789 2220.25000000 74 81 99 2.000000 21.000000
561732.79000854 5117296.10009766 2228.39990234 70 76 93 2.000000 21.000000
561724.57000732 5117298.02001953 2234.94995117 72 78 94 2.000000 21.000000
561720.17999268 5117299.27001953 2244.59008789 74 83 97 2.000000 21.000000
561708.01998901 5117302.10009766 2253.80004883 69 73 90 2.000000 21.000000
561699.76998901 5117304.20996094 2265.44995117 80 84 95 2.000000 21.000000
561689.70001221 5117306.66992188 2276.44995117 90 102 116 2.000000 21.000000
561679.94000244 5117308.75000000 2278.84008789 148 152 153 2.000000 21.000000
561668.39999390 5117310.85009766 2271.83007813 231 230 218 2.000000 21.000000
561659.52999878 5117310.80004883 2265.95996094 234 235 225 2.000000 21.000000
561673.08999634 5117308.35009766 2275.53002930 230 231 214 2.000000 21.000000
561692.70001221 5117304.12988281 2270.94995117 80 88 106 2.000000 21.000000
561702.76000977 5117301.71997070 2262.12011719 72 77 96 2.000000 21.000000
561727.70001221 5117295.45996094 2231.73999023 66 74 90 2.000000 21.000000
561767.86000061 5117285.67993164 2191.16992188 66 68 86 2.000000 21.000000
561772.07000732 5117284.68994141 2188.05004883 61 64 80 2.000000 21.000000
561776.30000305 5117283.69995117 2184.68994141 62 68 82 2.000000 21.000000
561780.55000305 5117282.68994141 2181.21997070 52 56 70 2.000000 21.000000
561784.80000305 5117281.68994141 2177.81005859 55 59 73 2.000000 21.000000
561760.00999451 5117286.13989258 2197.57006836 66 71 86 2.000000 21.000000
561755.41999817 5117287.40991211 2206.81005859 58 65 83 2.000000 21.000000
561742.89001465 5117290.35009766 2217.22998047 74 80 96 2.000000 21.000000
561736.67001343 5117291.81005859 2222.16992188 84 89 104 2.000000 21.000000
561720.16000366 5117295.66992188 2235.77001953 63 70 85 2.000000 21.000000
561716.04998779 5117296.64990234 2239.43994141 69 74 88 2.000000 21.000000
561711.70001221 5117297.87988281 2248.89990234 69 70 87 2.000000 21.000000
561703.69000244 5117299.65991211 2252.63989258 64 68 86 2.000000 21.000000
561687.38000488 5117303.69995117 2272.05004883 100 111 123 2.000000 21.000000
561683.36999512 5117304.66992188 2276.18994141 174 181 176 2.000000 21.000000
561664.00000000 5117308.38989258 2269.92993164 234 232 222 2.000000 21.000000
561654.04000854 5117308.48999023 2263.03002930 237 237 228 2.000000 21.000000
561667.66000366 5117306.04003906 2273.02001953 232 230 218 2.000000 21.000000
561677.30999756 5117304.27001953 2278.98999023 126 142 148 2.000000 21.000000
561691.29998779 5117300.88989258 2265.70996094 77 83 100 2.000000 21.000000
561697.14999390 5117299.69995117 2265.95996094 88 92 94 2.000000 21.000000
561711.76000977 5117295.84008789 2242.79003906 64 67 84 2.000000 21.000000
561730.25000000 5117291.45996094 2227.37988281 74 82 98 2.000000 21.000000
561746.86999512 5117287.52001953 2213.46997070 72 79 98 2.000000 21.000000
561751.07000732 5117286.52001953 2209.82006836 72 80 98 2.000000 21.000000
561764.00999451 5117283.29003906 2194.42993164 63 67 82 2.000000 21.000000
561783.36000061 5117277.50000000 2181.83007813 53 56 69 2.000000 21.000000
561779.08999634 5117278.50000000 2185.48999023 52 56 70 2.000000 21.000000
561739.01000977 5117287.92993164 2219.75000000 75 83 99 2.000000 21.000000
561724.54000854 5117291.32006836 2231.56005859 85 91 107 2.000000 21.000000
561706.10998535 5117295.64990234 2247.28002930 55 59 75 2.000000 21.000000
561699.73001099 5117297.45996094 2261.12988281 76 81 99 2.000000 21.000000
561648.82998657 5117307.80004883 2259.85009766 240 239 229 2.000000 21.000000
561656.75000000 5117304.75000000 2266.54003906 236 236 224 2.000000 21.000000
561670.27999878 5117302.30004883 2275.80004883 233 232 216 2.000000 21.000000
561683.89999390 5117299.46997070 2275.19995117 116 118 123 2.000000 21.000000
561687.95001221 5117298.39990234 2268.92993164 92 98 119 2.000000 21.000000
561693.98001099 5117296.92993164 2262.68994141 63 70 86 2.000000 21.000000
561700.14001465 5117295.35009766 2254.05004883 69 74 91 2.000000 21.000000
561714.45001221 5117291.88989258 2239.91992188 68 74 92 2.000000 21.000000
561718.54000854 5117290.91992188 2236.63989258 81 88 104 2.000000 21.000000
561732.98001099 5117287.50000000 2224.37011719 70 79 96 2.000000 21.000000
561753.80999756 5117282.58007813 2207.27001953 86 94 112 2.000000 21.000000
561756.25000000 5117281.83007813 2200.44995117 72 81 100 2.000000 21.000000
561760.46000671 5117280.84008789 2197.11010742 76 82 98 2.000000 21.000000
561766.77000427 5117279.37011719 2192.42993164 57 59 75 2.000000 21.000000
561770.96000671 5117278.39990234 2189.61010742 52 54 70 2.000000 21.000000
561775.67999268 5117276.07006836 2189.68994141 54 56 70 2.000000 21.000000
561748.50999451 5117282.40991211 2211.53002930 82 92 112 2.000000 21.000000
561744.36000061 5117283.38989258 2215.04003906 80 86 105 2.000000 21.000000
561727.85000610 5117287.26000977 2228.79003906 79 88 106 2.000000 21.000000
561709.45999146 5117291.58007813 2244.43994141 64 70 86 2.000000 21.000000
561679.10998535 5117299.06005859 2279.82006836 170 165 164 2.000000 21.000000
561663.70999146 5117301.90991211 2271.79003906 230 230 216 2.000000 21.000000
561640.26998901 5117306.09008789 2254.79003906 233 232 219 2.000000 21.000000
561635.07998657 5117305.32006836 2250.89990234 234 234 220 2.000000 21.000000
561644.94000244 5117303.55004883 2258.23999023 234 232 220 2.000000 21.000000
561650.82000732 5117302.50000000 2262.57006836 232 232 220 2.000000 21.000000
561674.02999878 5117298.29003906 2278.62011719 100 127 139 2.000000 21.000000
561694.07000732 5117293.42993164 2258.37011719 79 88 104 2.000000 21.000000
561702.20999146 5117291.44995117 2250.08007813 63 71 84 2.000000 21.000000
561722.61999512 5117286.63989258 2233.67993164 80 86 103 2.000000 21.000000
561737.14001465 5117283.19995117 2221.34008789 71 79 95 2.000000 21.000000
561758.07000732 5117278.27001953 2204.25000000 70 78 95 2.000000 21.000000
561779.39999390 5117273.15991211 2184.70996094 55 57 71 2.000000 21.000000
561771.36999512 5117273.83007813 2192.60009766 55 58 72 2.000000 21.000000
561767.07000732 5117274.86010742 2197.02001953 65 69 84 2.000000 21.000000
561762.74000549 5117275.92993164 2202.23999023 68 74 90 2.000000 21.000000
561754.33000183 5117277.91992188 2209.62011719 68 76 94 2.000000 21.000000
561717.14999390 5117286.55004883 2238.73999023 73 79 94 2.000000 21.000000
561713.05999756 5117287.51000977 2242.05004883 73 80 95 2.000000 21.000000
561696.83999634 5117291.26000977 2254.34008789 66 72 88 2.000000 21.000000
561690.61999512 5117292.91992188 2265.14990234 74 82 102 2.000000 21.000000
561684.55999756 5117294.41992188 2272.59008789 72 79 100 2.000000 21.000000
561666.95999146 5117298.08007813 2274.50000000 231 229 215 2.000000 21.000000
561659.20999146 5117299.46997070 2269.10009766 234 232 219 2.000000 21.000000
561629.70999146 5117304.69995117 2247.19995117 237 236 224 2.000000 21.000000
561621.72000122 5117306.12011719 2241.54003906 238 236 223 2.000000 21.000000
561613.25000000 5117305.92993164 2235.63989258 238 238 226 2.000000 21.000000
561617.27999878 5117305.20996094 2238.59008789 238 237 225 2.000000 21.000000
561625.27999878 5117303.76000977 2244.23999023 236 235 224 2.000000 21.000000
561639.17999268 5117301.23999023 2253.92993164 238 236 224 2.000000 21.000000
561654.86999512 5117298.44995117 2266.26000977 238 236 224 2.000000 21.000000
561678.05999756 5117294.16992188 2279.97998047 89 100 121 2.000000 21.000000
561688.04000854 5117291.75000000 2269.98999023 96 104 124 2.000000 21.000000
561706.39999390 5117287.17993164 2248.26000977 66 74 88 2.000000 21.000000
561726.85998535 5117282.35009766 2231.25000000 78 86 102 2.000000 21.000000
561731.01998901 5117281.35009766 2227.26000977 82 87 102 2.000000 21.000000
561741.32998657 5117278.95996094 2219.81005859 79 87 104 2.000000 21.000000
561747.50999451 5117277.53002930 2215.66992188 79 87 105 2.000000 21.000000
561759.75999451 5117274.80004883 2209.83007813 69 75 91 2.000000 21.000000
561775.08999634 5117270.90991211 2189.57006836 57 58 71 2.000000 21.000000
561755.64999390 5117274.47998047 2213.15991211 70 78 95 2.000000 21.000000
561735.19000244 5117279.05004883 2224.22998047 70 77 90 2.000000 21.000000
561722.73999023 5117282.00000000 2235.64990234 79 87 104 2.000000 21.000000
561700.32998657 5117287.19995117 2253.12011719 64 70 84 2.000000 21.000000
561682.04000854 5117291.77001953 2276.26000977 100 108 128 2.000000 21.000000
561670.35998535 5117294.16992188 2276.98999023 228 228 220 2.000000 21.000000
561662.64001465 5117295.56005859 2271.86010742 235 234 219 2.000000 21.000000
561647.07000732 5117298.32006836 2260.11010742 237 235 224 2.000000 21.000000
561607.23999023 5117305.40991211 2231.61010742 236 236 224 2.000000 21.000000
561603.17999268 5117306.12988281 2228.70996094 236 236 224 2.000000 21.000000
561562.64001465 5117311.78002930 2201.40991211 242 242 234 2.000000 21.000000
561566.79998779 5117311.02001953 2204.09008789 242 241 232 2.000000 21.000000
561570.97000122 5117310.27001953 2207.11010742 241 240 231 2.000000 21.000000
561575.11999512 5117309.52001953 2210.09008789 236 236 226 2.000000 21.000000
561593.66000366 5117306.14990234 2222.67993164 237 235 225 2.000000 21.000000
561597.76000977 5117305.40991211 2225.44995117 234 234 222 2.000000 21.000000
561620.07000732 5117301.37011719 2241.01000977 236 235 224 2.000000 21.000000
561628.07998657 5117299.91992188 2246.56005859 240 239 228 2.000000 21.000000
561634.05999756 5117298.83007813 2250.62988281 238 236 225 2.000000 21.000000
561641.98001099 5117297.39990234 2256.28002930 238 236 224 2.000000 21.000000
561651.79000854 5117295.63989258 2263.44995117 240 238 226 2.000000 21.000000
561657.63000488 5117294.61010742 2268.27001953 238 236 222 2.000000 21.000000
561690.92999268 5117287.65991211 2265.80004883 94 103 120 2.000000 21.000000
561693.05999756 5117287.01000977 2259.91992188 77 84 102 2.000000 21.000000
561707.01998901 5117283.86010742 2252.32006836 77 84 103 2.000000 21.000000
561711.05999756 5117282.90991211 2249.11010742 78 84 104 2.000000 21.000000
561715.10998535 5117281.96997070 2246.10009766 78 84 105 2.000000 21.000000
561717.27999878 5117281.35009766 2241.40991211 82 88 108 2.000000 21.000000
561745.88000488 5117274.75000000 2221.62988281 77 84 102 2.000000 21.000000
561762.69000244 5117270.73999023 2206.08007813 58 62 76 2.000000 21.000000
561765.27000427 5117269.89990234 2197.65991211 52 54 67 2.000000 21.000000
561769.49000549 5117268.90991211 2194.17993164 54 56 69 2.000000 21.000000
561779.83000183 5117266.59008789 2188.60009766 58 62 77 2.000000 21.000000
561773.75999451 5117266.69995117 2191.92993164 59 62 74 2.000000 21.000000
561760.41999817 5117270.13989258 2212.21997070 62 66 80 2.000000 21.000000
561757.97000122 5117270.88989258 2219.14990234 66 72 88 2.000000 21.000000
561752.16000366 5117272.02001953 2217.80004883 72 78 96 2.000000 21.000000
561741.85998535 5117274.37988281 2224.94995117 85 93 112 2.000000 21.000000
561733.79000854 5117276.13989258 2228.13989258 68 74 88 2.000000 21.000000
561725.63000488 5117277.98999023 2233.41992188 80 89 106 2.000000 21.000000
561697.16000366 5117284.62988281 2257.00000000 70 78 94 2.000000 21.000000
561686.92999268 5117287.26000977 2272.16992188 98 108 125 2.000000 21.000000
561678.94000244 5117289.19995117 2280.94995117 104 116 134 2.000000 21.000000
561673.17999268 5117290.31005859 2279.06005859 185 188 182 2.000000 21.000000
561665.48999023 5117291.69995117 2274.09008789 237 236 220 2.000000 21.000000
561614.11999512 5117300.82006836 2236.67993164 236 236 224 2.000000 21.000000
561610.05999756 5117301.55004883 2233.69995117 236 236 224 2.000000 21.000000
561589.58999634 5117305.21997070 2219.84008789 238 236 226 2.000000 21.000000
561583.39001465 5117306.34008789 2215.77001953 238 236 228 2.000000 21.000000
561558.33999634 5117310.82006836 2198.36010742 244 244 236 2.000000 21.000000
561554.11999512 5117311.58007813 2195.47998047 245 244 236 2.000000 21.000000
561514.16000366 5117317.22998047 2168.58007813 246 246 240 2.000000 21.000000
561539.63000488 5117312.61010742 2185.79003906 246 246 238 2.000000 21.000000
561543.85000610 5117311.84008789 2188.61010742 244 244 236 2.000000 21.000000
561548.04000854 5117311.08007813 2191.42993164 240 240 232 2.000000 21.000000
561603.77999878 5117300.98999023 2229.87011719 236 236 225 2.000000 21.000000
561623.89001465 5117297.36010742 2244.01000977 236 236 224 2.000000 21.000000
561637.76000977 5117294.86010742 2253.91992188 238 238 227 2.000000 21.000000
561645.64001465 5117293.42993164 2259.40991211 240 238 228 2.000000 21.000000
561661.23999023 5117290.64990234 2271.34008789 238 237 224 2.000000 21.000000
561682.54000854 5117286.47998047 2277.37988281 103 115 132 2.000000 21.000000
561702.79998779 5117281.53002930 2255.17993164 71 79 97 2.000000 21.000000
561710.64999390 5117279.90991211 2255.22998047 76 82 102 2.000000 21.000000
561716.72000122 5117278.51000977 2251.03002930 78 86 104 2.000000 21.000000
561721.23001099 5117277.13989258 2238.61010742 86 94 112 2.000000 21.000000
561729.52999878 5117275.15991211 2230.95996094 66 72 88 2.000000 21.000000
561749.83999634 5117270.67993164 2222.37011719 72 77 95 2.000000 21.000000
561755.66000366 5117269.54003906 2224.07006836 62 70 86 2.000000 21.000000
561761.10000610 5117267.63989258 2202.26000977 56 59 73 2.000000 21.000000
561776.50999451 5117262.81005859 2193.61010742 63 70 84 2.000000 21.000000
561770.46000671 5117264.10009766 2195.31005859 60 63 75 2.000000 21.000000
561744.67999268 5117270.47998047 2226.85009766 81 89 106 2.000000 21.000000
561738.67999268 5117271.76000977 2228.62011719 85 94 112 2.000000 21.000000
561694.00000000 5117282.06005859 2262.27001953 106 116 132 2.000000 21.000000
561689.88000488 5117283.13989258 2269.12988281 99 112 130 2.000000 21.000000
561668.23001099 5117287.81005859 2276.36010742 235 235 218 2.000000 21.000000
561654.66000366 5117290.20996094 2266.01000977 242 240 230 2.000000 21.000000
561630.95999146 5117294.42993164 2249.15991211 238 238 227 2.000000 21.000000
561616.92001343 5117296.93994141 2239.25000000 234 234 224 2.000000 21.000000
561598.67001343 5117300.20996094 2226.73999023 238 238 226 2.000000 21.000000
561594.57998657 5117300.93994141 2223.93994141 240 239 228 2.000000 21.000000
561578.13000488 5117303.88989258 2212.71997070 241 242 232 2.000000 21.000000
561574.00000000 5117304.63989258 2209.92993164 242 242 232 2.000000 21.000000
561569.85000610 5117305.37011719 2206.83007813 241 239 229 2.000000 21.000000
561565.70001221 5117306.12011719 2204.08007813 243 243 233 2.000000 21.000000
561561.54000854 5117306.86010742 2201.21997070 244 244 234 2.000000 21.000000
561534.30999756 5117311.75000000 2182.78002930 245 245 239 2.000000 21.000000
561530.08999634 5117312.51000977 2179.94995117 246 246 240 2.000000 21.000000
561525.86999512 5117313.27001953 2177.22998047 246 246 240 2.000000 21.000000
561508.82000732 5117316.31005859 2164.89990234 248 247 242 2.000000 21.000000
561504.54998779 5117317.07006836 2162.00000000 248 247 241 2.000000 21.000000
561492.02999878 5117317.77001953 2152.90991211 247 247 242 2.000000 21.000000
561496.38000488 5117317.01000977 2156.61010742 247 247 242 2.000000 21.000000
561517.76998901 5117313.14990234 2171.81005859 247 246 241 2.000000 21.000000
561551.45001221 5117307.04003906 2194.52001953 242 240 233 2.000000 21.000000
561555.63000488 5117306.28002930 2197.37988281 237 236 227 2.000000 21.000000
561582.51000977 5117301.42993164 2216.14990234 242 244 234 2.000000 21.000000
561586.60998535 5117300.68994141 2219.01000977 242 242 232 2.000000 21.000000
561606.92999268 5117296.98999023 2232.62011719 237 237 228 2.000000 21.000000
561640.86999512 5117290.86010742 2256.38989258 242 240 230 2.000000 21.000000
561648.73001099 5117289.44995117 2261.96997070 243 241 232 2.000000 21.000000
561672.02999878 5117285.27001953 2279.21997070 236 238 216 2.000000 21.000000
561677.79998779 5117284.20996094 2282.64990234 106 124 142 2.000000 21.000000
561685.73001099 5117282.36010742 2276.69995117 103 114 132 2.000000 21.000000
561697.98999023 5117279.26000977 2260.35009766 83 92 111 2.000000 21.000000
561703.92999268 5117278.01000977 2259.57006836 79 90 110 2.000000 21.000000
561711.82998657 5117276.36010742 2258.68994141 72 80 98 2.000000 21.000000
561720.41000366 5117274.03002930 2242.82006836 89 98 115 2.000000 21.000000
561724.69000244 5117272.90991211 2236.13989258 84 87 101 2.000000 21.000000
561732.79000854 5117271.12988281 2232.82006836 73 80 95 2.000000 21.000000
561740.64999390 5117269.54003906 2233.57006836 81 89 107 2.000000 21.000000
561748.91999817 5117267.62011719 2227.40991211 88 94 110 2.000000 21.000000
561755.41999817 5117265.96997070 2218.68994141 58 62 78 2.000000 21.000000
561764.63000488 5117263.41992188 2200.12011719 58 61 74 2.000000 21.000000
561773.58999634 5117260.06005859 2197.41992188 73 78 94 2.000000 21.000000
561759.30999756 5117263.18994141 2203.77001953 54 58 72 2.000000 21.000000
561737.50000000 5117268.83007813 2237.54003906 86 94 114 2.000000 21.000000
561719.20999146 5117273.01000977 2250.31005859 85 94 110 2.000000 21.000000
561716.95001221 5117273.70996094 2257.01000977 76 85 99 2.000000 21.000000
561697.10000610 5117278.05004883 2265.57006836 84 93 113 2.000000 21.000000
561693.10000610 5117278.97998047 2268.64990234 94 103 125 2.000000 21.000000
561683.00000000 5117281.47998047 2281.21997070 110 118 138 2.000000 21.000000
561663.70001221 5117285.12988281 2273.41992188 240 238 228 2.000000 21.000000
561657.89001465 5117286.14990234 2268.96997070 242 240 232 2.000000 21.000000
561636.32000732 5117289.98999023 2253.27001953 239 238 228 2.000000 21.000000
561626.41000366 5117291.76000977 2246.40991211 235 234 224 2.000000 21.000000
561620.42001343 5117292.83007813 2242.22998047 234 234 224 2.000000 21.000000
561612.39001465 5117294.27001953 2236.71997070 234 234 226 2.000000 21.000000
561602.29998779 5117296.08007813 2229.84008789 238 238 230 2.000000 21.000000
561546.76998901 5117306.03002930 2191.83007813 244 244 236 2.000000 21.000000
561542.58999634 5117306.78002930 2189.13989258 244 244 238 2.000000 21.000000
561538.39999390 5117307.53002930 2186.33007813 240 242 235 2.000000 21.000000
561521.52999878 5117310.56005859 2174.73999023 240 238 234 2.000000 21.000000
561513.01000977 5117312.07006836 2168.40991211 248 246 242 2.000000 21.000000
561500.23001099 5117314.37011719 2160.03002930 248 246 240 2.000000 21.000000
561487.27001953 5117316.65991211 2150.12988281 248 248 242 2.000000 21.000000
561482.97998047 5117317.42993164 2147.30004883 247 247 242 2.000000 21.000000
561467.84997559 5117320.13989258 2136.91992188 246 248 242 2.000000 21.000000
561472.60998535 5117317.85009766 2140.36010742 247 247 242 2.000000 21.000000
561476.92999268 5117317.07006836 2143.40991211 247 247 242 2.000000 21.000000
561504.86999512 5117312.03002930 2163.03002930 248 247 242 2.000000 21.000000
561526.19000244 5117308.18994141 2178.21997070 238 238 232 2.000000 21.000000
561530.47000122 5117307.43994141 2181.93994141 241 240 235 2.000000 21.000000
561559.82000732 5117302.09008789 2200.96997070 240 240 230 2.000000 21.000000
561563.98999023 5117301.33007813 2203.77001953 240 238 230 2.000000 21.000000
561568.14001465 5117300.58007813 2206.62988281 240 240 230 2.000000 21.000000
561572.29998779 5117299.82006836 2209.42993164 242 240 232 2.000000 21.000000
561576.44000244 5117299.07006836 2212.23999023 243 243 234 2.000000 21.000000
561590.86999512 5117296.45996094 2222.25000000 244 244 234 2.000000 21.000000
561596.98999023 5117295.35009766 2226.38989258 242 242 234 2.000000 21.000000
561631.33999634 5117289.12988281 2249.91992188 236 234 224 2.000000 21.000000
561651.13000488 5117285.57006836 2264.31005859 243 242 234 2.000000 21.000000
561690.17001343 5117277.87988281 2273.66992188 94 104 125 2.000000 21.000000
561702.19000244 5117275.05004883 2263.61010742 80 90 108 2.000000 21.000000
561708.01998901 5117273.87011719 2264.32006836 80 88 104 2.000000 21.000000
561713.92001343 5117272.61010742 2263.04003906 82 92 108 2.000000 21.000000
561728.85000610 5117268.62988281 2237.23999023 65 70 84 2.000000 21.000000
561744.91999817 5117265.09008789 2230.63989258 76 84 101 2.000000 21.000000
561751.44000244 5117263.39990234 2220.69995117 56 60 75 2.000000 21.000000
561754.13999939 5117262.43994141 2209.36010742 54 56 70 2.000000 21.000000
561768.60000610 5117259.14990234 2200.53002930 53 58 71 2.000000 21.000000
561763.50999451 5117258.82006836 2203.80004883 60 64 76 2.000000 21.000000
561741.54998779 5117264.52001953 2238.44995117 76 84 102 2.000000 21.000000
561737.30999756 5117265.59008789 2244.15991211 79 90 110 2.000000 21.000000
561733.57998657 5117266.21997070 2240.55004883 84 94 112 2.000000 21.000000
561723.80999756 5117268.16992188 2239.58007813 76 84 97 2.000000 21.000000
561681.19000244 5117278.46997070 2285.56005859 114 122 142 2.000000 21.000000
561675.47000122 5117279.52001953 2282.17993164 222 233 228 2.000000 21.000000
561669.73001099 5117280.54003906 2278.14990234 240 240 227 2.000000 21.000000
561646.50000000 5117284.64990234 2261.00000000 241 240 231 2.000000 21.000000
561640.61999512 5117285.68994141 2256.65991211 238 236 227 2.000000 21.000000
561616.76998901 5117289.94995117 2239.93994141 236 236 226 2.000000 21.000000
561608.72000122 5117291.39990234 2234.52001953 238 238 230 2.000000 21.000000
561586.32000732 5117295.40991211 2219.15991211 242 242 234 2.000000 21.000000
561582.20001221 5117296.13989258 2216.33007813 242 242 234 2.000000 21.000000
561555.23999023 5117300.98999023 2198.29003906 236 235 227 2.000000 21.000000
561551.04998779 5117301.73999023 2195.42993164 245 244 236 2.000000 21.000000
561534.26000977 5117304.79003906 2185.29003906 234 234 228 2.000000 21.000000
561517.13000488 5117307.80004883 2171.86010742 249 247 243 2.000000 21.000000
561508.54000854 5117309.32006836 2165.61010742 246 246 241 2.000000 21.000000
561495.64999390 5117311.62988281 2156.78002930 248 248 238 2.000000 21.000000
561491.33999634 5117312.39990234 2153.83007813 250 248 240 2.000000 21.000000
561463.16998291 5117317.45996094 2134.66992188 247 248 243 2.000000 21.000000
561479.65997314 5117313.05004883 2146.19995117 250 248 242 2.000000 21.000000
561483.96997070 5117312.27001953 2149.20996094 247 246 240 2.000000 21.000000
561501.14001465 5117309.15991211 2160.84008789 246 246 239 2.000000 21.000000
561522.54000854 5117305.30004883 2176.13989258 246 245 240 2.000000 21.000000
561539.57000732 5117302.27001953 2189.16992188 235 236 232 2.000000 21.000000
561545.85998535 5117301.11010742 2193.00000000 246 246 238 2.000000 21.000000
561599.69000244 5117291.32006836 2228.62011719 242 242 235 2.000000 21.000000
561603.76000977 5117290.58007813 2231.46997070 242 242 234 2.000000 21.000000
561621.92999268 5117287.28002930 2243.82006836 236 236 226 2.000000 21.000000
561633.89999390 5117285.12011719 2252.18994141 238 236 224 2.000000 21.000000
561653.61999512 5117281.56005859 2265.97998047 245 243 235 2.000000 21.000000
561659.47000122 5117280.50000000 2270.05004883 244 242 233 2.000000 21.000000
561665.27999878 5117279.45996094 2274.23999023 240 240 230 2.000000 21.000000
561686.52999878 5117275.33007813 2281.00000000 99 111 130 2.000000 21.000000
561694.54000854 5117273.39990234 2273.02001953 74 85 102 2.000000 21.000000
561698.54998779 5117272.43994141 2269.21997070 82 92 110 2.000000 21.000000
561704.30999756 5117271.33007813 2271.29003906 83 92 110 2.000000 21.000000
561710.19000244 5117270.05004883 2269.37988281 76 85 106 2.000000 21.000000
561716.85998535 5117268.01000977 2250.52001953 80 84 100 2.000000 21.000000
561719.11999512 5117267.32006836 2243.95996094 85 90 104 2.000000 21.000000
561750.17999268 5117259.93994141 2216.07006836 54 58 71 2.000000 21.000000
561758.66999817 5117257.88989258 2207.33007813 58 60 74 2.000000 21.000000
561772.85000610 5117254.79003906 2202.14990234 76 80 95 2.000000 21.000000
561767.21000671 5117254.47998047 2204.70996094 61 68 84 2.000000 21.000000
561752.96000671 5117257.59008789 2210.82006836 60 63 77 2.000000 21.000000
561746.41999817 5117259.27001953 2220.61010742 68 74 88 2.000000 21.000000
561744.03999329 5117259.98999023 2227.32006836 80 85 101 2.000000 21.000000
561736.95999146 5117262.16992188 2248.00000000 78 85 105 2.000000 21.000000
561729.51000977 5117263.45996094 2241.52001953 76 82 101 2.000000 21.000000
561715.10998535 5117266.91992188 2256.56005859 79 86 103 2.000000 21.000000
561691.04998779 5117272.55004883 2277.14990234 74 82 99 2.000000 21.000000
561628.61999512 5117284.23999023 2248.71997070 236 234 224 2.000000 21.000000
561612.57000732 5117287.12011719 2237.82006836 239 239 230 2.000000 21.000000
561594.27999878 5117290.39990234 2225.32006836 242 242 234 2.000000 21.000000
561577.85000610 5117293.35009766 2214.31005859 240 242 232 2.000000 21.000000
561571.64999390 5117294.45996094 2210.12988281 240 239 230 2.000000 21.000000
561567.50000000 5117295.20996094 2207.35009766 238 238 229 2.000000 21.000000
561563.32998657 5117295.94995117 2204.37011719 236 236 226 2.000000 21.000000
561559.16000366 5117296.69995117 2201.66992188 235 234 224 2.000000 21.000000
561529.72000122 5117301.98999023 2181.95996094 240 242 236 2.000000 21.000000
561512.64001465 5117305.01000977 2169.07006836 248 246 240 2.000000 21.000000
561474.03997803 5117311.93994141 2143.09008789 248 248 241 2.000000 21.000000
561469.70001221 5117312.70996094 2139.91992188 248 247 241 2.000000 21.000000
561465.40997314 5117313.48999023 2137.30004883 247 246 242 2.000000 21.000000
561459.44000244 5117313.12011719 2133.90991211 249 248 244 2.000000 21.000000
561487.53997803 5117308.03002930 2153.11010742 244 245 237 2.000000 21.000000
561491.89001465 5117307.26000977 2156.56005859 239 241 232 2.000000 21.000000
561504.69000244 5117304.89990234 2164.15991211 248 248 242 2.000000 21.000000
561517.52999878 5117302.57006836 2172.79003906 246 246 240 2.000000 21.000000
561534.60000610 5117299.52001953 2185.54003906 242 242 235 2.000000 21.000000
561549.42001343 5117296.86010742 2196.26000977 228 230 221 2.000000 21.000000
561582.70999146 5117290.79003906 2217.78002930 238 238 229 2.000000 21.000000
561586.82000732 5117290.04003906 2220.63989258 240 240 231 2.000000 21.000000
561607.25000000 5117286.33007813 2234.28002930 240 240 230 2.000000 21.000000
561617.35000610 5117284.50000000 2241.33007813 239 239 229 2.000000 21.000000
561637.32000732 5117280.88989258 2255.09008789 238 236 226 2.000000 21.000000
561643.25000000 5117279.81005859 2259.18994141 237 236 226 2.000000 21.000000
561649.14001465 5117278.75000000 2263.32006836 238 238 228 2.000000 21.000000
561668.57998657 5117275.23999023 2277.06005859 238 238 228 2.000000 21.000000
561672.42001343 5117274.56005859 2280.20996094 237 238 228 2.000000 21.000000
561678.16000366 5117273.53002930 2284.46997070 117 135 149 2.000000 21.000000
561683.89999390 5117272.45996094 2287.30004883 103 117 134 2.000000 21.000000
561697.91000366 5117269.07006836 2273.16992188 77 80 100 2.000000 21.000000
561705.64001465 5117267.54003906 2274.63989258 93 102 124 2.000000 21.000000
561713.79998779 5117265.53002930 2265.44995117 82 92 110 2.000000 21.000000
561722.61999512 5117262.97998047 2244.50000000 63 67 84 2.000000 21.000000
561732.41000366 5117260.97998047 2245.17993164 82 90 110 2.000000 21.000000
561738.44000244 5117259.65991211 2242.62988281 74 78 96 2.000000 21.000000
561741.04998779 5117258.72998047 2231.60009766 73 78 94 2.000000 21.000000
561762.14999390 5117253.64990234 2210.64990234 60 62 76 2.000000 21.000000
561774.02999878 5117249.44995117 2205.65991211 65 69 83 2.000000 21.000000
561765.96000671 5117251.18994141 2208.30004883 56 61 76 2.000000 21.000000
561755.85000610 5117253.36010742 2211.70996094 60 62 78 2.000000 21.000000
561749.69000244 5117254.75000000 2215.38989258 60 64 80 2.000000 21.000000
561718.38000488 5117262.25000000 2247.16992188 69 76 94 2.000000 21.000000
561709.51998901 5117264.91992188 2271.40991211 86 96 117 2.000000 21.000000
561693.79000854 5117268.29003906 2276.19995117 72 76 95 2.000000 21.000000
561687.76000977 5117269.75000000 2282.92993164 82 88 106 2.000000 21.000000
561662.63000488 5117274.51000977 2273.09008789 239 239 230 2.000000 21.000000
561656.79000854 5117275.55004883 2268.87011719 238 238 228 2.000000 21.000000
561631.14999390 5117280.12988281 2251.22998047 236 236 224 2.000000 21.000000
561623.14999390 5117281.56005859 2245.51000977 236 236 224 2.000000 21.000000
561602.97000122 5117285.17993164 2231.91992188 236 236 226 2.000000 21.000000
561596.85998535 5117286.28002930 2227.87988281 239 239 230 2.000000 21.000000
561553.60000610 5117294.07006836 2199.46997070 230 232 219 2.000000 21.000000
561543.19000244 5117295.94995117 2192.91992188 236 238 230 2.000000 21.000000
561538.95001221 5117296.67993164 2189.27001953 236 234 226 2.000000 21.000000
561524.17999268 5117299.30004883 2178.52001953 248 248 242 2.000000 21.000000
561498.73001099 5117303.87011719 2161.44995117 231 235 229 2.000000 21.000000
561481.67999268 5117306.94995117 2150.69995117 211 216 208 2.000000 21.000000
561477.40002441 5117307.72998047 2147.98999023 229 230 220 2.000000 21.000000
561460.50000000 5117309.17993164 2136.87988281 248 247 242 2.000000 21.000000
561466.94000244 5117307.98999023 2140.54003906 236 235 229 2.000000 21.000000
561471.29998779 5117307.19995117 2143.72998047 230 231 223 2.000000 21.000000
561493.07000732 5117303.34008789 2160.77001953 207 210 202 2.000000 21.000000
561507.82998657 5117300.56005859 2167.90991211 247 246 239 2.000000 21.000000
561512.07998657 5117299.78002930 2170.51000977 246 246 239 2.000000 21.000000
561529.14999390 5117296.71997070 2183.08007813 246 246 240 2.000000 21.000000
561558.51998901 5117291.38989258 2202.84008789 230 230 218 2.000000 21.000000
561564.73001099 5117290.25000000 2206.54003906 238 236 226 2.000000 21.000000
561570.92999268 5117289.12011719 2210.52001953 237 236 228 2.000000 21.000000
561575.04998779 5117288.37011719 2213.29003906 240 241 232 2.000000 21.000000
561579.17001343 5117287.62011719 2216.08007813 239 239 229 2.000000 21.000000
561589.41000366 5117285.76000977 2223.02001953 234 234 224 2.000000 21.000000
561609.69000244 5117282.08007813 2236.67993164 238 238 228 2.000000 21.000000
561639.57000732 5117276.68994141 2257.82006836 236 236 226 2.000000 21.000000
561645.45999146 5117275.62011719 2261.71997070 236 234 224 2.000000 21.000000
561651.33999634 5117274.54003906 2265.51000977 237 236 226 2.000000 21.000000
561674.51998901 5117270.37011719 2282.30004883 239 239 228 2.000000 21.000000
561697.92001343 5117265.39990234 2277.81005859 84 92 112 2.000000 21.000000
561716.01000977 5117261.13989258 2262.59008789 86 95 113 2.000000 21.000000
561718.33999634 5117260.36010742 2254.23999023 62 70 87 2.000000 21.000000
561722.54998779 5117259.27001953 2248.03002930 64 68 84 2.000000 21.000000
561728.41000366 5117258.09008789 2248.57006836 82 90 105 2.000000 21.000000
561732.13000488 5117257.44995117 2251.98999023 83 90 108 2.000000 21.000000
561741.57998657 5117254.50000000 2223.86010742 59 63 78 2.000000 21.000000
561745.77000427 5117253.50000000 2219.88989258 64 66 82 2.000000 21.000000
561763.97999573 5117249.52001953 2213.26000977 57 60 74 2.000000 21.000000
561773.22000122 5117245.96997070 2209.46997070 58 62 76 2.000000 21.000000
561759.11999512 5117249.02001953 2214.55004883 56 58 74 2.000000 21.000000
561753.13999939 5117250.27001953 2215.61010742 59 63 77 2.000000 21.000000
561738.36999512 5117253.86010742 2232.07006836 59 62 76 2.000000 21.000000
561735.89001465 5117254.68994141 2241.17993164 62 64 80 2.000000 21.000000
561725.50000000 5117257.22998047 2253.17993164 70 75 90 2.000000 21.000000
561713.08999634 5117260.33007813 2269.35009766 102 112 130 2.000000 21.000000
561705.08999634 5117262.17993164 2275.60009766 94 103 128 2.000000 21.000000
561691.41000366 5117265.12011719 2280.12011719 90 100 118 2.000000 21.000000
561685.35998535 5117266.66992188 2289.10009766 100 114 132 2.000000 21.000000
561679.66000366 5117267.71997070 2286.10009766 125 136 144 2.000000 21.000000
561670.13000488 5117269.40991211 2279.12011719 241 242 233 2.000000 21.000000
561635.08999634 5117275.64990234 2254.59008789 238 236 226 2.000000 21.000000
561627.16000366 5117277.06005859 2248.98999023 237 236 226 2.000000 21.000000
561619.17999268 5117278.48999023 2243.61010742 238 236 226 2.000000 21.000000
561613.17001343 5117279.56005859 2239.52001953 238 238 226 2.000000 21.000000
561605.10998535 5117281.01000977 2234.08007813 236 236 226 2.000000 21.000000
561599.02999878 5117282.10009766 2229.95996094 236 236 224 2.000000 21.000000
561592.92999268 5117283.18994141 2225.85009766 231 231 221 2.000000 21.000000
561584.75000000 5117284.64990234 2220.19995117 238 237 228 2.000000 21.000000
561549.63000488 5117291.01000977 2198.44995117 232 232 222 2.000000 21.000000
561545.42999268 5117291.75000000 2195.43994141 238 238 228 2.000000 21.000000
561534.89001465 5117293.62011719 2187.70996094 246 247 239 2.000000 21.000000
561520.05999756 5117296.26000977 2177.31005859 248 248 242 2.000000 21.000000
561515.77999878 5117297.01000977 2174.02001953 248 248 240 2.000000 21.000000
561503.04998779 5117299.32006836 2166.33007813 230 230 222 2.000000 21.000000
561486.05999756 5117302.43994141 2156.90991211 195 196 184 2.000000 21.000000
561473.09997559 5117304.73999023 2147.76000977 222 222 210 2.000000 21.000000
561461.07000732 5117305.17993164 2140.12011719 242 246 245 2.000000 21.000000
561476.27001953 5117302.47998047 2151.62988281 210 210 198 2.000000 21.000000
561480.53997803 5117301.68994141 2154.25000000 225 224 210 2.000000 21.000000
561489.26998901 5117300.16992188 2161.84008789 207 208 196 2.000000 21.000000
561495.51998901 5117298.95996094 2163.98999023 226 226 213 2.000000 21.000000
561523.07998657 5117293.89990234 2180.69995117 247 247 241 2.000000 21.000000
561539.97000122 5117290.85009766 2192.18994141 246 246 240 2.000000 21.000000
561554.64999390 5117288.19995117 2202.47998047 222 220 210 2.000000 21.000000
561560.85000610 5117287.04003906 2205.60009766 233 231 221 2.000000 21.000000
561567.05999756 5117285.88989258 2209.12011719 238 236 224 2.000000 21.000000
561641.88000488 5117272.33007813 2259.39990234 238 236 226 2.000000 21.000000
561647.76000977 5117271.26000977 2263.37988281 237 236 225 2.000000 21.000000
561653.61999512 5117270.20996094 2267.52001953 238 238 227 2.000000 21.000000
561659.45001221 5117269.14990234 2271.55004883 241 241 231 2.000000 21.000000
561665.23999023 5117268.11010742 2275.72998047 240 240 231 2.000000 21.000000
561688.32998657 5117263.66992188 2284.03002930 110 124 141 2.000000 21.000000
561696.10000610 5117262.02001953 2282.55004883 89 99 122 2.000000 21.000000
561720.36999512 5117256.14990234 2258.10009766 66 68 84 2.000000 21.000000
561730.17001343 5117254.09008789 2256.79003906 86 90 104 2.000000 21.000000
561749.97000122 5117248.68994141 2219.48999023 60 64 80 2.000000 21.000000
561761.91000366 5117246.17993164 2217.77001953 56 58 72 2.000000 21.000000
561768.24000549 5117244.66992188 2212.00000000 65 69 84 2.000000 21.000000
561772.38000488 5117242.41992188 2214.08007813 61 66 80 2.000000 21.000000
561756.30000305 5117245.86010742 2218.77001953 54 58 73 2.000000 21.000000
561744.17999268 5117248.46997070 2223.07006836 60 66 82 2.000000 21.000000
561733.14001465 5117251.47998047 2244.33007813 62 65 80 2.000000 21.000000
561726.41000366 5117253.44995117 2261.05004883 91 97 113 2.000000 21.000000
561718.51998901 5117255.13989258 2263.55004883 78 83 100 2.000000 21.000000
561708.41000366 5117257.54003906 2273.10009766 93 105 124 2.000000 21.000000
561700.42999268 5117259.38989258 2279.68994141 92 105 126 2.000000 21.000000
561675.23001099 5117264.63989258 2283.31005859 238 239 229 2.000000 21.000000
561630.52999878 5117272.59008789 2251.87988281 237 237 225 2.000000 21.000000
561622.57000732 5117274.01000977 2246.50000000 236 236 224 2.000000 21.000000
561608.52999878 5117276.52001953 2237.04003906 234 234 224 2.000000 21.000000
561588.25000000 5117280.14990234 2223.42993164 232 234 222 2.000000 21.000000
561580.02999878 5117281.60009766 2217.64990234 236 236 226 2.000000 21.000000
561573.86999512 5117282.70996094 2213.67993164 240 238 228 2.000000 21.000000
561530.17001343 5117290.60009766 2186.53002930 246 246 240 2.000000 21.000000
561511.04998779 5117293.98999023 2172.86010742 237 239 230 2.000000 21.000000
561504.73999023 5117295.15991211 2169.77001953 230 228 216 2.000000 21.000000
561468.34002686 5117301.65991211 2145.27001953 232 230 217 2.000000 21.000000
561455.07000732 5117302.34008789 2139.59008789 230 230 217 2.000000 21.000000
561463.52001953 5117300.75000000 2143.53002930 210 211 204 2.000000 21.000000
561472.09002686 5117299.17993164 2148.72998047 222 222 209 2.000000 21.000000
561483.00000000 5117297.26000977 2157.76000977 218 215 200 2.000000 21.000000
561491.70999146 5117295.73999023 2165.12011719 214 214 203 2.000000 21.000000
561497.95001221 5117294.54003906 2167.26000977 234 232 218 2.000000 21.000000
561514.79000854 5117291.38989258 2175.81005859 234 236 227 2.000000 21.000000
561525.35000610 5117289.45996094 2182.39990234 247 247 240 2.000000 21.000000
561535.92001343 5117287.55004883 2189.68994141 244 246 240 2.000000 21.000000
561542.23999023 5117286.40991211 2194.04003906 246 246 238 2.000000 21.000000
561546.45001221 5117285.65991211 2197.09008789 241 240 231 2.000000 21.000000
561550.64001465 5117284.90991211 2200.12988281 243 242 232 2.000000 21.000000
561556.91000366 5117283.78002930 2204.60009766 240 239 229 2.000000 21.000000
561563.10000610 5117282.62988281 2208.00000000 238 237 227 2.000000 21.000000
561569.27999878 5117281.48999023 2211.46997070 237 235 225 2.000000 21.000000
561583.67001343 5117278.86010742 2220.40991211 234 236 224 2.000000 21.000000
561591.83999634 5117277.37988281 2226.02001953 236 238 226 2.000000 21.000000
561597.94000244 5117276.28002930 2230.26000977 236 236 224 2.000000 21.000000
561602.00000000 5117275.55004883 2233.20996094 236 235 224 2.000000 21.000000
561612.07000732 5117273.71997070 2239.73999023 234 234 223 2.000000 21.000000
561618.10000610 5117272.62988281 2243.86010742 235 234 222 2.000000 21.000000
561626.07998657 5117271.18994141 2249.27001953 236 236 224 2.000000 21.000000
561634.00000000 5117269.76000977 2254.71997070 236 236 224 2.000000 21.000000
561643.82998657 5117267.97998047 2261.40991211 238 237 226 2.000000 21.000000
561649.70001221 5117266.91992188 2265.34008789 236 236 224 2.000000 21.000000
561655.52999878 5117265.87011719 2269.42993164 236 236 224 2.000000 21.000000
561661.35000610 5117264.82006836 2273.53002930 236 236 225 2.000000 21.000000
561667.13000488 5117263.78002930 2277.57006836 238 238 226 2.000000 21.000000
561678.58999634 5117261.72998047 2285.90991211 240 240 228 2.000000 21.000000
561684.26000977 5117260.71997070 2290.31005859 119 131 147 2.000000 21.000000
561690.14001465 5117259.39990234 2287.12988281 107 122 141 2.000000 21.000000
561704.01998901 5117256.17993164 2276.98999023 91 103 124 2.000000 21.000000
561712.04998779 5117254.28002930 2270.08007813 106 120 136 2.000000 21.000000
561735.42001343 5117248.14990234 2233.12011719 62 66 82 2.000000 21.000000
561739.60998535 5117247.13989258 2228.85009766 62 66 80 2.000000 21.000000
561749.86000061 5117244.81005859 2222.82006836 62 68 83 2.000000 21.000000
561759.63999939 5117242.85009766 2223.96997070 53 56 72 2.000000 21.000000
561765.72999573 5117241.50000000 2221.31005859 58 62 78 2.000000 21.000000
561771.64999390 5117240.27001953 2220.84008789 60 66 81 2.000000 21.000000
561770.97999573 5117239.07006836 2225.82006836 60 66 82 2.000000 21.000000
561759.11000061 5117241.59008789 2228.78002930 52 55 71 2.000000 21.000000
561745.30000305 5117244.46997070 2231.00000000 60 66 82 2.000000 21.000000
561729.92001343 5117248.70996094 2262.17993164 63 67 81 2.000000 21.000000
561725.92001343 5117249.62988281 2265.06005859 78 84 100 2.000000 21.000000
561720.00000000 5117250.92993164 2267.71997070 96 105 120 2.000000 21.000000
561696.20001221 5117256.35009766 2284.11010742 94 106 126 2.000000 21.000000
561671.16000366 5117261.30004883 2280.80004883 240 236 226 2.000000 21.000000
561638.08999634 5117267.17993164 2258.03002930 236 235 224 2.000000 21.000000
561575.48999023 5117278.35009766 2216.02001953 238 236 226 2.000000 21.000000
561519.11999512 5117288.43994141 2179.28002930 234 233 224 2.000000 21.000000
561506.50000000 5117290.73999023 2172.27001953 238 238 226 2.000000 21.000000
561489.42999268 5117293.79003906 2160.75000000 224 222 210 2.000000 21.000000
561478.70001221 5117295.69995117 2153.48999023 220 219 207 2.000000 21.000000
561458.07000732 5117297.68994141 2142.35009766 234 232 224 2.000000 21.000000
561464.46997070 5117296.51000977 2146.08007813 226 226 218 2.000000 21.000000
561494.32998657 5117291.05004883 2164.10009766 234 233 220 2.000000 21.000000
561500.75000000 5117289.88989258 2168.53002930 237 237 225 2.000000 21.000000
561528.16000366 5117284.87011719 2185.10009766 244 244 235 2.000000 21.000000
561532.35000610 5117284.11010742 2187.73999023 244 244 238 2.000000 21.000000
561538.64001465 5117282.96997070 2191.88989258 246 244 238 2.000000 21.000000
561553.29000854 5117280.34008789 2202.14990234 244 244 234 2.000000 21.000000
561559.54000854 5117279.21997070 2206.62988281 234 235 226 2.000000 21.000000
561586.26998901 5117274.35009766 2223.37011719 236 238 226 2.000000 21.000000
561594.42001343 5117272.88989258 2229.07006836 236 236 225 2.000000 21.000000
561604.57000732 5117271.07006836 2236.45996094 234 234 224 2.000000 21.000000
561620.66000366 5117268.14990234 2246.75000000 234 234 221 2.000000 21.000000
561628.64001465 5117266.69995117 2251.86010742 234 234 222 2.000000 21.000000
561652.26000977 5117262.42993164 2267.80004883 236 236 224 2.000000 21.000000
561658.10998535 5117261.37988281 2271.86010742 236 236 224 2.000000 21.000000
561681.17001343 5117257.25000000 2288.26000977 238 236 224 2.000000 21.000000
561686.85998535 5117256.21997070 2292.19995117 115 131 147 2.000000 21.000000
561692.76998901 5117254.87011719 2288.27001953 98 110 130 2.000000 21.000000
561700.77999878 5117252.91992188 2280.01000977 97 107 128 2.000000 21.000000
561706.76998901 5117251.53002930 2275.47998047 106 119 134 2.000000 21.000000
561714.69000244 5117249.75000000 2271.33007813 84 97 114 2.000000 21.000000
561733.50000000 5117244.95996094 2245.56005859 62 66 80 2.000000 21.000000
561737.82000732 5117243.82006836 2238.40991211 60 65 80 2.000000 21.000000
561741.89999390 5117242.87011719 2235.57006836 56 64 80 2.000000 21.000000
561747.83000183 5117241.62011719 2234.67993164 70 74 90 2.000000 21.000000
561750.13000488 5117240.94995117 2229.25000000 68 72 88 2.000000 21.000000
561753.80000305 5117240.34008789 2233.07006836 56 60 74 2.000000 21.000000
561757.44000244 5117239.72998047 2236.89990234 52 55 70 2.000000 21.000000
561764.05999756 5117237.96997070 2225.89990234 69 74 90 2.000000 21.000000
561770.46000671 5117235.08007813 2229.27001953 59 65 80 2.000000 21.000000
561758.53999329 5117237.60009766 2232.22998047 65 69 85 2.000000 21.000000
561742.32998657 5117241.18994141 2240.62011719 56 64 78 2.000000 21.000000
561729.22000122 5117244.76000977 2265.75000000 62 66 80 2.000000 21.000000
561725.19000244 5117245.68994141 2268.80004883 64 70 86 2.000000 21.000000
561719.27999878 5117246.94995117 2270.68994141 98 112 124 2.000000 21.000000
561676.13000488 5117256.21997070 2285.18994141 234 232 220 2.000000 21.000000
561666.54998779 5117257.90991211 2278.29003906 236 235 222 2.000000 21.000000
561647.14001465 5117261.36010742 2265.04003906 234 234 222 2.000000 21.000000
561641.26000977 5117262.39990234 2261.11010742 234 234 222 2.000000 21.000000
561633.36999512 5117263.81005859 2255.84008789 234 234 220 2.000000 21.000000
561615.44000244 5117267.01000977 2244.13989258 234 234 221 2.000000 21.000000
561609.42001343 5117268.09008789 2240.21997070 235 234 224 2.000000 21.000000
561599.30999756 5117269.87988281 2233.32006836 239 238 227 2.000000 21.000000
561580.95001221 5117273.14990234 2220.89990234 236 234 224 2.000000 21.000000
561570.70001221 5117275.00000000 2214.65991211 241 240 230 2.000000 21.000000
561566.57998657 5117275.72998047 2211.90991211 243 242 232 2.000000 21.000000
561547.83999634 5117279.04003906 2198.60009766 246 244 236 2.000000 21.000000
561543.64999390 5117279.78002930 2195.77001953 244 244 236 2.000000 21.000000
561522.66000366 5117283.56005859 2182.77001953 214 214 202 2.000000 21.000000
561514.25000000 5117285.09008789 2177.89990234 232 232 220 2.000000 21.000000
561507.92001343 5117286.22998047 2174.18994141 239 237 227 2.000000 21.000000
561484.45001221 5117290.41992188 2158.77001953 216 213 200 2.000000 21.000000
561480.19000244 5117291.18994141 2156.13989258 225 224 213 2.000000 21.000000
561473.77001953 5117292.35009766 2152.15991211 222 222 210 2.000000 21.000000
561467.41998291 5117293.52001953 2148.95996094 214 214 203 2.000000 21.000000
561460.51000977 5117293.07006836 2144.55004883 233 235 226 2.000000 21.000000
561488.20999146 5117288.03002930 2161.85009766 228 228 214 2.000000 21.000000
561496.73999023 5117286.50000000 2167.72998047 236 236 226 2.000000 21.000000
561503.08999634 5117285.34008789 2171.67993164 232 231 222 2.000000 21.000000
561517.80999756 5117282.64990234 2180.58007813 231 230 219 2.000000 21.000000
561534.55999756 5117279.58007813 2190.36010742 244 242 236 2.000000 21.000000
561555.45001221 5117275.81005859 2204.33007813 244 244 236 2.000000 21.000000
561561.69000244 5117274.68994141 2208.68994141 238 240 230 2.000000 21.000000
561574.10998535 5117272.46997070 2217.50000000 239 237 228 2.000000 21.000000
561588.45001221 5117269.86010742 2226.43994141 238 236 227 2.000000 21.000000
561622.85000610 5117263.64990234 2249.62011719 234 234 222 2.000000 21.000000
561636.79000854 5117261.12011719 2258.51000977 234 233 220 2.000000 21.000000
561654.48999023 5117257.90991211 2269.89990234 236 234 222 2.000000 21.000000
561660.35000610 5117256.85009766 2273.82006836 236 234 222 2.000000 21.000000
561670.02999878 5117255.12011719 2280.67993164 237 235 224 2.000000 21.000000
561683.39999390 5117252.73999023 2290.52001953 234 232 222 2.000000 21.000000
561689.08999634 5117251.70996094 2294.27001953 116 126 148 2.000000 21.000000
561695.10000610 5117250.22998047 2287.37988281 91 103 122 2.000000 21.000000
561699.11999512 5117249.23999023 2282.98999023 106 116 137 2.000000 21.000000
561703.10000610 5117248.32006836 2279.96997070 108 121 137 2.000000 21.000000
561709.04998779 5117246.96997070 2276.55004883 98 109 127 2.000000 21.000000
561714.92999268 5117245.68994141 2274.77001953 96 109 126 2.000000 21.000000
561733.61999512 5117240.97998047 2250.81005859 61 65 80 2.000000 21.000000
561739.45001221 5117239.79003906 2250.98999023 80 88 102 2.000000 21.000000
561745.22000122 5117238.63989258 2251.91992188 68 74 90 2.000000 21.000000
561747.91999817 5117237.63989258 2239.86010742 66 72 88 2.000000 21.000000
561753.46000671 5117236.66992188 2244.40991211 72 76 92 2.000000 21.000000
561762.21000671 5117234.36010742 2230.21997070 68 73 90 2.000000 21.000000
561771.63999939 5117230.75000000 2233.17993164 56 62 77 2.000000 21.000000
561759.85000610 5117233.19995117 2234.66992188 70 74 91 2.000000 21.000000
561751.11000061 5117235.48999023 2248.84008789 72 76 92 2.000000 21.000000
561739.01000977 5117238.21997070 2256.48999023 85 94 108 2.000000 21.000000
561732.67001343 5117239.85009766 2265.75000000 62 67 81 2.000000 21.000000
561728.58999634 5117240.83007813 2269.86010742 64 69 82 2.000000 21.000000
561722.64999390 5117242.14990234 2273.01000977 81 91 106 2.000000 21.000000
561693.02999878 5117248.84008789 2291.98999023 92 104 125 2.000000 21.000000
561677.79998779 5117251.72998047 2286.68994141 238 236 224 2.000000 21.000000
561648.97000122 5117256.84008789 2266.93994141 234 234 220 2.000000 21.000000
561643.10998535 5117257.88989258 2263.25000000 234 232 221 2.000000 21.000000
561629.33999634 5117260.35009766 2254.43994141 235 234 222 2.000000 21.000000
561617.41000366 5117262.47998047 2246.63989258 236 236 225 2.000000 21.000000
561611.42001343 5117263.56005859 2243.14990234 237 238 228 2.000000 21.000000
561605.39001465 5117264.62988281 2239.07006836 238 238 228 2.000000 21.000000
561601.35000610 5117265.34008789 2236.14990234 236 236 226 2.000000 21.000000
561595.26998901 5117266.40991211 2231.78002930 236 236 224 2.000000 21.000000
561583.02999878 5117268.60009766 2223.92993164 240 240 231 2.000000 21.000000
561549.92999268 5117274.45996094 2201.07006836 246 244 235 2.000000 21.000000
561539.47000122 5117276.32006836 2194.18994141 244 242 235 2.000000 21.000000
561529.00000000 5117278.19995117 2187.76000977 237 237 228 2.000000 21.000000
561524.79000854 5117278.95996094 2185.14990234 220 219 209 2.000000 21.000000
561510.10998535 5117281.63989258 2177.39990234 238 238 228 2.000000 21.000000
561490.97000122 5117285.06005859 2164.85009766 236 236 225 2.000000 21.000000
561476.11999512 5117287.73999023 2156.20996094 222 221 211 2.000000 21.000000
561469.67999268 5117288.87988281 2151.73999023 232 231 219 2.000000 21.000000
561462.50000000 5117288.53002930 2146.59008789 230 229 218 2.000000 21.000000
561479.76000977 5117285.43994141 2158.89990234 222 221 210 2.000000 21.000000
561498.88000488 5117281.94995117 2170.39990234 233 233 223 2.000000 21.000000
561505.29998779 5117280.80004883 2174.97998047 236 236 225 2.000000 21.000000
561513.76000977 5117279.25000000 2180.04003906 234 234 222 2.000000 21.000000
561520.02999878 5117278.08007813 2183.12988281 235 235 223 2.000000 21.000000
561543.13000488 5117273.86010742 2197.13989258 244 244 232 2.000000 21.000000
561557.77999878 5117271.21997070 2206.97998047 244 244 234 2.000000 21.000000
561564.01998901 5117270.10009766 2211.11010742 237 236 226 2.000000 21.000000
561568.17999268 5117269.35009766 2213.90991211 241 239 230 2.000000 21.000000
561576.45001221 5117267.86010742 2219.45996094 237 236 228 2.000000 21.000000
561590.82998657 5117265.27001953 2229.41992188 238 238 228 2.000000 21.000000
561633.14001465 5117257.63989258 2257.55004883 236 237 226 2.000000 21.000000
561656.70001221 5117253.35009766 2272.27001953 236 232 220 2.000000 21.000000
561662.51000977 5117252.30004883 2276.12011719 236 234 222 2.000000 21.000000
561672.14001465 5117250.56005859 2282.62988281 238 236 224 2.000000 21.000000
561685.42001343 5117248.18994141 2292.15991211 231 231 224 2.000000 21.000000
561697.11999512 5117245.59008789 2286.86010742 98 112 130 2.000000 21.000000
561701.07998657 5117244.65991211 2283.64990234 103 115 132 2.000000 21.000000
561706.98001099 5117243.33007813 2280.45996094 106 116 134 2.000000 21.000000
561712.79998779 5117242.08007813 2279.19995117 101 113 130 2.000000 21.000000
561718.70001221 5117240.77001953 2276.31005859 106 118 136 2.000000 21.000000
561736.79998779 5117236.50000000 2261.58007813 70 74 91 2.000000 21.000000
561742.94000244 5117235.03002930 2255.73999023 83 92 106 2.000000 21.000000
561748.77999878 5117233.79003906 2254.84008789 59 65 81 2.000000 21.000000
561757.35000610 5117231.55004883 2241.97998047 76 80 97 2.000000 21.000000
561763.77999878 5117229.90991211 2233.29003906 60 66 82 2.000000 21.000000
561774.50000000 5117225.87988281 2235.91992188 58 64 79 2.000000 21.000000
561768.63999939 5117227.11010742 2236.98999023 58 63 79 2.000000 21.000000
561756.36000061 5117229.95996094 2246.82006836 83 89 105 2.000000 21.000000
561753.86000061 5117230.79003906 2255.35009766 74 80 96 2.000000 21.000000
561725.97000122 5117237.09008789 2272.72998047 60 67 84 2.000000 21.000000
561694.52999878 5117244.12988281 2290.88989258 100 112 132 2.000000 21.000000
561692.47000122 5117244.71997070 2295.52001953 106 118 138 2.000000 21.000000
561681.13000488 5117246.79003906 2289.32006836 237 236 221 2.000000 21.000000
561667.80999756 5117249.13989258 2280.17993164 236 236 222 2.000000 21.000000
561652.35998535 5117251.89990234 2270.18994141 236 234 223 2.000000 21.000000
561644.54998779 5117253.30004883 2265.27001953 237 236 225 2.000000 21.000000
561638.66000366 5117254.35009766 2261.61010742 238 240 230 2.000000 21.000000
561624.82000732 5117256.84008789 2253.27001953 240 240 230 2.000000 21.000000
561618.83999634 5117257.90991211 2249.28002930 237 238 228 2.000000 21.000000
561612.82998657 5117258.95996094 2244.80004883 239 239 230 2.000000 21.000000
561606.79000854 5117260.02001953 2240.47998047 236 236 226 2.000000 21.000000
561596.67001343 5117261.81005859 2233.53002930 241 242 232 2.000000 21.000000
561586.50000000 5117263.62011719 2226.84008789 239 240 228 2.000000 21.000000
561572.14999390 5117266.16992188 2217.20996094 238 236 228 2.000000 21.000000
561553.51000977 5117269.48999023 2204.89990234 238 236 227 2.000000 21.000000
561534.72000122 5117272.83007813 2192.68994141 226 224 215 2.000000 21.000000
561530.52999878 5117273.58007813 2189.91992188 231 229 219 2.000000 21.000000
561492.66000366 5117280.41992188 2167.67993164 234 233 223 2.000000 21.000000
561486.27001953 5117281.56005859 2163.51000977 226 226 214 2.000000 21.000000
561471.34997559 5117284.22998047 2153.96997070 232 231 220 2.000000 21.000000
561464.91998291 5117285.37011719 2149.81005859 222 222 208 2.000000 21.000000
561458.32000732 5117286.48999023 2143.85009766 224 224 214 2.000000 21.000000
561475.85998535 5117281.87011719 2157.48999023 234 234 222 2.000000 21.000000
561499.32000732 5117277.62988281 2173.01000977 230 230 220 2.000000 21.000000
561507.79000854 5117276.10009766 2178.36010742 232 232 222 2.000000 21.000000
561516.16000366 5117274.55004883 2182.88989258 233 233 221 2.000000 21.000000
561522.42999268 5117273.37988281 2186.00000000 232 232 220 2.000000 21.000000
561539.17999268 5117270.32006836 2196.21997070 228 227 216 2.000000 21.000000
561545.44000244 5117269.18994141 2200.15991211 236 238 222 2.000000 21.000000
561559.98999023 5117266.55004883 2209.52001953 237 236 224 2.000000 21.000000
561578.54000854 5117263.19995117 2221.66992188 234 234 226 2.000000 21.000000
561600.92999268 5117259.14990234 2236.29003906 239 240 230 2.000000 21.000000
561628.98001099 5117254.14990234 2256.43994141 240 241 232 2.000000 21.000000
561658.35998535 5117248.80004883 2274.70996094 236 235 224 2.000000 21.000000
561673.76000977 5117246.00000000 2284.66992188 236 236 222 2.000000 21.000000
561687.05999756 5117243.61010742 2293.65991211 221 222 226 2.000000 21.000000
561698.77999878 5117240.98999023 2288.07006836 109 122 140 2.000000 21.000000
561704.69000244 5117239.63989258 2284.52001953 105 116 135 2.000000 21.000000
561710.48999023 5117238.42993164 2284.12011719 110 122 140 2.000000 21.000000
561716.39999390 5117237.11010742 2281.21997070 94 108 130 2.000000 21.000000
561722.38000488 5117235.71997070 2276.90991211 85 91 110 2.000000 21.000000
561730.38000488 5117233.87011719 2271.43994141 66 67 88 2.000000 21.000000
561734.52999878 5117232.83007813 2266.39990234 61 67 86 2.000000 21.000000
561740.54000854 5117231.45996094 2262.83007813 96 106 122 2.000000 21.000000
561746.42999268 5117230.17993164 2261.20996094 72 80 96 2.000000 21.000000
561759.50000000 5117226.68994141 2239.66992188 66 72 90 2.000000 21.000000
561767.13999939 5117225.18994141 2241.50000000 60 64 81 2.000000 21.000000
561775.83000183 5117221.51000977 2240.27001953 62 68 82 2.000000 21.000000
561771.72000122 5117222.46997070 2243.69995117 61 66 80 2.000000 21.000000
561758.16000366 5117225.25000000 2244.42993164 65 70 87 2.000000 21.000000
561751.24000549 5117227.29003906 2261.30004883 72 78 94 2.000000 21.000000
561727.32000732 5117232.67993164 2275.76000977 68 71 90 2.000000 21.000000
561669.10998535 5117244.70996094 2282.14990234 236 236 222 2.000000 21.000000
561663.35000610 5117245.73999023 2278.52001953 236 236 224 2.000000 21.000000
561653.67999268 5117247.46997070 2272.40991211 238 236 226 2.000000 21.000000
561647.85000610 5117248.52001953 2268.75000000 240 240 230 2.000000 21.000000
561640.02999878 5117249.91992188 2263.97998047 244 244 235 2.000000 21.000000
561634.13000488 5117250.96997070 2260.20996094 242 242 234 2.000000 21.000000
561592.10998535 5117258.39990234 2231.26000977 236 236 225 2.000000 21.000000
561581.94000244 5117260.20996094 2224.73999023 240 239 228 2.000000 21.000000
561573.75000000 5117261.65991211 2219.19995117 240 240 231 2.000000 21.000000
561567.60000610 5117262.76000977 2215.29003906 240 240 229 2.000000 21.000000
561555.23001099 5117264.96997070 2207.42993164 236 234 222 2.000000 21.000000
561549.01998901 5117266.08007813 2203.44995117 225 226 214 2.000000 21.000000
561526.10000610 5117270.18994141 2189.11010742 230 229 217 2.000000 21.000000
561511.48999023 5117272.85009766 2181.17993164 230 230 219 2.000000 21.000000
561503.07000732 5117274.36010742 2176.06005859 232 232 220 2.000000 21.000000
561494.63000488 5117275.87988281 2170.81005859 230 230 220 2.000000 21.000000
561488.25000000 5117277.01000977 2166.62011719 230 229 218 2.000000 21.000000
561481.84997559 5117278.13989258 2162.15991211 230 230 217 2.000000 21.000000
561466.82000732 5117280.79003906 2151.61010742 226 226 212 2.000000 21.000000
561460.34997559 5117281.91992188 2146.87988281 226 226 214 2.000000 21.000000
561472.03997803 5117278.10009766 2155.79003906 228 226 214 2.000000 21.000000
561516.73999023 5117270.03002930 2184.96997070 234 234 222 2.000000 21.000000
561531.38000488 5117267.32006836 2192.94995117 226 224 212 2.000000 21.000000
561541.85000610 5117265.42993164 2199.75000000 224 224 209 2.000000 21.000000
561560.57000732 5117262.03002930 2211.60009766 238 236 222 2.000000 21.000000
561587.26998901 5117257.18994141 2228.60009766 208 208 194 2.000000 21.000000
561597.44000244 5117255.35009766 2235.18994141 240 240 229 2.000000 21.000000
561603.51000977 5117254.26000977 2239.33007813 238 238 228 2.000000 21.000000
561609.55999756 5117253.16992188 2243.35009766 240 242 232 2.000000 21.000000
561615.57000732 5117252.10009766 2247.61010742 240 242 234 2.000000 21.000000
561619.57998657 5117251.39990234 2250.82006836 242 243 236 2.000000 21.000000
561625.54998779 5117250.33007813 2255.14990234 242 242 234 2.000000 21.000000
561643.29998779 5117247.12988281 2266.73999023 244 244 234 2.000000 21.000000
561676.14999390 5117241.15991211 2287.31005859 235 235 223 2.000000 21.000000
561681.85000610 5117240.12988281 2291.10009766 238 237 224 2.000000 21.000000
561689.39001465 5117238.77001953 2296.11010742 178 186 186 2.000000 21.000000
561695.16000366 5117237.56005859 2295.34008789 110 124 141 2.000000 21.000000
561699.16000366 5117236.56005859 2290.65991211 113 125 145 2.000000 21.000000
561704.98001099 5117235.29003906 2288.79003906 100 112 134 2.000000 21.000000
561710.75000000 5117234.08007813 2288.08007813 110 120 140 2.000000 21.000000
561716.64999390 5117232.72998047 2284.39990234 100 110 130 2.000000 21.000000
561720.66000366 5117231.76000977 2280.62011719 101 107 128 2.000000 21.000000
561732.60000610 5117228.98999023 2272.28002930 91 100 120 2.000000 21.000000
561736.64001465 5117228.02001953 2268.69995117 80 90 110 2.000000 21.000000
561740.19000244 5117227.46997070 2273.44995117 85 97 115 2.000000 21.000000
561744.35000610 5117226.41992188 2268.09008789 78 88 104 2.000000 21.000000
561750.22999573 5117225.12988281 2265.91992188 70 76 91 2.000000 21.000000
561754.88000488 5117223.69995117 2253.52001953 76 82 96 2.000000 21.000000
561761.00999451 5117222.25000000 2248.45996094 66 70 86 2.000000 21.000000
561766.60000610 5117221.18994141 2250.76000977 62 66 80 2.000000 21.000000
561772.52999878 5117219.87011719 2248.17993164 62 68 82 2.000000 21.000000
561780.80000305 5117216.29003906 2241.94995117 64 68 82 2.000000 21.000000
561754.58000183 5117222.28002930 2259.64990234 74 80 95 2.000000 21.000000
561748.08999634 5117224.03002930 2270.98999023 64 70 85 2.000000 21.000000
561726.54998779 5117228.70996094 2279.16992188 98 106 124 2.000000 21.000000
561670.39999390 5117240.28002930 2284.19995117 236 236 224 2.000000 21.000000
561664.64999390 5117241.31005859 2280.56005859 238 237 226 2.000000 21.000000
561658.86999512 5117242.35009766 2277.07006836 236 236 226 2.000000 21.000000
561649.17001343 5117244.09008789 2271.43994141 239 240 230 2.000000 21.000000
561635.48999023 5117246.51000977 2262.04003906 242 242 235 2.000000 21.000000
561629.57998657 5117247.55004883 2258.01000977 242 242 234 2.000000 21.000000
561577.30999756 5117256.80004883 2222.61010742 237 236 225 2.000000 21.000000
561569.11999512 5117258.27001953 2217.63989258 225 224 211 2.000000 21.000000
561550.58999634 5117261.61010742 2206.64990234 238 239 225 2.000000 21.000000
561535.98999023 5117264.18994141 2196.77001953 231 230 218 2.000000 21.000000
561521.41000366 5117266.85009766 2188.84008789 231 231 220 2.000000 21.000000
561506.64999390 5117269.47998047 2179.48999023 232 232 221 2.000000 21.000000
561498.17001343 5117270.98999023 2173.94995117 231 231 220 2.000000 21.000000
561489.69000244 5117272.51000977 2168.67993164 232 230 220 2.000000 21.000000
561483.32000732 5117273.64990234 2164.80004883 227 225 213 2.000000 21.000000
561476.82000732 5117274.77001953 2159.63989258 227 225 212 2.000000 21.000000
561461.78002930 5117277.41992188 2149.40991211 231 232 220 2.000000 21.000000
561457.09002686 5117276.37988281 2147.02001953 227 227 216 2.000000 21.000000
561465.65002441 5117274.83007813 2152.59008789 229 228 216 2.000000 21.000000
561493.42001343 5117269.86010742 2171.63989258 232 232 220 2.000000 21.000000
561501.86999512 5117268.32006836 2176.81005859 231 230 220 2.000000 21.000000
561510.32000732 5117266.80004883 2182.36010742 234 232 222 2.000000 21.000000
561525.04998779 5117264.13989258 2191.92993164 230 230 218 2.000000 21.000000
561543.79000854 5117260.69995117 2202.65991211 236 236 224 2.000000 21.000000
561554.22000122 5117258.83007813 2209.78002930 210 210 198 2.000000 21.000000
561562.48001099 5117257.32006836 2214.52001953 197 199 188 2.000000 21.000000
561572.79000854 5117255.43994141 2220.85009766 200 198 185 2.000000 21.000000
561580.98001099 5117253.94995117 2225.78002930 237 235 222 2.000000 21.000000
561589.16000366 5117252.46997070 2231.00000000 218 216 200 2.000000 21.000000
561599.32998657 5117250.63989258 2237.63989258 210 209 196 2.000000 21.000000
561605.41000366 5117249.55004883 2241.82006836 240 238 228 2.000000 21.000000
561611.45999146 5117248.46997070 2246.03002930 238 238 228 2.000000 21.000000
561621.48001099 5117246.67993164 2252.96997070 242 241 233 2.000000 21.000000
561639.32000732 5117243.47998047 2265.00000000 241 240 234 2.000000 21.000000
561653.00000000 5117241.04003906 2274.60009766 242 242 232 2.000000 21.000000
561677.98999023 5117236.48999023 2289.69995117 238 238 228 2.000000 21.000000
561683.67999268 5117235.45996094 2293.28002930 238 238 228 2.000000 21.000000
561691.20001221 5117234.11010742 2298.40991211 116 131 145 2.000000 21.000000
561697.01000977 5117232.84008789 2296.46997070 114 127 142 2.000000 21.000000
561702.85000610 5117231.53002930 2293.51000977 104 118 134 2.000000 21.000000
561708.58999634 5117230.35009766 2293.58007813 102 113 131 2.000000 21.000000
561714.52999878 5117228.93994141 2288.73999023 105 117 136 2.000000 21.000000
561718.55999756 5117227.93994141 2284.28002930 93 104 123 2.000000 21.000000
561730.44000244 5117225.21997070 2276.87988281 94 107 127 2.000000 21.000000
561736.16000366 5117224.06005859 2277.34008789 89 100 120 2.000000 21.000000
561741.82998657 5117222.93994141 2278.48999023 87 100 119 2.000000 21.000000
561751.80000305 5117220.63989258 2271.78002930 68 78 94 2.000000 21.000000
561754.08000183 5117219.95996094 2266.30004883 65 73 88 2.000000 21.000000
561758.36999512 5117218.83007813 2259.66992188 74 78 92 2.000000 21.000000
561764.21000671 5117217.58007813 2258.36010742 64 70 85 2.000000 21.000000
561770.02999878 5117216.34008789 2257.37988281 63 70 83 2.000000 21.000000
561774.27999878 5117215.26000977 2252.00000000 65 71 83 2.000000 21.000000
561778.47000122 5117214.22998047 2247.46997070 68 74 86 2.000000 21.000000
561759.82000732 5117217.23999023 2268.71997070 72 76 90 2.000000 21.000000
561747.77999878 5117220.01000977 2277.32006836 64 72 86 2.000000 21.000000
561737.92999268 5117222.20996094 2282.48999023 86 98 119 2.000000 21.000000
561726.45999146 5117224.51000977 2282.13989258 98 111 130 2.000000 21.000000
561672.35000610 5117235.64990234 2286.84008789 240 240 231 2.000000 21.000000
561666.60998535 5117236.66992188 2283.29003906 239 239 229 2.000000 21.000000
561660.83999634 5117237.71997070 2280.05004883 238 237 227 2.000000 21.000000
561645.33999634 5117240.46997070 2270.06005859 241 241 231 2.000000 21.000000
561631.60000610 5117242.87988281 2260.46997070 242 242 233 2.000000 21.000000
561625.67001343 5117243.91992188 2256.16992188 240 239 231 2.000000 21.000000
561615.73999023 5117245.67993164 2249.77001953 236 236 226 2.000000 21.000000
561593.60000610 5117249.58007813 2234.60009766 212 208 186 2.000000 21.000000
561538.10998535 5117259.47998047 2200.08007813 235 234 223 2.000000 21.000000
561531.88000488 5117260.61010742 2196.61010742 229 229 217 2.000000 21.000000
561517.20001221 5117263.21997070 2187.27001953 232 232 221 2.000000 21.000000
561485.45001221 5117268.87011719 2166.98999023 232 232 221 2.000000 21.000000
561479.01000977 5117269.98999023 2162.31005859 234 231 220 2.000000 21.000000
561472.59997559 5117271.12988281 2158.08007813 226 225 213 2.000000 21.000000
561460.30999756 5117271.41992188 2150.25000000 236 234 224 2.000000 21.000000
561466.73999023 5117270.28002930 2154.66992188 236 236 225 2.000000 21.000000
561490.20001221 5117266.05004883 2170.02001953 236 236 225 2.000000 21.000000
561496.58999634 5117264.91992188 2174.54003906 234 232 222 2.000000 21.000000
561505.04000854 5117263.37988281 2179.68994141 234 234 222 2.000000 21.000000
561521.89999390 5117260.35009766 2190.75000000 233 233 222 2.000000 21.000000
561544.89001465 5117256.19995117 2205.41992188 233 233 221 2.000000 21.000000
561549.05999756 5117255.44995117 2208.23999023 236 236 224 2.000000 21.000000
561555.27999878 5117254.34008789 2212.47998047 220 218 206 2.000000 21.000000
561563.51998901 5117252.84008789 2217.21997070 217 218 206 2.000000 21.000000
561573.75000000 5117250.95996094 2223.10009766 219 215 202 2.000000 21.000000
561581.92001343 5117249.47998047 2228.18994141 208 204 188 2.000000 21.000000
561602.16000366 5117245.83007813 2240.95996094 239 235 224 2.000000 21.000000
561608.19000244 5117244.75000000 2245.14990234 233 232 220 2.000000 21.000000
561635.95001221 5117239.79003906 2264.20996094 240 240 232 2.000000 21.000000
561649.58999634 5117237.36010742 2273.65991211 238 237 228 2.000000 21.000000
561655.39001465 5117236.32006836 2277.45996094 238 238 228 2.000000 21.000000
561680.23999023 5117231.81005859 2292.65991211 242 241 232 2.000000 21.000000
561685.91000366 5117230.78002930 2296.18994141 239 240 230 2.000000 21.000000
561693.41000366 5117229.42993164 2301.16992188 122 136 150 2.000000 21.000000
561699.23001099 5117228.13989258 2298.62011719 112 123 139 2.000000 21.000000
561704.89999390 5117227.03002930 2300.04003906 107 123 140 2.000000 21.000000
561710.92001343 5117225.51000977 2292.70996094 109 120 136 2.000000 21.000000
561716.89999390 5117224.08007813 2287.51000977 95 106 123 2.000000 21.000000
561722.73001099 5117222.83007813 2286.09008789 100 113 132 2.000000 21.000000
561730.67999268 5117220.97998047 2280.50000000 94 107 124 2.000000 21.000000
561742.07000732 5117218.69995117 2282.06005859 83 94 111 2.000000 21.000000
561751.82000732 5117216.56005859 2278.45996094 67 77 92 2.000000 21.000000
561764.19000244 5117213.51000977 2265.37011719 74 83 96 2.000000 21.000000
561768.25999451 5117212.54003906 2261.93994141 70 80 93 2.000000 21.000000
561772.49000549 5117211.46997070 2256.72998047 55 62 76 2.000000 21.000000
561776.60000610 5117210.48999023 2253.11010742 70 76 89 2.000000 21.000000
561780.66999817 5117209.54003906 2250.26000977 71 74 86 2.000000 21.000000
561784.13000488 5117207.01000977 2245.23999023 72 80 93 2.000000 21.000000
561763.00000000 5117212.34008789 2272.09008789 82 90 101 2.000000 21.000000
561758.99000549 5117213.26000977 2274.97998047 65 75 88 2.000000 21.000000
561747.11000061 5117215.93994141 2282.07006836 81 90 104 2.000000 21.000000
561739.23999023 5117217.69995117 2286.23999023 81 92 110 2.000000 21.000000
561733.60000610 5117218.79003906 2284.93994141 81 93 109 2.000000 21.000000
561727.82998657 5117219.97998047 2285.61010742 108 120 136 2.000000 21.000000
561675.75000000 5117230.71997070 2290.58007813 242 242 234 2.000000 21.000000
561668.08999634 5117232.09008789 2286.02001953 242 242 232 2.000000 21.000000
561662.32000732 5117233.12988281 2282.62011719 238 238 228 2.000000 21.000000
561640.92999268 5117236.89990234 2268.33007813 238 239 231 2.000000 21.000000
561627.11999512 5117239.31005859 2258.55004883 239 239 229 2.000000 21.000000
561621.16000366 5117240.36010742 2254.54003906 235 235 224 2.000000 21.000000
561597.02999878 5117244.62988281 2238.77001953 206 204 194 2.000000 21.000000
561588.91000366 5117246.07006836 2233.50000000 184 184 171 2.000000 21.000000
561568.45999146 5117249.73999023 2221.52001953 234 233 219 2.000000 21.000000
561539.48999023 5117254.88989258 2203.19995117 231 229 219 2.000000 21.000000
561533.23999023 5117256.00000000 2199.12988281 233 233 222 2.000000 21.000000
561526.94000244 5117257.11010742 2194.76000977 237 237 225 2.000000 21.000000
561512.20001221 5117259.69995117 2184.81005859 234 234 223 2.000000 21.000000
561482.48999023 5117264.93994141 2164.98999023 238 238 228 2.000000 21.000000
561476.10998535 5117266.07006836 2160.83007813 244 242 232 2.000000 21.000000
561463.48999023 5117266.53002930 2152.87988281 230 229 219 2.000000 21.000000
561469.91998291 5117265.37011719 2157.13989258 236 234 224 2.000000 21.000000
561486.98999023 5117262.29003906 2167.90991211 234 235 225 2.000000 21.000000
561493.41000366 5117261.14990234 2172.41992188 236 236 226 2.000000 21.000000
561499.79000854 5117260.01000977 2176.66992188 234 234 222 2.000000 21.000000
561516.76000977 5117256.96997070 2188.12988281 234 234 224 2.000000 21.000000
561550.36999512 5117250.97998047 2210.97998047 234 232 222 2.000000 21.000000
561556.57998657 5117249.85009766 2214.70996094 233 233 221 2.000000 21.000000
561575.11999512 5117246.48999023 2226.10009766 222 220 210 2.000000 21.000000
561583.30999756 5117245.01000977 2231.06005859 236 235 220 2.000000 21.000000
561603.63000488 5117241.33007813 2243.80004883 235 232 220 2.000000 21.000000
561609.67001343 5117240.25000000 2247.72998047 234 232 222 2.000000 21.000000
561615.70001221 5117239.16992188 2251.71997070 232 231 220 2.000000 21.000000
561631.64001465 5117236.32006836 2262.39990234 238 238 227 2.000000 21.000000
561645.42001343 5117233.86010742 2271.95996094 241 240 232 2.000000 21.000000
561651.29000854 5117232.82006836 2276.16992188 235 234 225 2.000000 21.000000
561657.13000488 5117231.77001953 2279.88989258 234 236 226 2.000000 21.000000
561682.11999512 5117227.25000000 2295.50000000 241 242 234 2.000000 21.000000
561687.80999756 5117226.21997070 2298.94995117 238 240 230 2.000000 21.000000
561695.32998657 5117224.87011719 2303.84008789 110 124 140 2.000000 21.000000
561700.98999023 5117223.80004883 2306.12011719 114 126 144 2.000000 21.000000
561706.98999023 5117222.30004883 2299.30004883 110 126 140 2.000000 21.000000
561713.04000854 5117220.80004883 2292.79003906 92 105 122 2.000000 21.000000
561718.91000366 5117219.50000000 2290.33007813 93 104 123 2.000000 21.000000
561736.16000366 5117215.94995117 2290.08007813 76 88 104 2.000000 21.000000
561748.33999634 5117212.97998047 2278.13989258 72 81 96 2.000000 21.000000
561750.63999939 5117212.28002930 2272.27001953 70 78 93 2.000000 21.000000
561769.17999268 5117207.77001953 2254.36010742 62 68 82 2.000000 21.000000
561773.25000000 5117206.82006836 2251.40991211 59 64 79 2.000000 21.000000
561779.96000671 5117203.37988281 2241.85009766 59 66 80 2.000000 21.000000
561764.69999695 5117207.42993164 2265.96997070 74 82 97 2.000000 21.000000
561758.66000366 5117208.83007813 2270.55004883 69 76 82 2.000000 21.000000
561742.29998779 5117212.83007813 2287.89990234 90 101 118 2.000000 21.000000
561730.76998901 5117215.22998047 2289.70996094 102 116 133 2.000000 21.000000
561724.95999146 5117216.46997070 2291.33007813 107 118 135 2.000000 21.000000
561676.95001221 5117226.26000977 2293.04003906 246 246 236 2.000000 21.000000
561671.25000000 5117227.26000977 2289.16992188 246 246 237 2.000000 21.000000
561636.42001343 5117233.41992188 2266.51000977 235 236 225 2.000000 21.000000
561622.60000610 5117235.86010742 2257.22998047 235 234 223 2.000000 21.000000
561598.63000488 5117240.08007813 2241.27001953 230 231 219 2.000000 21.000000
561592.57000732 5117241.15991211 2237.54003906 222 215 203 2.000000 21.000000
561578.36999512 5117243.69995117 2229.23999023 173 173 161 2.000000 21.000000
561570.20001221 5117245.14990234 2223.96997070 223 225 213 2.000000 21.000000
561564.04998779 5117246.23999023 2220.18994141 230 231 219 2.000000 21.000000
561545.45999146 5117249.54003906 2208.36010742 232 232 222 2.000000 21.000000
561541.29000854 5117250.26000977 2205.44995117 235 234 224 2.000000 21.000000
561535.01000977 5117251.36010742 2200.89990234 236 234 224 2.000000 21.000000
561528.70999146 5117252.45996094 2196.44995117 236 236 226 2.000000 21.000000
561522.42001343 5117253.57006836 2192.54003906 236 236 226 2.000000 21.000000
561507.60000610 5117256.16992188 2182.33007813 236 236 225 2.000000 21.000000
561503.35000610 5117256.90991211 2179.36010742 234 234 223 2.000000 21.000000
561477.78002930 5117261.43994141 2162.89990234 222 224 214 2.000000 21.000000
561458.48999023 5117264.85009766 2150.43994141 229 227 216 2.000000 21.000000
561466.38000488 5117261.69995117 2156.32006836 231 229 218 2.000000 21.000000
561472.78002930 5117260.55004883 2160.36010742 227 226 216 2.000000 21.000000
561481.28997803 5117259.00000000 2165.52001953 228 226 214 2.000000 21.000000
561489.80999756 5117257.46997070 2170.90991211 228 228 220 2.000000 21.000000
561496.20001221 5117256.33007813 2175.30004883 233 233 222 2.000000 21.000000
561513.11999512 5117253.30004883 2186.48999023 239 239 229 2.000000 21.000000
561552.92999268 5117246.22998047 2214.09008789 234 234 222 2.000000 21.000000
561559.11999512 5117245.11010742 2218.08007813 228 230 218 2.000000 21.000000
561585.70001221 5117240.31005859 2234.66992188 234 234 222 2.000000 21.000000
561605.92999268 5117236.63989258 2246.72998047 230 230 218 2.000000 21.000000
561611.94000244 5117235.55004883 2250.48999023 220 219 207 2.000000 21.000000
561617.94000244 5117234.46997070 2254.19995117 234 234 221 2.000000 21.000000
561627.88000488 5117232.68994141 2260.87011719 236 236 224 2.000000 21.000000
561641.67001343 5117230.21997070 2270.01000977 236 236 226 2.000000 21.000000
561647.51998901 5117229.17993164 2273.98999023 235 235 225 2.000000 21.000000
561653.35998535 5117228.12011719 2277.56005859 234 234 224 2.000000 21.000000
561659.17001343 5117227.07006836 2281.09008789 234 236 224 2.000000 21.000000
561664.94000244 5117226.03002930 2284.83007813 236 237 226 2.000000 21.000000
561683.92999268 5117222.64990234 2297.87011719 242 242 234 2.000000 21.000000
561689.55999756 5117221.62988281 2301.43994141 244 242 233 2.000000 21.000000
561697.02999878 5117220.29003906 2306.23999023 118 128 145 2.000000 21.000000
561704.72000122 5117218.62011719 2303.97998047 128 140 154 2.000000 21.000000
561708.73001099 5117217.60009766 2298.89990234 100 110 128 2.000000 21.000000
561714.58999634 5117216.25000000 2295.36010742 100 113 128 2.000000 21.000000
561720.33999634 5117215.03002930 2294.36010742 87 101 121 2.000000 21.000000
561733.63000488 5117212.29003906 2294.06005859 94 108 125 2.000000 21.000000
561739.35998535 5117211.06005859 2292.91992188 90 102 118 2.000000 21.000000
561743.95001221 5117209.61010742 2280.00000000 93 106 125 2.000000 21.000000
561746.39999390 5117208.76000977 2271.25000000 76 86 102 2.000000 21.000000
561750.52999878 5117207.72998047 2266.59008789 68 74 89 2.000000 21.000000
561758.30999756 5117206.05004883 2264.52001953 70 78 91 2.000000 21.000000
561764.64999390 5117204.40991211 2256.10009766 64 72 88 2.000000 21.000000
561768.80999756 5117203.37988281 2251.69995117 58 61 74 2.000000 21.000000
561772.94000244 5117202.37988281 2247.75000000 55 58 72 2.000000 21.000000
561777.91999817 5117200.79003906 2233.35009766 60 66 82 2.000000 21.000000
561780.38999939 5117198.37988281 2229.65991211 59 66 80 2.000000 21.000000
561758.85000610 5117203.92993164 2259.35009766 68 74 91 2.000000 21.000000
561741.91000366 5117208.36010742 2284.42993164 99 110 128 2.000000 21.000000
561735.32998657 5117210.29003906 2299.40991211 96 106 122 2.000000 21.000000
561728.04998779 5117211.56005859 2294.34008789 110 125 141 2.000000 21.000000
561700.89001465 5117217.61010742 2308.10009766 113 129 146 2.000000 21.000000
561678.47000122 5117221.62011719 2294.68994141 240 240 230 2.000000 21.000000
561672.82000732 5117222.62011719 2291.02001953 239 240 230 2.000000 21.000000
561632.33999634 5117229.73999023 2264.14990234 237 236 224 2.000000 21.000000
561600.52999878 5117235.38989258 2244.25000000 232 231 218 2.000000 21.000000
561594.48999023 5117236.48999023 2241.14990234 234 234 225 2.000000 21.000000
561580.26000977 5117239.00000000 2231.78002930 222 222 211 2.000000 21.000000
561574.13000488 5117240.10009766 2228.15991211 230 230 217 2.000000 21.000000
561565.92999268 5117241.57006836 2223.29003906 232 233 221 2.000000 21.000000
561547.23999023 5117244.84008789 2210.26000977 235 236 226 2.000000 21.000000
561536.73999023 5117246.65991211 2202.64990234 240 239 230 2.000000 21.000000
561530.42001343 5117247.77001953 2198.38989258 238 236 228 2.000000 21.000000
561524.10000610 5117248.88989258 2194.29003906 240 238 230 2.000000 21.000000
561517.75000000 5117250.00000000 2189.84008789 240 240 230 2.000000 21.000000
561460.26000977 5117260.18994141 2153.34008789 228 227 215 2.000000 21.000000
561467.42999268 5117257.20996094 2158.39990234 226 226 214 2.000000 21.000000
561473.85998535 5117256.07006836 2162.92993164 238 236 225 2.000000 21.000000
561482.40997314 5117254.55004883 2168.76000977 226 226 214 2.000000 21.000000
561490.85998535 5117253.01000977 2173.53002930 187 186 177 2.000000 21.000000
561497.22000122 5117251.87011719 2177.64990234 220 220 208 2.000000 21.000000
561503.52999878 5117250.70996094 2181.02001953 221 221 211 2.000000 21.000000
561507.76000977 5117249.94995117 2183.75000000 242 242 230 2.000000 21.000000
561541.44000244 5117243.93994141 2206.25000000 238 238 228 2.000000 21.000000
561556.04998779 5117241.35009766 2216.60009766 239 239 229 2.000000 21.000000
561586.86999512 5117235.84008789 2236.89990234 234 234 224 2.000000 21.000000
561607.07000732 5117232.17993164 2249.05004883 232 230 218 2.000000 21.000000
561613.10000610 5117231.08007813 2252.57006836 230 233 221 2.000000 21.000000
561621.07998657 5117229.62988281 2257.31005859 236 236 224 2.000000 21.000000
561636.88000488 5117226.80004883 2267.70996094 235 235 225 2.000000 21.000000
561667.86999512 5117221.22998047 2287.54003906 236 236 224 2.000000 21.000000
561692.39999390 5117216.84008789 2303.65991211 240 238 220 2.000000 21.000000
561707.57998657 5117213.72998047 2303.94995117 104 110 131 2.000000 21.000000
561711.51000977 5117212.80004883 2300.83007813 112 124 140 2.000000 21.000000
561717.30999756 5117211.51000977 2298.45996094 98 112 131 2.000000 21.000000
561722.97000122 5117210.37011719 2298.86010742 93 101 123 2.000000 21.000000
561730.48999023 5117208.85009766 2299.55004883 90 102 118 2.000000 21.000000
561740.51000977 5117206.39990234 2289.67993164 93 104 122 2.000000 21.000000
561747.88999939 5117203.81005859 2262.88989258 68 72 86 2.000000 21.000000
561753.71000671 5117202.57006836 2261.84008789 68 74 90 2.000000 21.000000
561760.02000427 5117200.94995117 2253.77001953 64 69 82 2.000000 21.000000
561768.13999939 5117199.05004883 2247.89990234 58 62 75 2.000000 21.000000
561772.44000244 5117197.92993164 2241.97998047 63 65 77 2.000000 21.000000
561775.38000488 5117196.81005859 2229.10009766 62 67 82 2.000000 21.000000
561779.58999634 5117195.78002930 2224.95996094 62 68 84 2.000000 21.000000
561783.86000061 5117194.70996094 2220.18994141 62 70 85 2.000000 21.000000
561784.86999512 5117192.40991211 2215.48999023 62 70 84 2.000000 21.000000
561762.85000610 5117198.28002930 2250.27001953 60 64 76 2.000000 21.000000
561754.66999817 5117200.21997070 2257.41992188 71 77 92 2.000000 21.000000
561745.97000122 5117202.62988281 2273.42993164 74 80 94 2.000000 21.000000
561735.17999268 5117205.69995117 2295.12011719 84 96 116 2.000000 21.000000
561704.35998535 5117212.44995117 2307.59008789 112 122 139 2.000000 21.000000
561696.80999756 5117213.93994141 2306.81005859 226 234 222 2.000000 21.000000
561687.50000000 5117215.58007813 2300.68994141 240 238 228 2.000000 21.000000
561681.86999512 5117216.57006836 2296.94995117 238 238 227 2.000000 21.000000
561674.32000732 5117217.90991211 2292.20996094 237 237 226 2.000000 21.000000
561662.89001465 5117219.92993164 2284.87011719 236 236 224 2.000000 21.000000
561657.13000488 5117220.93994141 2280.97998047 236 236 223 2.000000 21.000000
561651.32998657 5117221.97998047 2277.47998047 236 236 222 2.000000 21.000000
561645.50000000 5117223.02001953 2273.89990234 234 234 224 2.000000 21.000000
561627.85998535 5117226.12011719 2262.28002930 234 234 222 2.000000 21.000000
561601.98999023 5117230.76000977 2247.06005859 232 232 220 2.000000 21.000000
561595.97000122 5117231.85009766 2243.83007813 234 236 226 2.000000 21.000000
561589.92001343 5117232.91992188 2239.94995117 238 238 228 2.000000 21.000000
561581.79000854 5117234.34008789 2234.28002930 229 227 218 2.000000 21.000000
561575.64999390 5117235.41992188 2230.15991211 232 232 220 2.000000 21.000000
561569.51000977 5117236.51000977 2226.19995117 236 235 225 2.000000 21.000000
561563.32998657 5117237.58007813 2221.75000000 238 238 228 2.000000 21.000000
561550.89999390 5117239.73999023 2212.87988281 238 237 229 2.000000 21.000000
561544.66000366 5117240.83007813 2208.52001953 238 238 230 2.000000 21.000000
561532.14001465 5117243.05004883 2200.40991211 243 242 233 2.000000 21.000000
561525.82998657 5117244.14990234 2195.91992188 242 240 232 2.000000 21.000000
561519.52999878 5117245.26000977 2191.80004883 239 239 229 2.000000 21.000000
561513.22000122 5117246.37988281 2187.92993164 237 237 226 2.000000 21.000000
561485.83001709 5117251.29003906 2171.92993164 229 229 219 2.000000 21.000000
561477.34002686 5117252.81005859 2166.68994141 230 228 216 2.000000 21.000000
561462.29998779 5117255.41992188 2155.91992188 232 232 220 2.000000 21.000000
561469.73999023 5117252.44995117 2161.20996094 236 234 224 2.000000 21.000000
561493.23999023 5117248.26000977 2176.87988281 232 230 215 2.000000 21.000000
561499.54000854 5117247.09008789 2180.12011719 230 230 216 2.000000 21.000000
561537.35998535 5117240.28002930 2203.84008789 238 237 228 2.000000 21.000000
561558.17001343 5117236.58007813 2218.09008789 237 236 228 2.000000 21.000000
561609.01000977 5117227.50000000 2252.12011719 226 226 214 2.000000 21.000000
561614.98999023 5117226.40991211 2255.54003906 216 219 207 2.000000 21.000000
561622.92999268 5117224.96997070 2260.31005859 236 236 224 2.000000 21.000000
561632.80999756 5117223.16992188 2265.95996094 234 234 224 2.000000 21.000000
561638.69000244 5117222.11010742 2269.72998047 231 231 221 2.000000 21.000000
561669.66000366 5117216.54003906 2289.47998047 238 238 226 2.000000 21.000000
561709.47000122 5117209.02001953 2305.93994141 112 124 143 2.000000 21.000000
561715.29000854 5117207.72998047 2303.58007813 126 134 140 2.000000 21.000000
561720.95001221 5117206.59008789 2304.26000977 222 224 220 2.000000 21.000000
561724.92001343 5117205.62988281 2300.87011719 86 104 129 2.000000 21.000000
561737.04000854 5117202.62988281 2288.22998047 88 99 118 2.000000 21.000000
561741.17001343 5117201.57006836 2283.10009766 86 96 111 2.000000 21.000000
561745.94999695 5117199.96997070 2267.78002930 76 82 95 2.000000 21.000000
561748.44000244 5117199.10009766 2259.03002930 70 76 89 2.000000 21.000000
561756.69000244 5117197.08007813 2251.16992188 63 71 85 2.000000 21.000000
561766.86999512 5117194.68994141 2243.89990234 60 64 78 2.000000 21.000000
561770.27999878 5117193.20996094 2224.39990234 52 54 67 2.000000 21.000000
561774.47000122 5117192.18994141 2220.63989258 54 56 68 2.000000 21.000000
561778.66999817 5117191.16992188 2216.75000000 62 66 80 2.000000 21.000000
561782.99000549 5117188.23999023 2211.98999023 54 58 71 2.000000 21.000000
561761.00000000 5117194.12988281 2247.07006836 63 67 80 2.000000 21.000000
561733.32998657 5117201.57006836 2291.69995117 89 100 118 2.000000 21.000000
561729.20999146 5117202.64990234 2297.76000977 102 110 128 2.000000 21.000000
561705.88000488 5117207.90991211 2310.76000977 110 127 144 2.000000 21.000000
561700.23999023 5117209.01000977 2309.50000000 111 119 145 2.000000 21.000000
561692.77999878 5117210.34008789 2305.08007813 241 240 226 2.000000 21.000000
561683.39001465 5117212.00000000 2299.07006836 238 236 224 2.000000 21.000000
561677.72000122 5117212.98999023 2295.14990234 236 234 224 2.000000 21.000000
561664.35000610 5117215.35009766 2286.69995117 236 236 224 2.000000 21.000000
561658.57998657 5117216.37011719 2282.96997070 232 232 220 2.000000 21.000000
561652.79000854 5117217.39990234 2279.53002930 230 230 218 2.000000 21.000000
561646.97000122 5117218.41992188 2275.62988281 229 229 217 2.000000 21.000000
561603.55999756 5117226.17993164 2250.11010742 234 232 222 2.000000 21.000000
561597.54000854 5117227.25000000 2246.26000977 234 233 224 2.000000 21.000000
561591.48001099 5117228.29003906 2241.73999023 236 236 228 2.000000 21.000000
561585.41000366 5117229.35009766 2237.56005859 239 237 230 2.000000 21.000000
561577.27999878 5117230.77001953 2231.80004883 239 239 228 2.000000 21.000000
561571.17001343 5117231.85009766 2227.95996094 240 240 231 2.000000 21.000000
561565.01998901 5117232.91992188 2223.71997070 240 240 232 2.000000 21.000000
561552.63000488 5117235.07006836 2214.81005859 240 240 231 2.000000 21.000000
561546.39999390 5117236.15991211 2210.46997070 240 238 230 2.000000 21.000000
561527.61999512 5117239.44995117 2197.67993164 240 240 230 2.000000 21.000000
561521.35998535 5117240.57006836 2193.95996094 234 235 224 2.000000 21.000000
561515.05999756 5117241.67993164 2190.05004883 229 229 218 2.000000 21.000000
561508.76998901 5117242.81005859 2186.40991211 230 230 218 2.000000 21.000000
561502.48001099 5117243.93994141 2182.78002930 232 232 220 2.000000 21.000000
561487.78002930 5117246.60009766 2174.96997070 234 234 222 2.000000 21.000000
561481.40002441 5117247.72998047 2170.85009766 234 234 220 2.000000 21.000000
561472.75000000 5117249.20996094 2164.12988281 221 220 209 2.000000 21.000000
561464.14001465 5117250.69995117 2158.00000000 233 233 221 2.000000 21.000000
561457.69000244 5117251.83007813 2153.58007813 230 230 218 2.000000 21.000000
561476.44000244 5117246.80004883 2167.18994141 232 232 220 2.000000 21.000000
561495.58999634 5117243.40991211 2180.56005859 236 236 222 2.000000 21.000000
561531.07000732 5117236.93994141 2200.57006836 236 236 227 2.000000 21.000000
561539.41000366 5117235.44995117 2206.12011719 238 236 228 2.000000 21.000000
561560.14001465 5117231.77001953 2220.34008789 245 245 235 2.000000 21.000000
561580.67001343 5117228.15991211 2235.41992188 240 240 232 2.000000 21.000000
561610.95001221 5117222.77001953 2255.66992188 232 233 221 2.000000 21.000000
561616.94000244 5117221.67993164 2259.11010742 227 229 216 2.000000 21.000000
561624.88000488 5117220.21997070 2263.54003906 234 234 222 2.000000 21.000000
561634.73999023 5117218.39990234 2268.62988281 231 230 220 2.000000 21.000000
561640.63000488 5117217.34008789 2272.12988281 231 230 219 2.000000 21.000000
561671.60998535 5117211.78002930 2291.91992188 236 236 224 2.000000 21.000000
561686.76998901 5117209.07006836 2301.93994141 238 237 224 2.000000 21.000000
561711.26000977 5117204.34008789 2309.58007813 186 184 179 2.000000 21.000000
561716.97000122 5117203.12988281 2308.71997070 243 237 220 2.000000 21.000000
561737.11999512 5117198.06005859 2286.15991211 80 92 110 2.000000 21.000000
561741.32998657 5117196.92993164 2279.52001953 80 88 103 2.000000 21.000000
561743.79000854 5117196.04003906 2270.40991211 76 85 98 2.000000 21.000000
561750.35000610 5117194.17993164 2257.81005859 66 72 87 2.000000 21.000000
561761.00999451 5117191.37011719 2242.71997070 64 68 82 2.000000 21.000000
561763.36999512 5117190.63989258 2236.83007813 63 67 82 2.000000 21.000000
561766.07000732 5117189.64990234 2226.18994141 54 58 71 2.000000 21.000000
561779.41000366 5117184.56005859 2214.77001953 52 54 68 2.000000 21.000000
561775.22000122 5117185.56005859 2218.56005859 50 54 68 2.000000 21.000000
561771.03999329 5117186.56005859 2222.19995117 52 54 68 2.000000 21.000000
561757.63999939 5117190.28002930 2246.37011719 64 67 82 2.000000 21.000000
561753.25999451 5117191.47998047 2253.88989258 68 74 90 2.000000 21.000000
561746.88000488 5117193.15991211 2263.12011719 76 84 98 2.000000 21.000000
561725.70001221 5117198.92993164 2298.91992188 228 227 211 2.000000 21.000000
561720.00000000 5117200.11010742 2299.32006836 173 181 179 2.000000 21.000000
561702.39001465 5117204.19995117 2311.80004883 186 190 184 2.000000 21.000000
561696.82998657 5117205.17993164 2308.29003906 234 232 218 2.000000 21.000000
561679.92999268 5117208.19995117 2298.21997070 236 234 222 2.000000 21.000000
561666.60998535 5117210.53002930 2289.34008789 234 234 222 2.000000 21.000000
561660.85998535 5117211.55004883 2285.80004883 229 229 217 2.000000 21.000000
561655.08999634 5117212.57006836 2282.02001953 228 228 216 2.000000 21.000000
561649.27999878 5117213.61010742 2278.67993164 228 230 216 2.000000 21.000000
561629.70999146 5117217.10009766 2266.96997070 229 228 218 2.000000 21.000000
561605.88000488 5117221.35009766 2252.84008789 238 237 226 2.000000 21.000000
561599.86999512 5117222.41992188 2249.22998047 240 239 232 2.000000 21.000000
561593.82998657 5117223.47998047 2245.35009766 242 242 235 2.000000 21.000000
561587.76998901 5117224.55004883 2241.40991211 244 243 236 2.000000 21.000000
561573.47000122 5117226.98999023 2230.25000000 242 242 232 2.000000 21.000000
561567.29998779 5117228.06005859 2225.67993164 242 244 235 2.000000 21.000000
561554.92001343 5117230.20996094 2217.02001953 240 241 230 2.000000 21.000000
561548.70001221 5117231.30004883 2212.69995117 234 234 226 2.000000 21.000000
561542.48001099 5117232.38989258 2208.64990234 236 236 227 2.000000 21.000000
561523.69000244 5117235.69995117 2196.38989258 225 226 214 2.000000 21.000000
561517.42999268 5117236.83007813 2192.87988281 222 222 211 2.000000 21.000000
561511.17001343 5117237.95996094 2189.58007813 226 226 214 2.000000 21.000000
561504.92001343 5117239.10009766 2186.35009766 228 228 217 2.000000 21.000000
561498.69000244 5117240.25000000 2183.60009766 233 234 222 2.000000 21.000000
561490.20999146 5117241.71997070 2177.62988281 236 236 224 2.000000 21.000000
561483.85998535 5117242.84008789 2173.60009766 234 233 222 2.000000 21.000000
561468.85998535 5117245.42993164 2162.54003906 234 233 223 2.000000 21.000000
561460.28997803 5117246.92993164 2156.56005859 235 235 224 2.000000 21.000000
561455.36999512 5117246.10009766 2153.96997070 232 232 220 2.000000 21.000000
561463.90997314 5117244.58007813 2159.57006836 234 232 222 2.000000 21.000000
561472.41998291 5117243.06005859 2165.23999023 234 234 224 2.000000 21.000000
561478.89001465 5117241.95996094 2170.62011719 238 236 225 2.000000 21.000000
561533.36999512 5117232.08007813 2202.70996094 230 229 219 2.000000 21.000000
561562.45999146 5117226.91992188 2222.41992188 236 238 228 2.000000 21.000000
561582.98001099 5117223.34008789 2237.77001953 240 240 232 2.000000 21.000000
561613.19000244 5117217.98999023 2258.57006836 234 234 224 2.000000 21.000000
561619.14999390 5117216.92993164 2262.67993164 226 226 216 2.000000 21.000000
561636.85000610 5117213.65991211 2271.59008789 234 232 222 2.000000 21.000000
561642.70001221 5117212.59008789 2274.86010742 232 233 220 2.000000 21.000000
561673.45001221 5117207.08007813 2294.69995117 234 234 222 2.000000 21.000000
561688.48999023 5117204.38989258 2304.32006836 236 236 224 2.000000 21.000000
561707.07998657 5117200.95996094 2313.80004883 104 120 140 2.000000 21.000000
561712.76998901 5117199.75000000 2313.03002930 107 121 140 2.000000 21.000000
561728.73999023 5117195.72998047 2295.37011719 108 125 132 2.000000 21.000000
561732.80999756 5117194.68994141 2290.37988281 148 147 154 2.000000 21.000000
561737.04000854 5117193.51000977 2282.87988281 74 78 97 2.000000 21.000000
561739.36999512 5117192.72998047 2275.84008789 76 82 99 2.000000 21.000000
561761.02999878 5117186.75000000 2239.05004883 64 68 84 2.000000 21.000000
561763.72000122 5117185.76000977 2228.57006836 62 67 82 2.000000 21.000000
561782.52000427 5117181.20996094 2212.19995117 56 61 74 2.000000 21.000000
561777.19000244 5117180.64990234 2218.10009766 54 58 72 2.000000 21.000000
561773.07000732 5117181.59008789 2220.81005859 50 53 66 2.000000 21.000000
561766.86999512 5117183.05004883 2225.44995117 54 56 70 2.000000 21.000000
561757.85000610 5117185.61010742 2242.93994141 61 66 79 2.000000 21.000000
561753.61999512 5117186.68994141 2248.21997070 64 70 84 2.000000 21.000000
561749.36999512 5117187.81005859 2254.20996094 66 74 90 2.000000 21.000000
561747.11999512 5117188.47998047 2259.33007813 62 70 86 2.000000 21.000000
561744.64999390 5117189.34008789 2268.02001953 63 70 86 2.000000 21.000000
561724.10000610 5117194.59008789 2293.64990234 102 111 128 2.000000 21.000000
561716.07000732 5117196.59008789 2302.67993164 96 112 128 2.000000 21.000000
561698.70999146 5117200.45996094 2310.72998047 156 159 149 2.000000 21.000000
561693.13000488 5117201.44995117 2307.51000977 236 234 222 2.000000 21.000000
561683.79000854 5117203.11010742 2301.72998047 234 234 220 2.000000 21.000000
561668.66000366 5117205.78002930 2292.30004883 235 235 222 2.000000 21.000000
561662.95001221 5117206.77001953 2288.14990234 229 229 217 2.000000 21.000000
561657.19000244 5117207.81005859 2285.06005859 226 226 214 2.000000 21.000000
561651.42001343 5117208.83007813 2281.47998047 233 235 223 2.000000 21.000000
561631.94000244 5117212.32006836 2270.32006836 229 227 218 2.000000 21.000000
561626.04998779 5117213.39990234 2267.68994141 231 229 219 2.000000 21.000000
561608.17999268 5117216.53002930 2255.65991211 242 242 232 2.000000 21.000000
561602.16000366 5117217.57006836 2251.37988281 242 242 232 2.000000 21.000000
561596.10998535 5117218.62011719 2247.11010742 245 244 236 2.000000 21.000000
561590.04000854 5117219.66992188 2242.80004883 242 242 234 2.000000 21.000000
561577.79998779 5117221.77001953 2233.53002930 240 240 230 2.000000 21.000000
561569.57998657 5117223.18994141 2227.56005859 236 238 228 2.000000 21.000000
561557.20001221 5117225.35009766 2219.17993164 234 234 223 2.000000 21.000000
561550.98001099 5117226.42993164 2214.81005859 234 232 220 2.000000 21.000000
561544.73999023 5117227.52001953 2210.67993164 230 226 218 2.000000 21.000000
561538.50000000 5117228.62011719 2206.61010742 231 232 220 2.000000 21.000000
561528.07998657 5117230.46997070 2200.30004883 222 222 210 2.000000 21.000000
561519.75000000 5117231.96997070 2195.73999023 225 226 213 2.000000 21.000000
561513.51000977 5117233.10009766 2192.37988281 223 224 212 2.000000 21.000000
561507.26998901 5117234.23999023 2189.31005859 221 221 208 2.000000 21.000000
561501.00000000 5117235.37011719 2185.83007813 236 234 224 2.000000 21.000000
561494.66000366 5117236.47998047 2181.62988281 238 238 226 2.000000 21.000000
561486.20001221 5117237.95996094 2175.95996094 234 232 222 2.000000 21.000000
561455.78002930 5117241.56005859 2156.13989258 226 226 214 2.000000 21.000000
561460.07000732 5117240.80004883 2159.06005859 230 228 216 2.000000 21.000000
561464.34997559 5117240.04003906 2161.83007813 230 228 217 2.000000 21.000000
561468.60998535 5117239.27001953 2164.40991211 233 232 221 2.000000 21.000000
561472.92999268 5117238.52001953 2167.66992188 232 232 222 2.000000 21.000000
561481.45001221 5117237.00000000 2173.13989258 232 232 220 2.000000 21.000000
561489.97000122 5117235.47998047 2178.80004883 234 232 222 2.000000 21.000000
561523.60000610 5117229.38989258 2198.34008789 227 227 214 2.000000 21.000000
561565.08999634 5117221.93994141 2224.19995117 234 236 226 2.000000 21.000000
561573.30999756 5117220.50000000 2230.14990234 237 236 226 2.000000 21.000000
561585.52999878 5117218.36010742 2239.16992188 241 239 229 2.000000 21.000000
561615.58999634 5117213.11010742 2261.30004883 244 243 234 2.000000 21.000000
561621.50000000 5117212.06005859 2265.28002930 236 234 226 2.000000 21.000000
561637.14999390 5117209.20996094 2274.11010742 232 232 221 2.000000 21.000000
561642.98001099 5117208.14990234 2277.52001953 230 230 218 2.000000 21.000000
561675.51998901 5117202.28002930 2297.13989258 236 236 222 2.000000 21.000000
561703.54000854 5117197.22998047 2314.10009766 110 122 144 2.000000 21.000000
561709.20999146 5117196.06005859 2314.06005859 99 113 132 2.000000 21.000000
561715.60000610 5117194.08007813 2298.26000977 93 106 125 2.000000 21.000000
561727.45999146 5117191.26000977 2289.35009766 86 96 120 2.000000 21.000000
561731.45999146 5117190.29003906 2285.79003906 92 102 122 2.000000 21.000000
561737.92001343 5117188.42993164 2273.22998047 80 90 106 2.000000 21.000000
561778.11999512 5117178.04003906 2223.00000000 61 66 80 2.000000 21.000000
561781.72000122 5117175.59008789 2226.06005859 63 69 83 2.000000 21.000000
561772.19000244 5117177.44995117 2224.28002930 50 56 69 2.000000 21.000000
561763.44999695 5117179.79003906 2237.75000000 54 58 73 2.000000 21.000000
561757.07000732 5117181.43994141 2246.08007813 58 63 78 2.000000 21.000000
561748.97000122 5117183.33007813 2251.83007813 74 82 96 2.000000 21.000000
561744.75999451 5117184.42993164 2257.58007813 72 82 99 2.000000 21.000000
561733.79000854 5117187.64990234 2281.03002930 84 92 112 2.000000 21.000000
561725.95999146 5117189.39990234 2284.84008789 90 101 123 2.000000 21.000000
561721.82000732 5117190.52001953 2291.42993164 92 103 125 2.000000 21.000000
561711.64999390 5117193.19995117 2305.94995117 99 110 128 2.000000 21.000000
561694.45999146 5117196.83007813 2309.29003906 222 227 218 2.000000 21.000000
561688.85998535 5117197.83007813 2306.27001953 235 234 219 2.000000 21.000000
561679.48001099 5117199.47998047 2300.28002930 234 234 222 2.000000 21.000000
561670.00000000 5117201.14990234 2294.20996094 234 234 222 2.000000 21.000000
561664.27999878 5117202.14990234 2290.37011719 232 232 220 2.000000 21.000000
561658.51998901 5117203.17993164 2287.13989258 232 232 220 2.000000 21.000000
561652.73001099 5117204.21997070 2283.90991211 216 219 208 2.000000 21.000000
561646.92001343 5117205.26000977 2280.59008789 236 236 224 2.000000 21.000000
561627.35998535 5117208.79003906 2270.32006836 241 240 232 2.000000 21.000000
561609.51000977 5117211.88989258 2258.01000977 248 247 238 2.000000 21.000000
561603.50000000 5117212.90991211 2253.23999023 245 245 236 2.000000 21.000000
561597.45001221 5117213.93994141 2248.40991211 242 242 232 2.000000 21.000000
561593.39999390 5117214.62011719 2245.25000000 238 238 228 2.000000 21.000000
561581.23001099 5117216.71997070 2236.46997070 237 236 225 2.000000 21.000000
561560.73001099 5117220.27001953 2221.91992188 230 230 219 2.000000 21.000000
561552.50000000 5117221.72998047 2216.86010742 228 227 213 2.000000 21.000000
561546.29000854 5117222.82006836 2212.84008789 226 224 214 2.000000 21.000000
561540.08999634 5117223.90991211 2209.05004883 205 204 192 2.000000 21.000000
561533.86999512 5117225.01000977 2205.21997070 226 229 217 2.000000 21.000000
561515.19000244 5117228.36010742 2194.57006836 223 225 213 2.000000 21.000000
561508.95001221 5117229.47998047 2191.10009766 206 206 196 2.000000 21.000000
561502.67001343 5117230.59008789 2187.30004883 223 223 212 2.000000 21.000000
561496.35998535 5117231.69995117 2183.37011719 228 228 216 2.000000 21.000000
561475.19000244 5117233.59008789 2170.19995117 230 230 218 2.000000 21.000000
561483.69000244 5117232.08007813 2175.69995117 231 231 219 2.000000 21.000000
561519.39999390 5117225.64990234 2197.36010742 234 234 222 2.000000 21.000000
561525.66000366 5117224.52001953 2201.08007813 223 223 210 2.000000 21.000000
561566.94000244 5117217.09008789 2226.23999023 228 226 213 2.000000 21.000000
561575.10998535 5117215.64990234 2231.96997070 220 220 208 2.000000 21.000000
561587.32000732 5117213.52001953 2240.89990234 241 239 227 2.000000 21.000000
561617.38000488 5117208.30004883 2263.60009766 238 238 228 2.000000 21.000000
561623.29998779 5117207.23999023 2267.36010742 240 238 230 2.000000 21.000000
561631.16000366 5117205.86010742 2272.80004883 240 242 232 2.000000 21.000000
561638.98999023 5117204.43994141 2277.34008789 236 238 228 2.000000 21.000000
561683.05999756 5117196.47998047 2303.39990234 236 234 222 2.000000 21.000000
561698.02999878 5117193.77001953 2311.95996094 107 114 124 2.000000 21.000000
561705.48001099 5117192.37011719 2315.15991211 103 116 136 2.000000 21.000000
561711.77999878 5117190.46997070 2300.87988281 97 109 128 2.000000 21.000000
561717.75000000 5117189.00000000 2295.32006836 94 106 126 2.000000 21.000000
561728.02999878 5117186.27001953 2280.81005859 83 96 116 2.000000 21.000000
561734.01998901 5117184.87011719 2276.82006836 78 86 108 2.000000 21.000000
561736.29000854 5117184.12988281 2270.60009766 71 76 98 2.000000 21.000000
561740.48999023 5117183.03002930 2264.85009766 78 84 102 2.000000 21.000000
561753.00999451 5117179.81005859 2249.76000977 58 64 78 2.000000 21.000000
561761.14999390 5117177.88989258 2243.94995117 56 62 76 2.000000 21.000000
561767.53999329 5117176.22998047 2235.87988281 54 60 72 2.000000 21.000000
561773.58999634 5117174.85009766 2232.83007813 60 68 81 2.000000 21.000000
561779.55000305 5117173.53002930 2230.68994141 65 72 86 2.000000 21.000000
561778.00000000 5117172.22998047 2235.53002930 63 70 84 2.000000 21.000000
561765.96000671 5117174.93994141 2241.63989258 60 68 82 2.000000 21.000000
561763.46000671 5117175.78002930 2249.43994141 57 64 78 2.000000 21.000000
561745.69999695 5117179.64990234 2255.52001953 65 71 86 2.000000 21.000000
561741.64999390 5117180.60009766 2258.56005859 78 86 102 2.000000 21.000000
561708.48999023 5117189.47998047 2308.64990234 97 109 130 2.000000 21.000000
561674.55999756 5117195.93994141 2298.52001953 231 231 220 2.000000 21.000000
561659.33999634 5117198.63989258 2289.41992188 228 230 218 2.000000 21.000000
561653.57998657 5117199.67993164 2286.37011719 228 230 218 2.000000 21.000000
561647.79998779 5117200.70996094 2283.10009766 236 236 224 2.000000 21.000000
561612.60000610 5117206.85009766 2259.48999023 238 236 224 2.000000 21.000000
561606.61999512 5117207.86010742 2254.86010742 232 232 222 2.000000 21.000000
561600.61999512 5117208.89990234 2250.56005859 200 200 187 2.000000 21.000000
561582.50000000 5117212.04003906 2238.03002930 223 220 208 2.000000 21.000000
561578.41000366 5117212.71997070 2234.45996094 212 210 198 2.000000 21.000000
561570.25000000 5117214.13989258 2229.01000977 211 207 194 2.000000 21.000000
561562.05999756 5117215.59008789 2224.03002930 218 218 202 2.000000 21.000000
561555.89999390 5117216.68994141 2220.34008789 206 204 192 2.000000 21.000000
561547.67001343 5117218.14990234 2215.40991211 211 209 198 2.000000 21.000000
561541.45999146 5117219.23999023 2211.58007813 225 224 212 2.000000 21.000000
561535.23999023 5117220.35009766 2207.76000977 209 210 195 2.000000 21.000000
561529.00000000 5117221.44995117 2204.02001953 216 218 203 2.000000 21.000000
561510.22000122 5117224.80004883 2193.12988281 228 228 216 2.000000 21.000000
561503.91000366 5117225.90991211 2189.18994141 234 232 218 2.000000 21.000000
561497.57000732 5117227.03002930 2185.17993164 232 232 220 2.000000 21.000000
561493.33999634 5117227.77001953 2182.43994141 232 232 220 2.000000 21.000000
561489.10998535 5117228.52001953 2179.78002930 232 232 220 2.000000 21.000000
561478.53002930 5117230.38989258 2173.27001953 230 230 216 2.000000 21.000000
561469.98999023 5117231.87988281 2167.58007813 228 227 214 2.000000 21.000000
561465.73999023 5117232.62988281 2165.05004883 225 223 211 2.000000 21.000000
561459.40997314 5117233.78002930 2161.75000000 232 232 220 2.000000 21.000000
561514.54000854 5117222.06005859 2196.18994141 213 212 200 2.000000 21.000000
561520.77999878 5117220.91992188 2199.68994141 220 220 208 2.000000 21.000000
561588.79998779 5117208.75000000 2241.93994141 202 200 184 2.000000 21.000000
561592.88000488 5117208.05004883 2245.22998047 224 226 207 2.000000 21.000000
561618.94000244 5117203.50000000 2263.98999023 221 219 207 2.000000 21.000000
561624.89001465 5117202.50000000 2269.02001953 238 237 225 2.000000 21.000000
561632.75000000 5117201.06005859 2273.31005859 237 238 229 2.000000 21.000000
561640.57000732 5117199.66992188 2278.22998047 234 235 226 2.000000 21.000000
561663.72000122 5117195.51000977 2292.33007813 232 232 222 2.000000 21.000000
561669.44000244 5117194.46997070 2295.51000977 232 232 222 2.000000 21.000000
561678.89999390 5117192.78002930 2301.50000000 231 230 218 2.000000 21.000000
561684.52999878 5117191.77001953 2304.93994141 232 231 218 2.000000 21.000000
561690.14001465 5117190.77001953 2308.44995117 239 236 222 2.000000 21.000000
561699.45001221 5117189.05004883 2313.11010742 98 108 124 2.000000 21.000000
561713.38000488 5117185.47998047 2296.62011719 96 108 128 2.000000 21.000000
561717.38000488 5117184.46997070 2292.29003906 92 106 124 2.000000 21.000000
561723.69000244 5117182.64990234 2280.19995117 90 104 122 2.000000 21.000000
561725.88000488 5117181.96997070 2274.87988281 86 100 118 2.000000 21.000000
561729.98001099 5117180.90991211 2269.88989258 86 102 120 2.000000 21.000000
561734.07998657 5117179.87011719 2265.27001953 88 99 119 2.000000 21.000000
561738.10998535 5117178.89990234 2262.19995117 71 81 99 2.000000 21.000000
561750.24000549 5117176.01000977 2252.85009766 60 66 82 2.000000 21.000000
561756.17999268 5117174.67993164 2250.52001953 56 62 78 2.000000 21.000000
561765.61999512 5117172.85009766 2252.98999023 62 71 85 2.000000 21.000000
561770.27999878 5117171.41992188 2242.14990234 62 70 83 2.000000 21.000000
561780.64999390 5117168.87988281 2232.80004883 72 78 94 2.000000 21.000000
561783.66999817 5117166.27001953 2229.77001953 74 80 97 2.000000 21.000000
561777.02000427 5117168.09008789 2240.51000977 70 77 92 2.000000 21.000000
561770.50000000 5117169.83007813 2250.12988281 61 71 85 2.000000 21.000000
561760.66999817 5117171.95996094 2253.25000000 63 68 82 2.000000 21.000000
561720.17999268 5117181.71997070 2288.48999023 96 109 126 2.000000 21.000000
561710.04998779 5117184.35009766 2301.72998047 96 110 129 2.000000 21.000000
561705.88000488 5117185.58007813 2310.53002930 100 114 130 2.000000 21.000000
561694.48001099 5117187.92993164 2311.44995117 104 122 138 2.000000 21.000000
561654.75000000 5117194.98999023 2288.07006836 233 233 221 2.000000 21.000000
561609.73001099 5117202.80004883 2257.21997070 186 184 170 2.000000 21.000000
561603.73001099 5117203.82006836 2252.78002930 206 203 190 2.000000 21.000000
561597.72000122 5117204.85009766 2248.43994141 230 228 212 2.000000 21.000000
561579.48999023 5117208.02001953 2236.04003906 230 229 215 2.000000 21.000000
561573.38000488 5117209.10009766 2232.28002930 222 218 204 2.000000 21.000000
561565.23001099 5117210.56005859 2227.73999023 202 200 184 2.000000 21.000000
561557.04000854 5117212.02001953 2223.20996094 214 213 198 2.000000 21.000000
561550.86999512 5117213.11010742 2219.40991211 218 216 202 2.000000 21.000000
561542.60998535 5117214.57006836 2214.32006836 215 213 202 2.000000 21.000000
561536.39001465 5117215.66992188 2210.41992188 222 221 208 2.000000 21.000000
561530.13000488 5117216.76000977 2206.20996094 227 227 212 2.000000 21.000000
561523.86999512 5117217.86010742 2202.44995117 226 226 212 2.000000 21.000000
561505.08999634 5117221.21997070 2191.91992188 232 231 218 2.000000 21.000000
561498.73001099 5117222.32006836 2187.52001953 226 226 214 2.000000 21.000000
561494.51000977 5117223.06005859 2184.78002930 226 226 214 2.000000 21.000000
561490.26000977 5117223.80004883 2181.94995117 227 227 215 2.000000 21.000000
561486.03002930 5117224.55004883 2179.29003906 229 229 217 2.000000 21.000000
561481.78997803 5117225.29003906 2176.61010742 231 232 219 2.000000 21.000000
561475.41998291 5117226.40991211 2172.40991211 230 231 217 2.000000 21.000000
561471.15997314 5117227.14990234 2169.55004883 228 230 214 2.000000 21.000000
561462.71002197 5117228.64990234 2164.67993164 226 226 213 2.000000 21.000000
561466.41998291 5117226.25000000 2167.36010742 228 228 216 2.000000 21.000000
561508.79998779 5117218.73999023 2195.12011719 232 232 220 2.000000 21.000000
561515.04998779 5117217.60009766 2198.52001953 223 226 214 2.000000 21.000000
561546.26998901 5117212.01000977 2217.39990234 211 208 198 2.000000 21.000000
561583.08999634 5117205.37011719 2239.01000977 229 226 210 2.000000 21.000000
561613.23001099 5117200.07006836 2259.68994141 180 178 165 2.000000 21.000000
561621.14999390 5117198.68994141 2265.40991211 220 216 202 2.000000 21.000000
561627.05999756 5117197.66992188 2269.86010742 216 216 204 2.000000 21.000000
561634.88000488 5117196.32006836 2275.88989258 242 243 234 2.000000 21.000000
561642.64999390 5117194.93994141 2280.84008789 233 236 223 2.000000 21.000000
561648.42999268 5117193.90991211 2284.48999023 233 232 220 2.000000 21.000000
561658.01000977 5117192.19995117 2290.63989258 225 224 214 2.000000 21.000000
561665.63000488 5117190.84008789 2295.21997070 230 230 219 2.000000 21.000000
561671.32000732 5117189.80004883 2298.28002930 234 234 222 2.000000 21.000000
561680.73001099 5117188.11010742 2303.98999023 232 232 218 2.000000 21.000000
561686.35000610 5117187.09008789 2307.11010742 227 229 212 2.000000 21.000000
561701.23999023 5117184.33007813 2314.07006836 98 114 130 2.000000 21.000000
561715.27999878 5117180.61010742 2295.07006836 99 111 130 2.000000 21.000000
561725.95001221 5117177.40991211 2272.14990234 94 106 126 2.000000 21.000000
561735.97000122 5117175.03002930 2264.75000000 78 88 108 2.000000 21.000000
561740.01000977 5117174.07006836 2261.70996094 76 80 94 2.000000 21.000000
561745.99000549 5117172.69995117 2258.51000977 64 70 85 2.000000 21.000000
561751.94000244 5117171.35009766 2255.73999023 62 66 82 2.000000 21.000000
561763.33999634 5117169.08007813 2257.46997070 60 69 82 2.000000 21.000000
561769.02999878 5117167.92993164 2257.97998047 65 76 90 2.000000 21.000000
561780.22000122 5117164.75000000 2237.79003906 74 80 96 2.000000 21.000000
561777.67999268 5117163.61010742 2245.88989258 72 80 94 2.000000 21.000000
561766.86999512 5117166.55004883 2262.68994141 68 79 92 2.000000 21.000000
561757.72999573 5117168.15991211 2257.17993164 67 72 87 2.000000 21.000000
561732.11999512 5117173.84008789 2268.03002930 85 97 115 2.000000 21.000000
561721.55999756 5117176.83007813 2287.07006836 98 108 128 2.000000 21.000000
561711.32998657 5117179.59008789 2302.73999023 90 102 123 2.000000 21.000000
561695.77999878 5117183.19995117 2312.97998047 105 118 134 2.000000 21.000000
561690.19000244 5117184.21997070 2310.23999023 199 198 192 2.000000 21.000000
561675.20001221 5117186.87011719 2301.26000977 235 234 221 2.000000 21.000000
561605.20999146 5117199.03002930 2254.60009766 237 234 221 2.000000 21.000000
561599.20001221 5117200.07006836 2250.28002930 208 208 188 2.000000 21.000000
561593.17001343 5117201.12011719 2246.31005859 209 206 191 2.000000 21.000000
561587.10998535 5117202.17993164 2242.47998047 223 221 206 2.000000 21.000000
561574.97000122 5117204.34008789 2235.37011719 224 220 201 2.000000 21.000000
561568.89001465 5117205.42993164 2232.08007813 206 204 185 2.000000 21.000000
561560.73999023 5117206.87988281 2227.48999023 204 204 190 2.000000 21.000000
561552.57000732 5117208.35009766 2223.10009766 204 204 188 2.000000 21.000000
561538.08999634 5117210.86010742 2213.09008789 228 226 214 2.000000 21.000000
561531.86999512 5117211.93994141 2209.09008789 227 227 213 2.000000 21.000000
561525.64999390 5117213.05004883 2205.43994141 230 230 215 2.000000 21.000000
561519.45999146 5117214.16992188 2202.27001953 224 224 212 2.000000 21.000000
561500.60998535 5117217.47998047 2190.27001953 232 231 218 2.000000 21.000000
561477.36999512 5117221.53002930 2174.93994141 230 230 218 2.000000 21.000000
561458.32000732 5117224.89990234 2163.47998047 223 225 213 2.000000 21.000000
561462.29998779 5117222.52001953 2166.36010742 226 227 215 2.000000 21.000000
561468.65002441 5117221.37988281 2170.08007813 225 225 213 2.000000 21.000000
561472.89001465 5117220.62011719 2172.66992188 228 228 216 2.000000 21.000000
561481.38000488 5117219.11010742 2178.08007813 230 230 218 2.000000 21.000000
561485.61999512 5117218.36010742 2180.87988281 233 233 221 2.000000 21.000000
561489.85998535 5117217.61010742 2183.61010742 232 234 222 2.000000 21.000000
561494.07998657 5117216.86010742 2186.22998047 231 231 219 2.000000 21.000000
561504.63000488 5117215.00000000 2193.32006836 232 232 219 2.000000 21.000000
561510.95999146 5117213.89990234 2197.84008789 231 231 218 2.000000 21.000000
561542.11999512 5117208.33007813 2217.12011719 213 210 200 2.000000 21.000000
561546.26998901 5117207.62011719 2220.30004883 213 210 199 2.000000 21.000000
561578.82998657 5117201.70996094 2238.36010742 228 228 208 2.000000 21.000000
561608.95001221 5117196.36010742 2257.64990234 238 236 224 2.000000 21.000000
561614.92001343 5117195.33007813 2262.03002930 213 209 192 2.000000 21.000000
561622.82998657 5117193.94995117 2267.82006836 183 181 163 2.000000 21.000000
561628.73001099 5117192.93994141 2272.41992188 203 200 182 2.000000 21.000000
561636.55999756 5117191.61010742 2278.87988281 234 238 223 2.000000 21.000000
561644.35000610 5117190.19995117 2283.11010742 240 245 232 2.000000 21.000000
561650.14999390 5117189.15991211 2286.67993164 230 230 218 2.000000 21.000000
561659.76998901 5117187.43994141 2292.55004883 232 232 220 2.000000 21.000000
561667.42999268 5117186.07006836 2297.32006836 232 232 220 2.000000 21.000000
561682.60000610 5117183.35009766 2306.37988281 232 234 218 2.000000 21.000000
561701.51000977 5117179.65991211 2311.07006836 100 110 131 2.000000 21.000000
561705.52999878 5117178.59008789 2305.65991211 97 106 128 2.000000 21.000000
561717.60000610 5117175.50000000 2291.83007813 100 110 130 2.000000 21.000000
561724.01000977 5117173.59008789 2278.45996094 88 98 118 2.000000 21.000000
561728.20001221 5117172.43994141 2272.03002930 88 98 115 2.000000 21.000000
561736.11999512 5117170.64990234 2268.29003906 77 89 106 2.000000 21.000000
561740.17001343 5117169.65991211 2264.89990234 72 77 91 2.000000 21.000000
561745.89999390 5117168.52001953 2265.69995117 70 76 92 2.000000 21.000000
561749.94999695 5117167.54003906 2262.54003906 66 72 88 2.000000 21.000000
561759.58000183 5117165.54003906 2261.96997070 64 70 86 2.000000 21.000000
561771.05999756 5117163.14990234 2261.62011719 68 78 92 2.000000 21.000000
561775.13999939 5117162.15991211 2258.12988281 72 81 94 2.000000 21.000000
561777.42999268 5117161.47998047 2253.42993164 72 79 92 2.000000 21.000000
561782.14999390 5117160.02001953 2242.28002930 64 70 84 2.000000 21.000000
561780.27999878 5117158.64990234 2247.86010742 62 68 82 2.000000 21.000000
561767.33000183 5117162.15991211 2267.61010742 70 80 94 2.000000 21.000000
561761.69999695 5117163.26000977 2266.61010742 68 74 89 2.000000 21.000000
561754.38999939 5117164.55004883 2262.10009766 72 78 96 2.000000 21.000000
561720.58999634 5117172.34008789 2282.77001953 92 102 121 2.000000 21.000000
561712.35000610 5117174.56005859 2295.03002930 94 105 125 2.000000 21.000000
561708.29998779 5117175.62011719 2300.44995117 91 104 126 2.000000 21.000000
561686.98999023 5117180.35009766 2309.41992188 235 235 218 2.000000 21.000000
561677.57000732 5117182.04003906 2304.21997070 232 232 218 2.000000 21.000000
561671.89001465 5117183.03002930 2300.56005859 226 226 213 2.000000 21.000000
561654.64999390 5117186.07006836 2290.30004883 228 228 217 2.000000 21.000000
561601.55999756 5117195.20996094 2252.90991211 214 212 196 2.000000 21.000000
561595.54998779 5117196.27001953 2249.28002930 230 227 213 2.000000 21.000000
561589.51000977 5117197.33007813 2245.62011719 232 228 214 2.000000 21.000000
561583.47000122 5117198.40991211 2242.30004883 234 234 217 2.000000 21.000000
561571.33999634 5117200.58007813 2235.52001953 203 201 183 2.000000 21.000000
561565.26000977 5117201.67993164 2232.57006836 193 199 187 2.000000 21.000000
561557.13000488 5117203.15991211 2228.53002930 180 184 172 2.000000 21.000000
561551.02999878 5117204.27001953 2225.56005859 218 216 201 2.000000 21.000000
561534.39001465 5117207.07006836 2212.33007813 231 229 219 2.000000 21.000000
561528.17999268 5117208.16992188 2208.75000000 228 228 212 2.000000 21.000000
561522.01998901 5117209.29003906 2205.87011719 226 226 213 2.000000 21.000000
561515.75000000 5117210.37988281 2201.58007813 232 232 219 2.000000 21.000000
561496.85998535 5117213.66992188 2189.10009766 227 228 216 2.000000 21.000000
561456.60998535 5117219.01000977 2163.62988281 224 226 216 2.000000 21.000000
561465.09997559 5117217.50000000 2168.92993164 228 228 218 2.000000 21.000000
561469.35998535 5117216.75000000 2171.83007813 228 228 218 2.000000 21.000000
561473.59997559 5117216.00000000 2174.44995117 228 228 216 2.000000 21.000000
561477.83001709 5117215.23999023 2177.14990234 229 229 217 2.000000 21.000000
561482.08001709 5117214.48999023 2179.92993164 230 230 218 2.000000 21.000000
561490.54000854 5117213.00000000 2185.54003906 232 233 221 2.000000 21.000000
561501.05999756 5117211.12988281 2192.28002930 230 230 218 2.000000 21.000000
561507.33999634 5117210.02001953 2196.30004883 230 230 218 2.000000 21.000000
561538.54000854 5117204.46997070 2216.01000977 230 230 219 2.000000 21.000000
561542.72000122 5117203.76000977 2219.46997070 226 226 214 2.000000 21.000000
561546.86999512 5117203.05004883 2222.62988281 225 223 210 2.000000 21.000000
561575.41000366 5117197.89990234 2239.14990234 138 140 134 2.000000 21.000000
561605.54000854 5117192.45996094 2256.22998047 201 198 182 2.000000 21.000000
561611.51998901 5117191.39990234 2260.23999023 200 196 179 2.000000 21.000000
561617.48001099 5117190.37011719 2264.65991211 222 221 198 2.000000 21.000000
561625.36999512 5117189.02001953 2270.76000977 180 176 155 2.000000 21.000000
561631.26000977 5117188.02001953 2275.63989258 188 188 168 2.000000 21.000000
561639.05999756 5117186.69995117 2282.03002930 196 194 176 2.000000 21.000000
561644.86999512 5117185.67993164 2285.98999023 231 231 217 2.000000 21.000000
561662.17001343 5117182.52001953 2295.20996094 229 229 215 2.000000 21.000000
561690.47000122 5117177.43994141 2312.12011719 110 128 141 2.000000 21.000000
561696.11999512 5117176.32006836 2313.16992188 104 118 136 2.000000 21.000000
561700.05999756 5117175.32006836 2308.89990234 96 106 129 2.000000 21.000000
561716.05999756 5117171.16992188 2289.86010742 95 105 124 2.000000 21.000000
561726.30999756 5117168.42993164 2275.83007813 74 85 100 2.000000 21.000000
561730.29998779 5117167.47998047 2272.86010742 82 92 109 2.000000 21.000000
561736.10000610 5117166.22998047 2271.81005859 75 87 102 2.000000 21.000000
561741.89999390 5117164.97998047 2270.65991211 77 85 102 2.000000 21.000000
561747.64999390 5117163.78002930 2270.28002930 70 78 96 2.000000 21.000000
561751.69999695 5117162.78002930 2266.60009766 75 82 100 2.000000 21.000000
561772.83999634 5117158.26000977 2262.86010742 67 74 88 2.000000 21.000000
561782.66000366 5117153.37988281 2240.00000000 49 54 66 2.000000 21.000000
561777.97999573 5117154.81005859 2250.48999023 50 56 70 2.000000 21.000000
561768.80999756 5117157.56005859 2270.27001953 64 69 85 2.000000 21.000000
561763.03999329 5117158.78002930 2271.35009766 60 66 82 2.000000 21.000000
561757.39999390 5117159.89990234 2270.62011719 61 67 83 2.000000 21.000000
561722.47000122 5117167.40991211 2279.77001953 73 82 99 2.000000 21.000000
561710.19000244 5117170.70996094 2297.41992188 96 106 126 2.000000 21.000000
561704.22000122 5117172.20996094 2303.92993164 95 106 126 2.000000 21.000000
561683.14999390 5117176.71997070 2308.76000977 230 232 216 2.000000 21.000000
561673.76000977 5117178.35009766 2302.60009766 230 231 217 2.000000 21.000000
561668.08999634 5117179.35009766 2299.23999023 230 230 217 2.000000 21.000000
561656.64001465 5117181.40991211 2293.23999023 236 236 222 2.000000 21.000000
561650.88000488 5117182.43994141 2290.17993164 240 242 232 2.000000 21.000000
561597.76998901 5117191.55004883 2252.56005859 226 226 210 2.000000 21.000000
561591.76000977 5117192.62988281 2249.37988281 235 235 220 2.000000 21.000000
561585.73001099 5117193.70996094 2246.14990234 220 220 202 2.000000 21.000000
561579.67001343 5117194.81005859 2243.11010742 151 150 144 2.000000 21.000000
561567.48999023 5117196.98999023 2236.54003906 205 205 188 2.000000 21.000000
561561.39999390 5117198.11010742 2233.95996094 174 180 166 2.000000 21.000000
561553.17999268 5117199.55004883 2228.71997070 230 230 214 2.000000 21.000000
561530.22000122 5117203.43994141 2211.36010742 230 230 217 2.000000 21.000000
561523.97000122 5117204.55004883 2207.80004883 234 234 221 2.000000 21.000000
561517.67001343 5117205.63989258 2203.40991211 232 232 220 2.000000 21.000000
561511.35998535 5117206.72998047 2199.29003906 232 232 220 2.000000 21.000000
561486.02001953 5117211.15991211 2183.04003906 232 232 220 2.000000 21.000000
561460.58001709 5117215.61010742 2166.89990234 224 223 214 2.000000 21.000000
561492.29000854 5117208.15991211 2187.27001953 230 231 219 2.000000 21.000000
561496.51000977 5117207.41992188 2190.05004883 232 232 220 2.000000 21.000000
561502.85000610 5117206.31005859 2194.39990234 232 233 221 2.000000 21.000000
561534.33999634 5117200.81005859 2216.12988281 218 219 204 2.000000 21.000000
561548.85000610 5117198.26000977 2225.88989258 229 230 214 2.000000 21.000000
561571.44000244 5117194.28002930 2240.79003906 208 208 194 2.000000 21.000000
561601.63000488 5117188.73999023 2255.95996094 229 228 211 2.000000 21.000000
561607.61999512 5117187.65991211 2259.15991211 224 219 206 2.000000 21.000000
561613.60000610 5117186.58007813 2262.71997070 199 194 178 2.000000 21.000000
561619.54998779 5117185.54003906 2266.68994141 194 192 175 2.000000 21.000000
561627.44000244 5117184.18994141 2272.73999023 201 198 174 2.000000 21.000000
561633.32000732 5117183.18994141 2277.42993164 163 165 152 2.000000 21.000000
561641.10000610 5117181.86010742 2283.59008789 174 174 158 2.000000 21.000000
561677.33999634 5117175.37988281 2305.36010742 232 230 218 2.000000 21.000000
561686.67001343 5117173.72998047 2311.55004883 233 226 211 2.000000 21.000000
561692.25000000 5117172.71997070 2314.47998047 114 122 141 2.000000 21.000000
561712.01000977 5117167.66992188 2293.05004883 94 101 120 2.000000 21.000000
561716.10998535 5117166.54003906 2286.70996094 84 92 110 2.000000 21.000000
561727.98999023 5117163.70996094 2278.23999023 80 90 104 2.000000 21.000000
561733.82000732 5117162.42993164 2276.54003906 78 85 98 2.000000 21.000000
561739.58999634 5117161.19995117 2275.62988281 79 88 102 2.000000 21.000000
561745.33000183 5117160.00000000 2275.35009766 72 82 100 2.000000 21.000000
561751.19000244 5117158.68994141 2272.96997070 68 74 92 2.000000 21.000000
561760.49000549 5117156.88989258 2275.61010742 58 64 78 2.000000 21.000000
561773.50999451 5117153.23999023 2254.27001953 50 56 70 2.000000 21.000000
561778.13000488 5117151.84008789 2244.39990234 50 54 68 2.000000 21.000000
561782.97999573 5117150.29003906 2232.07006836 49 53 66 2.000000 21.000000
561770.78999329 5117152.31005859 2261.69995117 52 56 69 2.000000 21.000000
561768.55000305 5117152.96997070 2266.12988281 52 56 70 2.000000 21.000000
561754.50999451 5117156.30004883 2276.41992188 62 67 84 2.000000 21.000000
561725.57000732 5117162.46997070 2282.79003906 78 85 104 2.000000 21.000000
561719.76000977 5117163.71997070 2284.39990234 68 74 95 2.000000 21.000000
561705.67999268 5117167.36010742 2301.25000000 98 110 128 2.000000 21.000000
561701.70001221 5117168.37988281 2306.02001953 98 109 132 2.000000 21.000000
561697.73999023 5117169.39990234 2310.76000977 106 118 138 2.000000 21.000000
561669.45001221 5117174.73999023 2301.61010742 230 230 218 2.000000 21.000000
561663.75000000 5117175.76000977 2298.78002930 228 229 220 2.000000 21.000000
561658.02999878 5117176.78002930 2295.52001953 237 238 228 2.000000 21.000000
561652.29000854 5117177.79003906 2292.14990234 248 247 236 2.000000 21.000000
561646.51998901 5117178.76000977 2287.54003906 184 185 174 2.000000 21.000000
561636.82000732 5117180.39990234 2280.31005859 168 170 154 2.000000 21.000000
561623.10000610 5117182.71997070 2269.98999023 169 166 154 2.000000 21.000000
561595.25000000 5117187.67993164 2254.54003906 236 230 214 2.000000 21.000000
561589.23999023 5117188.76000977 2251.56005859 176 180 171 2.000000 21.000000
561583.20999146 5117189.85009766 2248.57006836 172 173 164 2.000000 21.000000
561577.17001343 5117190.93994141 2245.48999023 198 194 182 2.000000 21.000000
561565.02999878 5117193.12988281 2239.26000977 211 211 194 2.000000 21.000000
561556.82000732 5117194.52001953 2233.10009766 228 228 212 2.000000 21.000000
561544.39999390 5117196.59008789 2223.19995117 218 220 204 2.000000 21.000000
561540.26000977 5117197.30004883 2220.17993164 223 226 210 2.000000 21.000000
561525.70999146 5117199.80004883 2210.08007813 232 232 218 2.000000 21.000000
561519.45001221 5117200.87011719 2205.80004883 230 230 217 2.000000 21.000000
561513.17999268 5117201.95996094 2201.52001953 234 234 223 2.000000 21.000000
561506.89001465 5117203.04003906 2197.18994141 233 233 221 2.000000 21.000000
561488.00000000 5117206.32006836 2184.81005859 229 230 218 2.000000 21.000000
561481.67999268 5117207.40991211 2180.62988281 234 234 222 2.000000 21.000000
561477.45001221 5117208.13989258 2177.71997070 232 232 220 2.000000 21.000000
561473.21002197 5117208.87011719 2174.80004883 232 232 220 2.000000 21.000000
561468.97998047 5117209.60009766 2171.98999023 240 238 227 2.000000 21.000000
561464.72998047 5117210.33007813 2168.97998047 237 234 224 2.000000 21.000000
561458.40002441 5117211.42993164 2164.96997070 232 230 224 2.000000 21.000000
561498.67999268 5117202.54003906 2192.15991211 232 234 222 2.000000 21.000000
561530.07000732 5117197.06005859 2213.55004883 230 232 216 2.000000 21.000000
561548.80999756 5117193.87988281 2228.51000977 216 217 202 2.000000 21.000000
561569.30999756 5117190.35009766 2243.61010742 206 208 196 2.000000 21.000000
561601.32000732 5117184.44995117 2258.90991211 228 226 206 2.000000 21.000000
561607.26998901 5117183.36010742 2261.84008789 230 225 212 2.000000 21.000000
561615.19000244 5117181.92993164 2266.12011719 228 226 210 2.000000 21.000000
561628.95001221 5117179.47998047 2274.69995117 202 194 171 2.000000 21.000000
561673.20999146 5117171.72998047 2304.63989258 230 230 218 2.000000 21.000000
561678.86999512 5117170.70996094 2307.71997070 230 231 218 2.000000 21.000000
561688.23999023 5117169.02001953 2313.15991211 114 132 145 2.000000 21.000000
561693.82000732 5117168.01000977 2316.13989258 105 114 132 2.000000 21.000000
561709.80999756 5117163.81005859 2296.39990234 82 91 110 2.000000 21.000000
561713.85998535 5117162.73999023 2291.17993164 84 93 108 2.000000 21.000000
561727.36999512 5117159.83007813 2288.56005859 71 78 95 2.000000 21.000000
561731.48999023 5117158.72998047 2283.09008789 74 82 96 2.000000 21.000000
561737.38000488 5117157.39990234 2280.37988281 80 88 102 2.000000 21.000000
561743.10000610 5117156.21997070 2280.36010742 78 86 104 2.000000 21.000000
561748.91999817 5117154.93994141 2278.70996094 67 73 91 2.000000 21.000000
561758.80000305 5117152.66992188 2273.45996094 54 59 72 2.000000 21.000000
561762.89999390 5117151.63989258 2269.45996094 50 56 68 2.000000 21.000000
561773.82000732 5117148.56005859 2251.41992188 50 54 66 2.000000 21.000000
561776.61999512 5117147.47998047 2240.43994141 48 52 66 2.000000 21.000000
561778.91000366 5117146.80004883 2235.80004883 50 54 66 2.000000 21.000000
561783.86000061 5117143.85009766 2233.61010742 50 54 66 2.000000 21.000000
561768.66999817 5117147.98999023 2256.35009766 50 54 66 2.000000 21.000000
561766.42999268 5117148.64990234 2260.87011719 52 56 68 2.000000 21.000000
561720.92001343 5117159.21997070 2289.43994141 73 81 100 2.000000 21.000000
561703.17999268 5117163.53002930 2304.62988281 96 110 128 2.000000 21.000000
561699.19000244 5117164.57006836 2309.82006836 100 113 132 2.000000 21.000000
561665.14999390 5117171.12011719 2301.67993164 242 242 232 2.000000 21.000000
561659.45001221 5117172.12011719 2298.17993164 240 242 236 2.000000 21.000000
561653.72000122 5117173.11010742 2294.38989258 230 228 222 2.000000 21.000000
561647.97000122 5117174.04003906 2289.19995117 150 154 147 2.000000 21.000000
561642.17999268 5117175.02001953 2284.79003906 182 178 158 2.000000 21.000000
561632.44000244 5117176.67993164 2277.86010742 177 177 163 2.000000 21.000000
561618.70001221 5117179.10009766 2269.67993164 224 220 203 2.000000 21.000000
561594.89001465 5117183.36010742 2257.19995117 169 171 167 2.000000 21.000000
561588.91000366 5117184.46997070 2254.87988281 205 194 177 2.000000 21.000000
561582.89001465 5117185.55004883 2251.70996094 199 189 174 2.000000 21.000000
561576.88000488 5117186.63989258 2248.82006836 195 196 184 2.000000 21.000000
561560.64001465 5117189.43994141 2237.83007813 223 224 210 2.000000 21.000000
561552.44000244 5117190.83007813 2231.87988281 220 220 204 2.000000 21.000000
561544.17999268 5117192.22998047 2225.63989258 222 222 208 2.000000 21.000000
561535.79998779 5117193.59008789 2218.19995117 230 232 218 2.000000 21.000000
561521.23999023 5117196.09008789 2208.12011719 232 232 218 2.000000 21.000000
561514.95999146 5117197.15991211 2203.68994141 230 230 218 2.000000 21.000000
561508.69000244 5117198.23999023 2199.46997070 232 232 220 2.000000 21.000000
561502.39001465 5117199.32006836 2195.13989258 233 234 222 2.000000 21.000000
561493.98001099 5117200.78002930 2189.50000000 234 234 222 2.000000 21.000000
561489.73001099 5117201.50000000 2186.41992188 234 234 223 2.000000 21.000000
561485.48999023 5117202.21997070 2183.34008789 234 234 224 2.000000 21.000000
561479.15002441 5117203.32006836 2179.12988281 236 238 226 2.000000 21.000000
561470.67999268 5117204.78002930 2173.42993164 236 236 225 2.000000 21.000000
561466.42999268 5117205.51000977 2170.50000000 231 231 223 2.000000 21.000000
561460.04998779 5117206.61010742 2166.29003906 236 236 230 2.000000 21.000000
561526.36999512 5117193.32006836 2212.05004883 226 226 212 2.000000 21.000000
561565.66000366 5117186.61010742 2242.12011719 222 224 211 2.000000 21.000000
561571.77999878 5117185.56005859 2246.56005859 224 225 214 2.000000 21.000000
561597.83999634 5117180.86010742 2261.03002930 152 150 146 2.000000 21.000000
561603.80999756 5117179.77001953 2264.07006836 208 205 188 2.000000 21.000000
561609.76000977 5117178.67993164 2267.03002930 204 200 188 2.000000 21.000000
561621.60000610 5117176.52001953 2272.88989258 222 220 202 2.000000 21.000000
561637.25000000 5117173.69995117 2281.87988281 202 194 174 2.000000 21.000000
561681.22000122 5117165.96997070 2310.71997070 230 232 218 2.000000 21.000000
561696.16000366 5117163.25000000 2318.42993164 102 115 133 2.000000 21.000000
561708.17001343 5117160.01000977 2301.91992188 92 100 124 2.000000 21.000000
561712.29998779 5117158.82006836 2294.47998047 82 90 110 2.000000 21.000000
561717.89999390 5117157.78002930 2296.94995117 61 66 81 2.000000 21.000000
561723.70999146 5117156.47998047 2294.83007813 78 87 104 2.000000 21.000000
561729.11999512 5117155.61010742 2300.00000000 78 86 102 2.000000 21.000000
561733.55999756 5117154.15991211 2288.43994141 75 83 98 2.000000 21.000000
561737.52999878 5117153.19995117 2285.36010742 76 86 100 2.000000 21.000000
561743.26000977 5117151.98999023 2284.69995117 81 88 106 2.000000 21.000000
561751.25999451 5117150.03002930 2278.14990234 64 68 83 2.000000 21.000000
561755.36999512 5117148.96997070 2273.41992188 52 56 69 2.000000 21.000000
561759.66999817 5117147.75000000 2266.30004883 52 57 68 2.000000 21.000000
561772.83000183 5117143.98999023 2243.40991211 50 55 68 2.000000 21.000000
561780.97000122 5117142.02001953 2237.26000977 51 56 68 2.000000 21.000000
561782.50999451 5117140.11010742 2242.50000000 52 56 68 2.000000 21.000000
561772.22000122 5117142.61010742 2251.37011719 50 56 69 2.000000 21.000000
561747.13999939 5117149.17993164 2282.86010742 70 77 93 2.000000 21.000000
561740.82000732 5117150.93994141 2293.03002930 75 85 102 2.000000 21.000000
561735.16000366 5117152.07006836 2292.76000977 74 84 100 2.000000 21.000000
561732.95999146 5117152.78002930 2298.26000977 76 84 98 2.000000 21.000000
561723.39999390 5117154.82006836 2300.30004883 74 84 103 2.000000 21.000000
561702.26000977 5117159.44995117 2307.51000977 99 111 128 2.000000 21.000000
561698.22000122 5117160.58007813 2314.31005859 102 116 132 2.000000 21.000000
561690.58999634 5117162.25000000 2316.76000977 104 117 135 2.000000 21.000000
561685.01998901 5117163.23999023 2313.76000977 224 224 214 2.000000 21.000000
561675.64999390 5117164.91992188 2308.96997070 236 236 227 2.000000 21.000000
561670.01000977 5117165.93994141 2306.21997070 241 241 234 2.000000 21.000000
561660.54998779 5117167.58007813 2300.11010742 237 241 237 2.000000 21.000000
561651.04000854 5117169.15991211 2292.57006836 168 175 162 2.000000 21.000000
561643.36999512 5117170.46997070 2287.04003906 194 188 166 2.000000 21.000000
561627.85998535 5117173.18994141 2277.89990234 200 192 172 2.000000 21.000000
561616.13000488 5117175.29003906 2271.78002930 191 194 186 2.000000 21.000000
561592.48999023 5117179.58007813 2260.62988281 143 144 137 2.000000 21.000000
561586.51998901 5117180.65991211 2257.70996094 200 198 186 2.000000 21.000000
561580.54000854 5117181.73999023 2254.76000977 227 228 216 2.000000 21.000000
561556.16000366 5117185.84008789 2236.25000000 217 218 204 2.000000 21.000000
561547.91000366 5117187.19995117 2229.46997070 224 224 208 2.000000 21.000000
561541.64999390 5117188.19995117 2223.62988281 229 229 216 2.000000 21.000000
561537.51000977 5117188.89990234 2220.55004883 232 234 222 2.000000 21.000000
561531.27999878 5117189.94995117 2216.02001953 229 229 217 2.000000 21.000000
561516.67001343 5117192.43994141 2205.54003906 234 232 222 2.000000 21.000000
561510.39999390 5117193.52001953 2201.32006836 232 234 222 2.000000 21.000000
561504.08999634 5117194.59008789 2196.83007813 233 234 222 2.000000 21.000000
561497.76998901 5117195.67993164 2192.51000977 232 234 222 2.000000 21.000000
561480.88000488 5117198.58007813 2180.96997070 239 239 228 2.000000 21.000000
561474.53997803 5117199.66992188 2176.86010742 238 238 227 2.000000 21.000000
561461.80999756 5117201.87988281 2168.56005859 246 246 240 2.000000 21.000000
561467.35998535 5117199.25000000 2172.52001953 237 238 228 2.000000 21.000000
561486.34002686 5117195.91992188 2184.93994141 234 234 224 2.000000 21.000000
561490.57000732 5117195.18994141 2187.97998047 234 235 224 2.000000 21.000000
561522.05999756 5117189.71997070 2209.88989258 227 227 215 2.000000 21.000000
561561.52999878 5117183.02001953 2240.56005859 219 220 207 2.000000 21.000000
561567.66000366 5117181.94995117 2244.89990234 222 221 210 2.000000 21.000000
561573.79000854 5117180.91992188 2249.84008789 225 222 210 2.000000 21.000000
561595.94000244 5117177.01000977 2263.89990234 122 130 138 2.000000 21.000000
561603.89001465 5117175.51000977 2266.86010742 178 174 165 2.000000 21.000000
561609.85000610 5117174.42993164 2270.02001953 202 198 184 2.000000 21.000000
561621.67999268 5117172.27001953 2276.04003906 159 158 146 2.000000 21.000000
561631.50000000 5117170.50000000 2281.40991211 195 189 173 2.000000 21.000000
561637.33999634 5117169.43994141 2284.59008789 186 178 159 2.000000 21.000000
561654.70999146 5117166.39990234 2296.13989258 177 174 166 2.000000 21.000000
561664.23001099 5117164.76000977 2303.22998047 238 239 228 2.000000 21.000000
561707.92999268 5117155.86010742 2305.72998047 86 98 115 2.000000 21.000000
561712.02999878 5117154.67993164 2298.37988281 76 85 104 2.000000 21.000000
561717.64001465 5117153.59008789 2299.97998047 60 62 82 2.000000 21.000000
561726.88000488 5117151.87011719 2303.83007813 78 86 106 2.000000 21.000000
561732.26998901 5117150.94995117 2308.08007813 76 85 100 2.000000 21.000000
561751.30999756 5117145.45996094 2274.41992188 50 52 68 2.000000 21.000000
561755.52000427 5117144.31005859 2268.48999023 50 54 68 2.000000 21.000000
561759.67999268 5117143.22998047 2263.64990234 52 58 68 2.000000 21.000000
561763.82000732 5117142.16992188 2259.18994141 50 56 68 2.000000 21.000000
561767.88999939 5117141.16992188 2255.76000977 48 54 66 2.000000 21.000000
561777.88999939 5117138.83007813 2249.87011719 54 58 72 2.000000 21.000000
561775.10000610 5117137.87988281 2256.47998047 58 60 74 2.000000 21.000000
561742.45999146 5117146.04003906 2288.81005859 77 84 101 2.000000 21.000000
561739.98001099 5117147.00000000 2298.47998047 75 82 100 2.000000 21.000000
561720.85000610 5117151.12011719 2303.47998047 73 79 99 2.000000 21.000000
561703.52999878 5117155.01000977 2311.29003906 78 88 107 2.000000 21.000000
561697.60998535 5117156.54003906 2318.27001953 103 118 134 2.000000 21.000000
561691.92001343 5117157.76000977 2319.57006836 110 121 138 2.000000 21.000000
561686.35000610 5117158.75000000 2316.63989258 105 127 137 2.000000 21.000000
561680.76000977 5117159.75000000 2313.70996094 232 232 218 2.000000 21.000000
561671.39001465 5117161.41992188 2308.76000977 243 244 238 2.000000 21.000000
561646.73999023 5117165.61010742 2291.12011719 174 172 156 2.000000 21.000000
561587.98999023 5117176.15991211 2261.48999023 223 220 206 2.000000 21.000000
561581.95999146 5117177.17993164 2257.13989258 226 224 210 2.000000 21.000000
561557.50000000 5117181.26000977 2238.06005859 220 220 206 2.000000 21.000000
561553.35998535 5117181.91992188 2234.27001953 226 226 212 2.000000 21.000000
561549.22000122 5117182.61010742 2231.01000977 228 228 214 2.000000 21.000000
561545.07000732 5117183.30004883 2227.60009766 230 230 217 2.000000 21.000000
561538.79000854 5117184.32006836 2222.23999023 230 230 219 2.000000 21.000000
561532.55999756 5117185.37988281 2217.85009766 226 226 214 2.000000 21.000000
561526.29000854 5117186.43994141 2213.30004883 232 232 220 2.000000 21.000000
561517.91000366 5117187.86010742 2207.26000977 234 232 222 2.000000 21.000000
561511.61999512 5117188.93994141 2202.91992188 232 232 224 2.000000 21.000000
561507.42001343 5117189.65991211 2199.96997070 234 236 224 2.000000 21.000000
561501.10000610 5117190.72998047 2195.55004883 232 234 222 2.000000 21.000000
561494.76998901 5117191.81005859 2191.11010742 234 234 224 2.000000 21.000000
561482.09997559 5117194.00000000 2182.67993164 236 234 226 2.000000 21.000000
561475.75000000 5117195.09008789 2178.55004883 236 236 226 2.000000 21.000000
561463.03997803 5117197.29003906 2170.34008789 243 243 236 2.000000 21.000000
561456.70001221 5117198.39990234 2166.37988281 241 240 234 2.000000 21.000000
561469.67999268 5117194.43994141 2175.12988281 238 238 230 2.000000 21.000000
561564.13000488 5117178.21997070 2243.90991211 218 218 204 2.000000 21.000000
561570.29000854 5117177.19995117 2249.21997070 221 221 208 2.000000 21.000000
561574.39999390 5117176.54003906 2253.20996094 224 224 211 2.000000 21.000000
561592.48999023 5117173.35009766 2264.78002930 222 218 204 2.000000 21.000000
561598.45999146 5117172.26000977 2267.79003906 128 134 140 2.000000 21.000000
561604.41000366 5117171.17993164 2270.84008789 96 111 118 2.000000 21.000000
561610.32998657 5117170.07006836 2273.22998047 155 152 140 2.000000 21.000000
561616.22000122 5117169.00000000 2276.18994141 220 220 207 2.000000 21.000000
561622.11999512 5117167.96997070 2280.28002930 200 198 180 2.000000 21.000000
561627.98001099 5117166.87988281 2282.72998047 204 204 188 2.000000 21.000000
561633.82000732 5117165.82006836 2285.83007813 136 136 133 2.000000 21.000000
561639.60998535 5117164.77001953 2288.89990234 206 204 186 2.000000 21.000000
561651.13000488 5117162.67993164 2294.87988281 212 210 192 2.000000 21.000000
561656.85000610 5117161.69995117 2299.08007813 195 186 162 2.000000 21.000000
561666.29000854 5117160.10009766 2306.52001953 204 204 200 2.000000 21.000000
561675.67001343 5117158.42993164 2312.17993164 236 236 227 2.000000 21.000000
561707.79998779 5117151.67993164 2309.46997070 74 86 104 2.000000 21.000000
561711.73001099 5117150.68994141 2305.66992188 80 93 108 2.000000 21.000000
561724.80999756 5117148.08007813 2307.55004883 82 88 107 2.000000 21.000000
561732.14001465 5117146.71997070 2310.75000000 74 80 96 2.000000 21.000000
561737.85000610 5117145.44995117 2308.87988281 76 80 100 2.000000 21.000000
561740.04998779 5117144.75000000 2303.52001953 75 82 99 2.000000 21.000000
561742.42001343 5117143.87011719 2295.37011719 75 82 98 2.000000 21.000000
561745.00999451 5117142.81005859 2284.20996094 74 81 97 2.000000 21.000000
561749.10000610 5117141.75000000 2279.60009766 58 63 79 2.000000 21.000000
561753.33000183 5117140.57006836 2273.00000000 52 55 70 2.000000 21.000000
561757.61000061 5117139.36010742 2266.11010742 54 58 70 2.000000 21.000000
561761.63000488 5117138.38989258 2263.09008789 51 56 67 2.000000 21.000000
561767.60000610 5117136.98999023 2259.41992188 52 58 70 2.000000 21.000000
561777.63999939 5117134.61010742 2252.96997070 70 76 93 2.000000 21.000000
561780.13000488 5117133.76000977 2245.84008789 68 73 89 2.000000 21.000000
561772.60000610 5117134.27001953 2261.43994141 58 66 80 2.000000 21.000000
561718.64001465 5117147.46997070 2308.17993164 81 89 110 2.000000 21.000000
561705.19000244 5117150.52001953 2314.67993164 82 94 113 2.000000 21.000000
561699.41000366 5117151.86010742 2318.19995117 91 102 120 2.000000 21.000000
561697.35000610 5117152.52001953 2323.37988281 105 116 135 2.000000 21.000000
561688.07998657 5117154.22998047 2319.63989258 121 136 147 2.000000 21.000000
561680.57998657 5117155.62011719 2316.65991211 229 229 217 2.000000 21.000000
561661.85998535 5117158.82006836 2303.79003906 188 184 172 2.000000 21.000000
561583.79000854 5117172.64990234 2260.41992188 228 228 214 2.000000 21.000000
561577.76998901 5117173.70996094 2256.88989258 228 228 217 2.000000 21.000000
561559.39001465 5117176.68994141 2240.75000000 230 229 215 2.000000 21.000000
561540.70999146 5117179.71997070 2224.39990234 236 236 224 2.000000 21.000000
561534.48999023 5117180.76000977 2219.87011719 236 236 226 2.000000 21.000000
561528.25000000 5117181.82006836 2215.35009766 240 238 228 2.000000 21.000000
561522.01998901 5117182.88989258 2211.10009766 238 236 226 2.000000 21.000000
561513.66000366 5117184.31005859 2205.23999023 231 232 224 2.000000 21.000000
561503.17001343 5117186.09008789 2197.85009766 236 236 225 2.000000 21.000000
561496.88000488 5117187.16992188 2193.56005859 236 236 226 2.000000 21.000000
561490.55999756 5117188.25000000 2189.31005859 234 234 224 2.000000 21.000000
561486.33001709 5117188.96997070 2186.26000977 237 236 226 2.000000 21.000000
561477.90997314 5117190.42993164 2180.91992188 234 232 225 2.000000 21.000000
561465.26000977 5117192.61010742 2172.79003906 246 248 240 2.000000 21.000000
561458.94000244 5117193.71997070 2168.92993164 242 244 237 2.000000 21.000000
561472.64001465 5117189.55004883 2177.75000000 245 245 236 2.000000 21.000000
561508.57998657 5117183.30004883 2202.12988281 234 234 225 2.000000 21.000000
561546.02999878 5117176.83007813 2228.43994141 237 237 225 2.000000 21.000000
561550.19000244 5117176.14990234 2232.18994141 238 238 224 2.000000 21.000000
561554.32998657 5117175.46997070 2235.87988281 232 231 218 2.000000 21.000000
561566.64001465 5117173.43994141 2246.51000977 232 230 217 2.000000 21.000000
561588.83999634 5117169.75000000 2265.14990234 204 204 189 2.000000 21.000000
561594.77999878 5117168.65991211 2268.06005859 224 222 204 2.000000 21.000000
561600.72000122 5117167.61010742 2271.83007813 214 208 196 2.000000 21.000000
561606.61999512 5117166.54003906 2274.78002930 185 177 169 2.000000 21.000000
561612.48001099 5117165.43994141 2277.03002930 197 192 173 2.000000 21.000000
561618.35000610 5117164.37988281 2280.22998047 224 224 208 2.000000 21.000000
561624.20001221 5117163.36010742 2284.27001953 214 214 198 2.000000 21.000000
561630.01000977 5117162.31005859 2287.26000977 212 212 198 2.000000 21.000000
561635.82000732 5117161.22998047 2289.83007813 208 212 194 2.000000 21.000000
561641.60000610 5117160.15991211 2292.41992188 222 223 205 2.000000 21.000000
561647.35998535 5117159.11010742 2295.30004883 194 191 175 2.000000 21.000000
561653.10998535 5117158.08007813 2298.61010742 180 174 156 2.000000 21.000000
561668.27999878 5117155.44995117 2309.12011719 228 227 220 2.000000 21.000000
561710.04998779 5117146.92993164 2311.03002930 82 94 110 2.000000 21.000000
561721.38000488 5117144.60009766 2311.34008789 71 82 98 2.000000 21.000000
561726.85998535 5117143.62988281 2314.62988281 79 86 101 2.000000 21.000000
561732.48001099 5117142.46997070 2314.63989258 82 90 105 2.000000 21.000000
561740.44000244 5117140.46997070 2307.12011719 72 80 96 2.000000 21.000000
561742.64999390 5117139.76000977 2301.78002930 73 80 96 2.000000 21.000000
561745.38999939 5117138.56005859 2288.33007813 74 81 96 2.000000 21.000000
561756.11999512 5117135.47998047 2270.15991211 50 53 67 2.000000 21.000000
561762.10000610 5117134.08007813 2266.68994141 52 56 69 2.000000 21.000000
561767.86999512 5117132.86010742 2266.12988281 54 58 73 2.000000 21.000000
561776.83999634 5117130.19995117 2248.96997070 71 79 96 2.000000 21.000000
561781.10000610 5117129.06005859 2243.57006836 66 74 90 2.000000 21.000000
561773.99000549 5117129.55004883 2259.79003906 75 83 98 2.000000 21.000000
561752.03999329 5117134.73999023 2274.88989258 57 61 75 2.000000 21.000000
561747.83000183 5117135.89990234 2281.17993164 67 74 90 2.000000 21.000000
561715.83999634 5117143.90991211 2312.52001953 74 84 102 2.000000 21.000000
561704.29998779 5117146.52001953 2318.09008789 88 98 119 2.000000 21.000000
561700.33999634 5117147.57006836 2323.23999023 90 102 118 2.000000 21.000000
561692.76998901 5117149.16992188 2324.35009766 111 119 140 2.000000 21.000000
561683.48999023 5117150.83007813 2319.55004883 228 228 216 2.000000 21.000000
561675.98999023 5117152.15991211 2315.52001953 234 234 226 2.000000 21.000000
561662.79998779 5117154.39990234 2306.19995117 224 222 210 2.000000 21.000000
561657.08999634 5117155.37011719 2302.38989258 230 227 210 2.000000 21.000000
561574.75000000 5117169.84008789 2254.38989258 228 229 216 2.000000 21.000000
561570.70001221 5117170.50000000 2251.00000000 228 227 215 2.000000 21.000000
561537.79000854 5117175.85009766 2222.96997070 234 234 224 2.000000 21.000000
561529.50000000 5117177.25000000 2217.01000977 238 238 228 2.000000 21.000000
561523.26998901 5117178.32006836 2212.72998047 240 240 230 2.000000 21.000000
561519.10000610 5117179.02001953 2209.73999023 242 240 231 2.000000 21.000000
561514.92999268 5117179.72998047 2206.90991211 236 238 228 2.000000 21.000000
561504.47000122 5117181.52001953 2199.70996094 238 237 227 2.000000 21.000000
561498.17001343 5117182.59008789 2195.37011719 238 238 228 2.000000 21.000000
561491.83999634 5117183.67993164 2191.10009766 234 236 226 2.000000 21.000000
561487.59997559 5117184.38989258 2188.03002930 230 231 221 2.000000 21.000000
561483.35998535 5117185.11010742 2185.07006836 232 230 222 2.000000 21.000000
561466.47998047 5117188.05004883 2174.68994141 239 242 233 2.000000 21.000000
561460.15002441 5117189.15991211 2171.01000977 237 239 231 2.000000 21.000000
561474.97998047 5117184.80004883 2180.22998047 238 240 229 2.000000 21.000000
561510.67999268 5117178.60009766 2204.39990234 239 239 230 2.000000 21.000000
561533.48999023 5117174.65991211 2220.29003906 234 234 223 2.000000 21.000000
561541.73001099 5117173.23999023 2226.13989258 236 236 224 2.000000 21.000000
561556.13000488 5117170.84008789 2238.10009766 226 224 212 2.000000 21.000000
561560.26000977 5117170.18994141 2242.30004883 222 222 208 2.000000 21.000000
561578.52999878 5117167.16992188 2257.66992188 219 221 207 2.000000 21.000000
561584.52999878 5117166.13989258 2261.98999023 218 218 201 2.000000 21.000000
561590.51000977 5117165.11010742 2266.32006836 210 211 194 2.000000 21.000000
561596.48001099 5117164.11010742 2271.09008789 216 218 201 2.000000 21.000000
561602.41000366 5117163.07006836 2274.97998047 232 228 212 2.000000 21.000000
561608.30999756 5117162.02001953 2278.36010742 218 216 203 2.000000 21.000000
561614.19000244 5117160.94995117 2281.38989258 203 201 185 2.000000 21.000000
561620.04000854 5117159.87011719 2284.13989258 210 212 197 2.000000 21.000000
561625.86999512 5117158.82006836 2287.17993164 228 228 212 2.000000 21.000000
561631.69000244 5117157.78002930 2290.64990234 216 214 202 2.000000 21.000000
561637.48999023 5117156.70996094 2293.19995117 212 214 198 2.000000 21.000000
561643.26998901 5117155.64990234 2295.90991211 218 219 204 2.000000 21.000000
561649.02999878 5117154.60009766 2298.84008789 216 214 198 2.000000 21.000000
561669.91000366 5117150.92993164 2312.12988281 231 231 222 2.000000 21.000000
561686.76000977 5117147.93994141 2322.15991211 232 232 218 2.000000 21.000000
561696.00000000 5117146.27001953 2327.12011719 109 119 138 2.000000 21.000000
561709.61999512 5117142.87988281 2315.07006836 80 90 109 2.000000 21.000000
561720.92001343 5117140.51000977 2314.39990234 65 71 88 2.000000 21.000000
561726.35000610 5117139.56005859 2317.93994141 84 90 104 2.000000 21.000000
561731.97000122 5117138.38989258 2317.63989258 78 85 98 2.000000 21.000000
561735.98001099 5117137.32006836 2312.63989258 74 82 96 2.000000 21.000000
561741.64999390 5117136.10009766 2311.53002930 72 79 94 2.000000 21.000000
561757.33000183 5117131.02001953 2273.10009766 56 59 73 2.000000 21.000000
561763.08999634 5117129.76000977 2271.62988281 48 54 68 2.000000 21.000000
561769.27999878 5117128.15991211 2264.71997070 60 68 82 2.000000 21.000000
561780.08999634 5117125.12988281 2248.09008789 65 74 93 2.000000 21.000000
561784.47000122 5117122.58007813 2249.45996094 70 76 90 2.000000 21.000000
561776.61000061 5117124.37011719 2253.18994141 70 76 92 2.000000 21.000000
561754.00999451 5117130.11010742 2276.90991211 59 64 78 2.000000 21.000000
561749.94999695 5117131.12988281 2280.91992188 60 66 80 2.000000 21.000000
561745.91999817 5117132.12988281 2284.72998047 69 77 92 2.000000 21.000000
561715.86999512 5117139.78002930 2316.56005859 70 79 96 2.000000 21.000000
561706.36999512 5117141.85009766 2319.23999023 86 96 114 2.000000 21.000000
561702.42001343 5117142.87988281 2323.96997070 88 98 118 2.000000 21.000000
561679.95999146 5117147.26000977 2320.06005859 228 226 216 2.000000 21.000000
561665.00000000 5117149.83007813 2310.29003906 234 234 221 2.000000 21.000000
561659.33999634 5117150.80004883 2306.52001953 220 220 207 2.000000 21.000000
561567.26998901 5117166.73999023 2248.47998047 224 225 214 2.000000 21.000000
561550.83999634 5117169.40991211 2234.45996094 230 229 218 2.000000 21.000000
561546.64999390 5117170.04003906 2229.88989258 238 238 226 2.000000 21.000000
561525.92999268 5117173.55004883 2215.30004883 234 235 224 2.000000 21.000000
561500.85000610 5117177.85009766 2198.41992188 237 238 227 2.000000 21.000000
561494.47000122 5117178.90991211 2193.48999023 229 230 220 2.000000 21.000000
561479.71002197 5117181.44995117 2183.97998047 242 244 234 2.000000 21.000000
561469.16998291 5117183.29003906 2177.55004883 235 236 224 2.000000 21.000000
561462.90002441 5117184.39990234 2174.12011719 236 238 228 2.000000 21.000000
561457.72998047 5117183.57006836 2171.75000000 242 246 236 2.000000 21.000000
561484.91998291 5117178.73999023 2187.71997070 242 244 234 2.000000 21.000000
561505.94000244 5117175.12011719 2202.43994141 232 232 222 2.000000 21.000000
561512.20001221 5117174.03002930 2206.68994141 238 238 227 2.000000 21.000000
561516.35998535 5117173.30004883 2209.37988281 223 224 213 2.000000 21.000000
561520.51998901 5117172.58007813 2212.17993164 233 235 224 2.000000 21.000000
561535.02999878 5117170.07006836 2222.10009766 234 234 224 2.000000 21.000000
561557.76000977 5117166.25000000 2239.97998047 225 225 213 2.000000 21.000000
561561.86999512 5117165.57006836 2243.44995117 225 226 214 2.000000 21.000000
561572.11999512 5117163.90991211 2252.88989258 229 230 218 2.000000 21.000000
561580.23001099 5117162.56005859 2259.53002930 230 232 216 2.000000 21.000000
561586.23999023 5117161.52001953 2263.56005859 222 222 208 2.000000 21.000000
561592.27999878 5117160.54003906 2269.20996094 214 216 203 2.000000 21.000000
561598.26000977 5117159.55004883 2274.09008789 216 217 202 2.000000 21.000000
561604.20999146 5117158.52001953 2278.29003906 223 221 209 2.000000 21.000000
561610.10998535 5117157.43994141 2281.10009766 228 225 214 2.000000 21.000000
561615.98999023 5117156.37988281 2284.19995117 220 220 204 2.000000 21.000000
561621.83999634 5117155.32006836 2287.19995117 191 192 178 2.000000 21.000000
561627.67001343 5117154.25000000 2290.12011719 222 220 206 2.000000 21.000000
561633.48999023 5117153.22998047 2293.66992188 230 228 215 2.000000 21.000000
561639.26998901 5117152.19995117 2297.01000977 211 211 198 2.000000 21.000000
561645.02999878 5117151.12988281 2299.48999023 224 223 208 2.000000 21.000000
561650.77999878 5117150.09008789 2302.62011719 224 222 206 2.000000 21.000000
561671.55999756 5117146.43994141 2315.72998047 232 232 224 2.000000 21.000000
561688.29998779 5117143.43994141 2325.06005859 229 231 218 2.000000 21.000000
561697.50000000 5117141.78002930 2330.03002930 104 116 134 2.000000 21.000000
561711.01000977 5117138.46997070 2319.36010742 79 89 107 2.000000 21.000000
561720.35000610 5117136.56005859 2319.62011719 74 81 96 2.000000 21.000000
561725.83999634 5117135.52001953 2321.62988281 80 86 101 2.000000 21.000000
561731.29998779 5117134.50000000 2323.83007813 80 84 96 2.000000 21.000000
561735.42999268 5117133.30004883 2316.71997070 80 88 104 2.000000 21.000000
561743.55999756 5117131.09008789 2305.67993164 70 77 92 2.000000 21.000000
561746.46000671 5117129.72998047 2289.82006836 64 70 85 2.000000 21.000000
561758.57000732 5117126.64990234 2277.97998047 62 67 80 2.000000 21.000000
561764.55000305 5117125.20996094 2273.72998047 62 69 82 2.000000 21.000000
561766.88999939 5117124.43994141 2267.68994141 62 70 84 2.000000 21.000000
561771.05000305 5117123.35009766 2263.00000000 64 72 86 2.000000 21.000000
561777.13999939 5117121.86010742 2258.10009766 73 81 98 2.000000 21.000000
561783.11000061 5117120.46997070 2254.77001953 72 80 96 2.000000 21.000000
561755.97999573 5117125.66992188 2282.35009766 60 67 80 2.000000 21.000000
561752.00000000 5117126.62011719 2285.30004883 58 66 78 2.000000 21.000000
561745.58999634 5117128.48999023 2296.87011719 64 70 84 2.000000 21.000000
561742.64001465 5117129.90991211 2313.67993164 70 76 91 2.000000 21.000000
561706.69000244 5117137.64990234 2322.46997070 85 95 115 2.000000 21.000000
561702.73001099 5117138.72998047 2328.12011719 89 100 120 2.000000 21.000000
561691.51998901 5117141.01000977 2328.02001953 211 217 208 2.000000 21.000000
561682.29998779 5117142.63989258 2323.08007813 234 235 223 2.000000 21.000000
561674.85998535 5117143.93994141 2318.75000000 234 234 224 2.000000 21.000000
561654.20999146 5117147.51000977 2305.75000000 220 219 203 2.000000 21.000000
561575.88000488 5117161.01000977 2255.64990234 231 232 219 2.000000 21.000000
561553.33999634 5117164.64990234 2236.38989258 233 232 222 2.000000 21.000000
561542.97000122 5117166.35009766 2227.92993164 240 239 229 2.000000 21.000000
561538.82998657 5117167.05004883 2225.02001953 238 237 227 2.000000 21.000000
561530.54000854 5117168.46997070 2219.45996094 234 234 224 2.000000 21.000000
561497.01998901 5117174.14990234 2196.10009766 225 227 218 2.000000 21.000000
561490.72000122 5117175.23999023 2192.10009766 242 243 236 2.000000 21.000000
561476.00000000 5117177.80004883 2183.12988281 248 250 241 2.000000 21.000000
561465.51000977 5117179.63989258 2177.05004883 232 234 221 2.000000 21.000000
561459.10998535 5117179.06005859 2174.12011719 228 230 221 2.000000 21.000000
561469.57000732 5117177.17993164 2179.88989258 235 237 226 2.000000 21.000000
561480.08001709 5117175.32006836 2186.14990234 247 248 241 2.000000 21.000000
561501.04998779 5117171.62011719 2199.02001953 225 225 214 2.000000 21.000000
561509.45999146 5117170.17993164 2204.91992188 238 238 226 2.000000 21.000000
561522.01000977 5117168.02001953 2213.70996094 235 237 226 2.000000 21.000000
561526.17001343 5117167.29003906 2216.50000000 234 235 225 2.000000 21.000000
561546.86999512 5117163.72998047 2230.93994141 240 240 230 2.000000 21.000000
561565.42001343 5117160.68994141 2247.03002930 230 230 218 2.000000 21.000000
561569.48999023 5117160.01000977 2250.37011719 228 228 217 2.000000 21.000000
561589.60998535 5117156.64990234 2266.52001953 230 229 216 2.000000 21.000000
561595.60000610 5117155.67993164 2271.89990234 230 230 216 2.000000 21.000000
561599.58999634 5117155.06005859 2276.14990234 225 225 212 2.000000 21.000000
561605.48999023 5117154.04003906 2280.27001953 222 220 208 2.000000 21.000000
561611.35000610 5117153.01000977 2283.81005859 224 224 210 2.000000 21.000000
561617.19000244 5117151.95996094 2287.03002930 220 220 205 2.000000 21.000000
561623.01000977 5117150.91992188 2290.30004883 206 206 192 2.000000 21.000000
561628.77999878 5117149.85009766 2292.71997070 209 209 195 2.000000 21.000000
561634.52999878 5117148.81005859 2295.88989258 216 215 200 2.000000 21.000000
561640.26998901 5117147.81005859 2299.54003906 221 219 207 2.000000 21.000000
561645.98001099 5117146.79003906 2302.89990234 224 223 209 2.000000 21.000000
561657.33999634 5117144.71997070 2308.60009766 217 217 203 2.000000 21.000000
561661.08999634 5117144.12011719 2311.95996094 227 228 216 2.000000 21.000000
561666.73001099 5117143.08007813 2314.63989258 238 238 227 2.000000 21.000000
561698.11999512 5117137.48999023 2332.78002930 93 105 121 2.000000 21.000000
561709.54998779 5117134.82006836 2326.58007813 82 92 110 2.000000 21.000000
561713.42999268 5117133.87011719 2323.38989258 71 80 96 2.000000 21.000000
561719.04998779 5117132.68994141 2322.94995117 72 80 94 2.000000 21.000000
561726.39001465 5117131.28002930 2325.20996094 83 91 105 2.000000 21.000000
561731.85000610 5117130.25000000 2327.13989258 79 84 96 2.000000 21.000000
561736.01000977 5117129.02001953 2319.61010742 70 77 96 2.000000 21.000000
561748.89999390 5117125.07006836 2293.17993164 61 67 79 2.000000 21.000000
561756.80000305 5117123.17993164 2287.75000000 64 72 85 2.000000 21.000000
561762.88000488 5117121.63989258 2281.88989258 73 79 91 2.000000 21.000000
561765.17999268 5117120.88989258 2276.32006836 66 72 87 2.000000 21.000000
561769.60000610 5117119.57006836 2268.04003906 65 72 87 2.000000 21.000000
561775.41000366 5117118.29003906 2266.36010742 70 76 94 2.000000 21.000000
561781.38000488 5117116.88989258 2262.76000977 81 92 109 2.000000 21.000000
561781.58999634 5117115.53002930 2270.44995117 84 94 112 2.000000 21.000000
561749.47999573 5117123.50000000 2299.62988281 64 70 84 2.000000 21.000000
561745.19000244 5117124.81005859 2308.34008789 61 66 80 2.000000 21.000000
561740.95999146 5117126.06005859 2316.44995117 68 74 90 2.000000 21.000000
561686.26000977 5117137.72998047 2327.21997070 228 228 216 2.000000 21.000000
561678.82998657 5117139.04003906 2323.11010742 229 230 220 2.000000 21.000000
561671.33999634 5117140.37011719 2319.18994141 234 234 224 2.000000 21.000000
561650.50000000 5117143.97998047 2306.31005859 234 234 221 2.000000 21.000000
561585.69000244 5117155.08007813 2263.79003906 232 230 218 2.000000 21.000000
561581.64001465 5117155.75000000 2260.67993164 229 228 215 2.000000 21.000000
561577.57000732 5117156.39990234 2256.95996094 228 228 216 2.000000 21.000000
561561.14001465 5117159.05004883 2242.78002930 232 232 222 2.000000 21.000000
561557.01000977 5117159.71997070 2239.35009766 232 232 221 2.000000 21.000000
561550.79000854 5117160.73999023 2234.29003906 236 236 224 2.000000 21.000000
561534.19000244 5117163.54003906 2222.48999023 236 237 226 2.000000 21.000000
561517.48001099 5117166.36010742 2210.72998047 234 236 224 2.000000 21.000000
561513.26998901 5117167.07006836 2207.77001953 234 234 222 2.000000 21.000000
561504.86999512 5117168.51000977 2202.13989258 228 228 216 2.000000 21.000000
561492.29000854 5117170.68994141 2194.44995117 244 244 238 2.000000 21.000000
561485.96997070 5117171.78002930 2190.47998047 242 244 236 2.000000 21.000000
561460.66998291 5117174.50000000 2176.57006836 214 218 210 2.000000 21.000000
561471.15002441 5117172.61010742 2182.20996094 238 239 229 2.000000 21.000000
561496.33999634 5117168.15991211 2197.28002930 245 244 237 2.000000 21.000000
561527.69000244 5117162.71997070 2218.09008789 234 234 224 2.000000 21.000000
561538.05999756 5117160.92993164 2225.34008789 238 238 228 2.000000 21.000000
561542.20001221 5117160.21997070 2228.19995117 240 240 230 2.000000 21.000000
561566.92001343 5117156.12011719 2248.46997070 232 232 220 2.000000 21.000000
561571.00000000 5117155.45996094 2252.06005859 229 229 217 2.000000 21.000000
561591.19000244 5117152.12011719 2268.89990234 226 226 212 2.000000 21.000000
561597.19000244 5117151.13989258 2274.13989258 220 222 208 2.000000 21.000000
561601.17001343 5117150.51000977 2277.95996094 224 224 210 2.000000 21.000000
561607.10000610 5117149.53002930 2282.95996094 226 226 212 2.000000 21.000000
561612.98001099 5117148.50000000 2286.66992188 216 216 202 2.000000 21.000000
561618.85000610 5117147.47998047 2290.51000977 216 216 202 2.000000 21.000000
561624.67999268 5117146.42993164 2293.52001953 210 210 196 2.000000 21.000000
561630.48999023 5117145.36010742 2296.27001953 208 208 193 2.000000 21.000000
561636.27999878 5117144.32006836 2299.34008789 212 212 196 2.000000 21.000000
561642.02999878 5117143.29003906 2302.65991211 214 215 199 2.000000 21.000000
561657.29998779 5117140.58007813 2311.48999023 214 214 202 2.000000 21.000000
561662.95999146 5117139.62011719 2315.75000000 222 222 210 2.000000 21.000000
561689.07998657 5117134.96997070 2330.78002930 228 229 216 2.000000 21.000000
561700.14999390 5117132.92993164 2335.82006836 96 108 122 2.000000 21.000000
561704.07000732 5117131.89990234 2331.20996094 85 93 113 2.000000 21.000000
561709.70999146 5117130.69995117 2330.58007813 74 79 98 2.000000 21.000000
561715.52999878 5117129.27001953 2325.94995117 72 76 96 2.000000 21.000000
561721.10998535 5117128.13989258 2326.40991211 70 78 93 2.000000 21.000000
561726.58999634 5117127.11010742 2328.42993164 82 90 105 2.000000 21.000000
561732.04998779 5117126.09008789 2330.46997070 78 84 96 2.000000 21.000000
561737.70001221 5117124.84008789 2328.89990234 66 74 91 2.000000 21.000000
561744.19999695 5117122.77001953 2314.07006836 61 66 80 2.000000 21.000000
561752.86999512 5117120.10009766 2296.12011719 67 74 88 2.000000 21.000000
561758.88000488 5117118.59008789 2290.66992188 70 78 92 2.000000 21.000000
561762.92999268 5117117.55004883 2286.60009766 72 77 90 2.000000 21.000000
561767.13999939 5117116.38989258 2280.51000977 71 78 92 2.000000 21.000000
561771.27000427 5117115.30004883 2275.79003906 66 74 90 2.000000 21.000000
561775.33000183 5117114.28002930 2272.02001953 65 73 92 2.000000 21.000000
561780.52000427 5117113.46997070 2277.22998047 67 76 94 2.000000 21.000000
561783.25000000 5117111.51000977 2282.30004883 70 76 94 2.000000 21.000000
561769.97999573 5117114.34008789 2285.08007813 68 76 90 2.000000 21.000000
561747.67999268 5117120.09008789 2309.57006836 68 74 88 2.000000 21.000000
561694.22000122 5117132.17993164 2334.03002930 138 153 157 2.000000 21.000000
561681.29000854 5117134.50000000 2327.62988281 228 228 216 2.000000 21.000000
561673.86999512 5117135.79003906 2323.21997070 236 236 226 2.000000 21.000000
561666.39999390 5117137.08007813 2318.52001953 231 230 217 2.000000 21.000000
561645.57998657 5117140.66992188 2305.40991211 215 214 198 2.000000 21.000000
561574.89999390 5117152.57006836 2255.13989258 232 234 220 2.000000 21.000000
561562.67001343 5117154.53002930 2244.42993164 233 232 222 2.000000 21.000000
561552.44000244 5117156.20996094 2236.25000000 236 236 226 2.000000 21.000000
561546.27999878 5117157.22998047 2231.63989258 237 238 226 2.000000 21.000000
561523.54000854 5117161.07006836 2215.51000977 232 234 222 2.000000 21.000000
561519.39001465 5117161.77001953 2212.73999023 232 232 222 2.000000 21.000000
561508.98999023 5117163.55004883 2205.86010742 198 200 188 2.000000 21.000000
561500.67999268 5117165.00000000 2200.93994141 242 242 232 2.000000 21.000000
561488.13000488 5117167.15991211 2193.03002930 244 244 236 2.000000 21.000000
561481.85998535 5117168.26000977 2189.35009766 231 233 224 2.000000 21.000000
561475.58001709 5117169.37011719 2185.87011719 221 223 214 2.000000 21.000000
561465.10998535 5117171.20996094 2180.01000977 227 229 220 2.000000 21.000000
561457.13000488 5117170.89990234 2175.55004883 227 228 218 2.000000 21.000000
561492.64999390 5117164.61010742 2196.29003906 244 244 236 2.000000 21.000000
561513.42999268 5117160.96997070 2209.20996094 225 227 216 2.000000 21.000000
561530.04998779 5117158.10009766 2220.62011719 232 234 224 2.000000 21.000000
561534.20001221 5117157.39990234 2223.59008789 235 237 226 2.000000 21.000000
561556.85000610 5117153.56005859 2240.35009766 232 232 221 2.000000 21.000000
561579.23999023 5117149.84008789 2258.39990234 232 234 220 2.000000 21.000000
561583.29000854 5117149.18994141 2262.23999023 228 230 216 2.000000 21.000000
561587.33999634 5117148.56005859 2266.19995117 228 230 216 2.000000 21.000000
561593.36999512 5117147.59008789 2271.68994141 226 228 214 2.000000 21.000000
561603.29998779 5117145.91992188 2279.44995117 214 216 201 2.000000 21.000000
561609.23001099 5117144.94995117 2284.61010742 223 223 209 2.000000 21.000000
561615.13000488 5117143.98999023 2289.70996094 226 226 212 2.000000 21.000000
561620.98001099 5117143.00000000 2293.94995117 228 227 212 2.000000 21.000000
561626.79998779 5117141.93994141 2296.86010742 222 220 205 2.000000 21.000000
561632.60000610 5117140.87988281 2299.62988281 208 207 190 2.000000 21.000000
561638.36999512 5117139.83007813 2302.40991211 203 204 189 2.000000 21.000000
561649.85000610 5117137.77001953 2308.65991211 210 212 194 2.000000 21.000000
561659.35000610 5117136.08007813 2314.06005859 226 225 212 2.000000 21.000000
561685.42999268 5117131.54003906 2331.09008789 222 222 210 2.000000 21.000000
561701.98999023 5117128.46997070 2337.95996094 98 109 124 2.000000 21.000000
561707.67999268 5117127.13989258 2335.02001953 78 85 104 2.000000 21.000000
561713.39999390 5117125.81005859 2331.88989258 70 80 97 2.000000 21.000000
561718.88000488 5117124.76000977 2333.53002930 76 86 102 2.000000 21.000000
561726.35998535 5117123.12988281 2331.88989258 78 87 101 2.000000 21.000000
561731.76000977 5117122.12011719 2333.96997070 76 82 100 2.000000 21.000000
561739.95001221 5117119.76000977 2320.53002930 55 64 76 2.000000 21.000000
561745.53999329 5117118.57006836 2319.80004883 66 72 86 2.000000 21.000000
561750.38000488 5117116.72998047 2302.83007813 68 75 89 2.000000 21.000000
561754.46000671 5117115.63989258 2297.77001953 69 77 92 2.000000 21.000000
561762.39999390 5117113.67993164 2291.30004883 67 72 85 2.000000 21.000000
561768.02000427 5117112.50000000 2290.96997070 66 74 88 2.000000 21.000000
561774.08000183 5117110.94995117 2284.95996094 64 70 86 2.000000 21.000000
561781.36999512 5117107.31005859 2275.77001953 66 70 88 2.000000 21.000000
561775.49000549 5117108.66992188 2279.12011719 60 65 82 2.000000 21.000000
561748.80999756 5117115.76000977 2312.34008789 68 74 88 2.000000 21.000000
561738.66000366 5117118.53002930 2326.45996094 58 66 78 2.000000 21.000000
561736.20999146 5117119.52001953 2336.37011719 55 65 76 2.000000 21.000000
561695.51998901 5117127.84008789 2337.11010742 193 197 196 2.000000 21.000000
561690.02999878 5117128.80004883 2334.07006836 227 227 214 2.000000 21.000000
561677.11999512 5117131.09008789 2327.22998047 232 230 217 2.000000 21.000000
561669.70999146 5117132.34008789 2322.09008789 222 220 208 2.000000 21.000000
561654.72000122 5117134.89990234 2312.22998047 213 214 199 2.000000 21.000000
561641.42001343 5117137.28002930 2305.79003906 180 180 167 2.000000 21.000000
561598.64001465 5117144.50000000 2276.00000000 224 225 210 2.000000 21.000000
561570.41000366 5117149.04003906 2251.83007813 232 234 221 2.000000 21.000000
561566.32998657 5117149.69995117 2248.51000977 236 237 226 2.000000 21.000000
561547.79998779 5117152.72998047 2233.50000000 234 235 224 2.000000 21.000000
561541.60998535 5117153.78002930 2229.28002930 240 240 230 2.000000 21.000000
561537.45999146 5117154.46997070 2226.31005859 237 238 227 2.000000 21.000000
561525.01000977 5117156.58007813 2217.82006836 228 230 220 2.000000 21.000000
561504.17001343 5117160.16992188 2204.75000000 240 242 232 2.000000 21.000000
561495.76000977 5117161.60009766 2198.95996094 244 242 235 2.000000 21.000000
561483.25000000 5117163.80004883 2192.04003906 232 234 224 2.000000 21.000000
561476.96002197 5117164.87988281 2188.13989258 217 220 210 2.000000 21.000000
561470.66998291 5117165.97998047 2184.35009766 214 217 207 2.000000 21.000000
561459.58001709 5117166.26000977 2178.04003906 239 240 232 2.000000 21.000000
561465.88000488 5117165.15991211 2181.88989258 232 232 224 2.000000 21.000000
561486.85998535 5117161.47998047 2194.80004883 186 187 178 2.000000 21.000000
561499.35000610 5117159.25000000 2201.65991211 244 245 236 2.000000 21.000000
561507.73999023 5117157.80004883 2207.40991211 240 242 232 2.000000 21.000000
561516.04998779 5117156.33007813 2212.21997070 234 236 226 2.000000 21.000000
561551.26000977 5117150.28002930 2236.39990234 236 236 224 2.000000 21.000000
561559.48001099 5117148.89990234 2242.78002930 234 234 222 2.000000 21.000000
561573.79998779 5117146.54003906 2254.64990234 230 231 218 2.000000 21.000000
561589.98999023 5117143.93994141 2269.26000977 226 226 212 2.000000 21.000000
561605.89999390 5117141.28002930 2281.84008789 231 232 217 2.000000 21.000000
561611.80999756 5117140.31005859 2286.65991211 228 228 214 2.000000 21.000000
561617.70001221 5117139.34008789 2291.60009766 228 228 214 2.000000 21.000000
561644.66000366 5117134.66992188 2309.42993164 122 134 135 2.000000 21.000000
561661.72000122 5117131.53002930 2317.09008789 223 224 208 2.000000 21.000000
561672.94000244 5117129.60009766 2324.77001953 233 229 217 2.000000 21.000000
561702.35998535 5117124.35009766 2341.16992188 104 118 134 2.000000 21.000000
561708.04000854 5117123.04003906 2338.51000977 82 90 108 2.000000 21.000000
561713.72000122 5117121.73999023 2335.92993164 69 76 94 2.000000 21.000000
561719.23001099 5117120.65991211 2337.12011719 71 78 95 2.000000 21.000000
561724.79000854 5117119.51000977 2337.02001953 76 85 102 2.000000 21.000000
561730.27999878 5117118.41992188 2337.91992188 71 80 94 2.000000 21.000000
561742.25000000 5117115.22998047 2323.46997070 53 59 75 2.000000 21.000000
561747.96000671 5117113.91992188 2321.02001953 66 72 86 2.000000 21.000000
561752.91999817 5117111.98999023 2302.85009766 70 78 92 2.000000 21.000000
561757.02000427 5117110.89990234 2297.86010742 70 77 93 2.000000 21.000000
561762.77999878 5117109.60009766 2295.78002930 66 72 86 2.000000 21.000000
561769.38000488 5117107.60009766 2283.04003906 58 66 80 2.000000 21.000000
561782.05999756 5117104.13989258 2266.06005859 58 61 78 2.000000 21.000000
561775.97000122 5117104.04003906 2274.00000000 58 62 78 2.000000 21.000000
561770.00999451 5117105.45996094 2278.11010742 60 68 82 2.000000 21.000000
561765.36999512 5117106.97998047 2289.63989258 58 66 80 2.000000 21.000000
561740.35000610 5117114.10009766 2329.83007813 54 59 76 2.000000 21.000000
561736.05999756 5117115.47998047 2339.93994141 62 70 84 2.000000 21.000000
561697.35998535 5117123.37011719 2340.02001953 100 116 122 2.000000 21.000000
561691.89999390 5117124.32006836 2336.97998047 222 220 204 2.000000 21.000000
561686.41000366 5117125.30004883 2334.12011719 226 224 208 2.000000 21.000000
561680.89999390 5117126.23999023 2330.55004883 230 232 216 2.000000 21.000000
561666.07998657 5117128.75000000 2320.41992188 228 227 212 2.000000 21.000000
561656.67001343 5117130.40991211 2315.41992188 214 213 192 2.000000 21.000000
561650.98001099 5117131.46997070 2313.44995117 175 181 177 2.000000 21.000000
561637.64001465 5117133.80004883 2305.71997070 197 194 180 2.000000 21.000000
561631.89001465 5117134.78002930 2301.97998047 222 222 206 2.000000 21.000000
561626.08999634 5117135.76000977 2298.04003906 230 229 213 2.000000 21.000000
561600.60000610 5117139.96997070 2278.37988281 228 229 214 2.000000 21.000000
561594.64001465 5117140.93994141 2273.65991211 226 226 212 2.000000 21.000000
561584.60000610 5117142.55004883 2264.90991211 228 228 214 2.000000 21.000000
561580.54000854 5117143.16992188 2260.87988281 234 235 221 2.000000 21.000000
561543.76998901 5117149.19995117 2231.81005859 234 235 223 2.000000 21.000000
561533.45999146 5117150.94995117 2224.76000977 233 234 224 2.000000 21.000000
561529.32000732 5117151.64990234 2221.89990234 234 234 224 2.000000 21.000000
561521.04000854 5117153.06005859 2216.50000000 235 236 225 2.000000 21.000000
561491.92999268 5117158.07006836 2198.18994141 182 186 178 2.000000 21.000000
561479.40002441 5117160.25000000 2190.75000000 213 217 205 2.000000 21.000000
561473.09997559 5117161.34008789 2186.83007813 222 221 211 2.000000 21.000000
561462.15997314 5117161.62011719 2180.48999023 246 247 239 2.000000 21.000000
561468.51000977 5117160.52001953 2184.61010742 245 245 237 2.000000 21.000000
561483.22998047 5117157.92993164 2193.39990234 224 224 212 2.000000 21.000000
561495.82000732 5117155.70996094 2200.91992188 202 207 202 2.000000 21.000000
561502.07998657 5117154.60009766 2204.54003906 244 245 236 2.000000 21.000000
561510.44000244 5117153.13989258 2209.68994141 241 242 234 2.000000 21.000000
561537.48001099 5117148.47998047 2227.78002930 235 236 226 2.000000 21.000000
561547.77999878 5117146.70996094 2234.78002930 234 236 224 2.000000 21.000000
561553.94000244 5117145.64990234 2239.10009766 236 236 225 2.000000 21.000000
561562.13000488 5117144.29003906 2245.43994141 236 234 224 2.000000 21.000000
561566.22000122 5117143.61010742 2248.84008789 240 239 229 2.000000 21.000000
561570.30999756 5117142.94995117 2252.46997070 231 231 220 2.000000 21.000000
561576.39001465 5117141.94995117 2257.42993164 230 232 217 2.000000 21.000000
561608.33999634 5117136.79003906 2285.81005859 217 218 203 2.000000 21.000000
561620.02999878 5117134.79003906 2293.96997070 232 232 216 2.000000 21.000000
561644.97000122 5117130.59008789 2312.65991211 212 212 193 2.000000 21.000000
561669.50000000 5117126.06005859 2323.40991211 224 226 213 2.000000 21.000000
561675.08999634 5117125.10009766 2327.08007813 227 228 214 2.000000 21.000000
561704.45999146 5117119.91992188 2344.79003906 94 106 124 2.000000 21.000000
561710.13000488 5117118.62988281 2342.29003906 76 82 100 2.000000 21.000000
561715.82998657 5117117.29003906 2339.14990234 70 76 94 2.000000 21.000000
561721.26998901 5117116.30004883 2341.63989258 66 74 91 2.000000 21.000000
561726.82000732 5117115.14990234 2341.56005859 70 78 95 2.000000 21.000000
561736.39001465 5117112.87011719 2335.59008789 70 74 92 2.000000 21.000000
561744.00000000 5117111.12011719 2332.04003906 53 58 72 2.000000 21.000000
561748.07000732 5117109.98999023 2326.31005859 72 78 92 2.000000 21.000000
561752.17999268 5117108.83007813 2320.16992188 68 76 92 2.000000 21.000000
561755.05000305 5117107.52001953 2305.79003906 71 76 92 2.000000 21.000000
561779.02999878 5117100.37011719 2262.17993164 56 58 74 2.000000 21.000000
561781.36000061 5117099.62011719 2256.81005859 53 56 71 2.000000 21.000000
561774.30000305 5117099.81005859 2268.69995117 53 57 71 2.000000 21.000000
561770.07000732 5117100.96997070 2274.61010742 58 64 78 2.000000 21.000000
561766.02999878 5117101.97998047 2278.29003906 60 66 80 2.000000 21.000000
561760.83000183 5117104.03002930 2297.82006836 64 68 84 2.000000 21.000000
561758.63000488 5117104.70996094 2302.41992188 69 73 88 2.000000 21.000000
561732.08999634 5117112.09008789 2341.29003906 70 76 92 2.000000 21.000000
561724.45001221 5117113.91992188 2346.67993164 70 78 94 2.000000 21.000000
561698.77999878 5117118.92993164 2342.65991211 97 117 125 2.000000 21.000000
561693.29998779 5117119.88989258 2339.62011719 228 225 208 2.000000 21.000000
561687.82000732 5117120.85009766 2336.36010742 228 230 212 2.000000 21.000000
561682.30999756 5117121.78002930 2332.72998047 228 228 211 2.000000 21.000000
561661.82998657 5117125.33007813 2320.57006836 216 214 198 2.000000 21.000000
561656.17001343 5117126.38989258 2318.75000000 77 99 113 2.000000 21.000000
561639.07000732 5117129.34008789 2308.20996094 214 214 196 2.000000 21.000000
561633.32998657 5117130.28002930 2303.67993164 219 218 203 2.000000 21.000000
561627.54998779 5117131.25000000 2299.72998047 228 228 212 2.000000 21.000000
561613.98001099 5117133.56005859 2290.76000977 212 212 198 2.000000 21.000000
561604.14999390 5117135.12011719 2282.17993164 222 224 208 2.000000 21.000000
561596.22000122 5117136.38989258 2275.38989258 224 224 210 2.000000 21.000000
561590.26998901 5117137.38989258 2271.09008789 220 220 206 2.000000 21.000000
561586.26998901 5117138.05004883 2268.02001953 228 227 214 2.000000 21.000000
561557.79000854 5117142.55004883 2242.51000977 237 236 226 2.000000 21.000000
561524.85998535 5117148.12011719 2219.98999023 232 232 222 2.000000 21.000000
561516.52999878 5117149.52001953 2214.32006836 245 246 237 2.000000 21.000000
561506.13000488 5117151.31005859 2207.75000000 240 240 232 2.000000 21.000000
561487.35998535 5117154.58007813 2196.62011719 220 219 210 2.000000 21.000000
561474.78997803 5117156.76000977 2189.20996094 239 240 233 2.000000 21.000000
561457.53997803 5117158.27001953 2178.72998047 244 244 239 2.000000 21.000000
561463.84002686 5117157.15991211 2182.32006836 242 244 238 2.000000 21.000000
561470.15002441 5117156.05004883 2186.14990234 239 240 234 2.000000 21.000000
561491.13000488 5117152.37988281 2199.21997070 222 220 209 2.000000 21.000000
561497.38000488 5117151.27001953 2202.83007813 227 226 213 2.000000 21.000000
561511.95001221 5117148.71997070 2211.83007813 242 244 235 2.000000 21.000000
561520.25000000 5117147.27001953 2217.06005859 238 238 228 2.000000 21.000000
561528.54000854 5117145.85009766 2222.73999023 237 237 228 2.000000 21.000000
561532.67999268 5117145.13989258 2225.48999023 240 240 231 2.000000 21.000000
561540.91000366 5117143.71997070 2231.03002930 236 238 228 2.000000 21.000000
561577.70001221 5117137.59008789 2259.93994141 216 218 204 2.000000 21.000000
561581.79998779 5117137.01000977 2265.26000977 210 210 197 2.000000 21.000000
561599.75000000 5117133.97998047 2278.61010742 226 226 212 2.000000 21.000000
561621.38000488 5117130.41992188 2296.34008789 222 221 206 2.000000 21.000000
561648.29998779 5117125.81005859 2315.15991211 218 222 206 2.000000 21.000000
561665.33999634 5117122.68994141 2322.96997070 212 214 196 2.000000 21.000000
561670.95999146 5117121.66992188 2325.72998047 219 221 206 2.000000 21.000000
561676.54998779 5117120.68994141 2329.27001953 224 226 210 2.000000 21.000000
561705.80999756 5117115.55004883 2347.08007813 79 90 106 2.000000 21.000000
561711.35000610 5117114.41992188 2347.25000000 70 75 93 2.000000 21.000000
561716.88000488 5117113.26000977 2346.92993164 64 67 83 2.000000 21.000000
561737.55999756 5117108.54003906 2338.09008789 58 63 77 2.000000 21.000000
561745.38000488 5117106.53002930 2330.38989258 62 67 80 2.000000 21.000000
561752.25000000 5117104.11010742 2310.55004883 66 74 90 2.000000 21.000000
561776.75999451 5117096.38989258 2258.19995117 58 61 74 2.000000 21.000000
561781.77999878 5117093.34008789 2254.72998047 59 65 80 2.000000 21.000000
561770.94000244 5117096.43994141 2272.14990234 60 66 80 2.000000 21.000000
561761.91999817 5117099.28002930 2291.83007813 64 68 84 2.000000 21.000000
561750.78999329 5117102.86010742 2317.45996094 69 76 92 2.000000 21.000000
561748.39999390 5117103.75000000 2325.32006836 70 76 92 2.000000 21.000000
561734.42999268 5117107.47998047 2342.58007813 74 79 94 2.000000 21.000000
561728.77999878 5117108.77001953 2345.23999023 66 75 90 2.000000 21.000000
561724.80999756 5117109.85009766 2350.68994141 67 76 91 2.000000 21.000000
561701.05999756 5117114.43994141 2345.68994141 86 96 114 2.000000 21.000000
561643.48001099 5117124.45996094 2312.15991211 227 226 212 2.000000 21.000000
561635.85998535 5117125.73999023 2306.73999023 227 228 212 2.000000 21.000000
561616.60000610 5117128.98999023 2293.54003906 228 228 213 2.000000 21.000000
561610.75000000 5117129.94995117 2289.00000000 222 222 207 2.000000 21.000000
561606.82000732 5117130.56005859 2285.18994141 227 228 214 2.000000 21.000000
561572.88000488 5117135.97998047 2255.63989258 241 242 230 2.000000 21.000000
561568.80999756 5117136.62988281 2252.26000977 238 238 228 2.000000 21.000000
561564.75000000 5117137.30004883 2249.12988281 236 234 224 2.000000 21.000000
561560.66000366 5117137.95996094 2245.83007813 240 237 226 2.000000 21.000000
561554.51000977 5117138.96997070 2240.91992188 231 231 219 2.000000 21.000000
561550.41000366 5117139.64990234 2237.96997070 230 232 220 2.000000 21.000000
561546.30999756 5117140.34008789 2235.10009766 230 230 220 2.000000 21.000000
561536.01998901 5117142.09008789 2228.12988281 240 241 232 2.000000 21.000000
561500.73999023 5117148.14990234 2205.83007813 229 228 218 2.000000 21.000000
561483.98999023 5117151.04003906 2195.51000977 231 232 223 2.000000 21.000000
561479.77001953 5117151.76000977 2192.68994141 240 242 233 2.000000 21.000000
561460.28997803 5117153.56005859 2181.40991211 244 246 240 2.000000 21.000000
561466.54998779 5117152.44995117 2184.97998047 240 242 236 2.000000 21.000000
561472.83001709 5117151.34008789 2188.64990234 242 244 238 2.000000 21.000000
561487.55999756 5117148.82006836 2198.92993164 232 233 223 2.000000 21.000000
561493.77999878 5117147.71997070 2202.50000000 217 217 208 2.000000 21.000000
561506.26000977 5117145.54003906 2210.25000000 207 211 199 2.000000 21.000000
561514.51998901 5117144.07006836 2214.81005859 242 242 230 2.000000 21.000000
561522.79000854 5117142.62011719 2219.94995117 236 238 226 2.000000 21.000000
561584.33999634 5117132.37988281 2268.16992188 228 228 216 2.000000 21.000000
561588.33999634 5117131.69995117 2271.15991211 229 229 218 2.000000 21.000000
561592.33999634 5117131.03002930 2274.10009766 227 228 215 2.000000 21.000000
561602.27999878 5117129.36010742 2281.62988281 230 230 217 2.000000 21.000000
561623.83999634 5117125.80004883 2299.11010742 224 224 208 2.000000 21.000000
561629.64001465 5117124.80004883 2302.98999023 218 218 202 2.000000 21.000000
561639.25000000 5117123.14990234 2309.47998047 222 223 208 2.000000 21.000000
561650.66000366 5117121.18994141 2317.25000000 227 226 207 2.000000 21.000000
561656.32000732 5117120.19995117 2320.81005859 228 224 205 2.000000 21.000000
561678.73001099 5117116.15991211 2332.27001953 219 220 202 2.000000 21.000000
561684.25000000 5117115.17993164 2335.47998047 210 211 193 2.000000 21.000000
561689.73999023 5117114.22998047 2338.98999023 217 218 200 2.000000 21.000000
561695.19000244 5117113.28002930 2342.45996094 193 202 195 2.000000 21.000000
561707.80999756 5117111.07006836 2350.27001953 74 82 98 2.000000 21.000000
561713.29000854 5117109.95996094 2350.82006836 64 69 88 2.000000 21.000000
561718.73001099 5117108.89990234 2352.02001953 74 80 96 2.000000 21.000000
561739.92001343 5117103.59008789 2333.68994141 66 72 88 2.000000 21.000000
561754.77000427 5117099.04003906 2304.79003906 73 78 94 2.000000 21.000000
561758.82000732 5117097.95996094 2300.08007813 70 74 90 2.000000 21.000000
561764.02999878 5117095.87011719 2280.14990234 60 65 80 2.000000 21.000000
561774.41000366 5117093.08007813 2267.44995117 62 68 82 2.000000 21.000000
561781.47999573 5117089.43994141 2258.04003906 60 66 82 2.000000 21.000000
561768.67999268 5117092.97998047 2276.09008789 60 68 82 2.000000 21.000000
561752.71000671 5117098.26000977 2315.60009766 75 82 98 2.000000 21.000000
561744.38000488 5117100.67993164 2329.51000977 70 76 91 2.000000 21.000000
561732.35000610 5117103.95996094 2345.75000000 64 69 84 2.000000 21.000000
561728.45001221 5117104.97998047 2349.94995117 70 78 92 2.000000 21.000000
561724.57000732 5117105.96997070 2353.98999023 68 75 91 2.000000 21.000000
561702.79000854 5117110.10009766 2347.96997070 76 86 102 2.000000 21.000000
561673.52999878 5117115.14990234 2330.06005859 216 218 200 2.000000 21.000000
561667.94000244 5117116.12988281 2326.92993164 204 206 188 2.000000 21.000000
561662.32000732 5117117.15991211 2324.72998047 205 206 187 2.000000 21.000000
561645.35998535 5117120.10009766 2314.63989258 220 218 202 2.000000 21.000000
561618.48001099 5117124.61010742 2295.67993164 227 226 212 2.000000 21.000000
561612.64001465 5117125.59008789 2291.53002930 227 227 213 2.000000 21.000000
561596.82998657 5117128.10009766 2277.67993164 232 232 220 2.000000 21.000000
561580.85000610 5117130.68994141 2264.70996094 234 234 224 2.000000 21.000000
561576.80999756 5117131.32006836 2260.85009766 237 237 225 2.000000 21.000000
561556.41000366 5117134.57006836 2243.26000977 214 212 200 2.000000 21.000000
561542.08999634 5117136.97998047 2233.30004883 239 240 230 2.000000 21.000000
561531.80999756 5117138.71997070 2226.35009766 238 238 230 2.000000 21.000000
561475.89001465 5117148.33007813 2191.31005859 242 244 237 2.000000 21.000000
561462.76000977 5117148.89990234 2184.22998047 240 244 236 2.000000 21.000000
561469.03002930 5117147.78002930 2187.66992188 239 241 235 2.000000 21.000000
561479.51000977 5117145.94995117 2194.07006836 240 242 236 2.000000 21.000000
561483.71002197 5117145.21997070 2196.73999023 242 243 236 2.000000 21.000000
561490.00000000 5117144.13989258 2200.93994141 234 236 228 2.000000 21.000000
561496.27999878 5117143.05004883 2204.98999023 236 237 227 2.000000 21.000000
561500.45999146 5117142.32006836 2207.65991211 216 218 204 2.000000 21.000000
561508.76998901 5117140.87011719 2212.68994141 210 210 197 2.000000 21.000000
561517.07000732 5117139.40991211 2217.73999023 210 220 216 2.000000 21.000000
561525.33999634 5117137.96997070 2222.73999023 210 208 198 2.000000 21.000000
561535.64999390 5117136.17993164 2229.44995117 234 234 222 2.000000 21.000000
561545.94000244 5117134.41992188 2236.43994141 234 236 227 2.000000 21.000000
561550.04000854 5117133.70996094 2239.21997070 234 235 224 2.000000 21.000000
561560.25000000 5117131.97998047 2246.43994141 215 214 202 2.000000 21.000000
561564.32998657 5117131.29003906 2249.46997070 230 230 218 2.000000 21.000000
561568.42001343 5117130.63989258 2253.17993164 232 232 220 2.000000 21.000000
561572.50000000 5117129.97998047 2256.79003906 230 230 218 2.000000 21.000000
561604.48999023 5117124.82006836 2284.73999023 232 231 220 2.000000 21.000000
561608.42999268 5117124.17993164 2288.16992188 232 230 218 2.000000 21.000000
561625.89999390 5117121.25000000 2301.31005859 224 222 208 2.000000 21.000000
561631.66000366 5117120.29003906 2305.75000000 219 218 204 2.000000 21.000000
561652.52999878 5117116.72998047 2320.34008789 208 207 191 2.000000 21.000000
561680.47000122 5117111.69995117 2334.73999023 225 225 208 2.000000 21.000000
561685.98001099 5117110.71997070 2337.77001953 222 222 206 2.000000 21.000000
561691.44000244 5117109.79003906 2341.57006836 209 212 195 2.000000 21.000000
561696.89001465 5117108.84008789 2345.01000977 107 118 132 2.000000 21.000000
561709.48001099 5117106.64990234 2352.90991211 67 74 92 2.000000 21.000000
561714.83999634 5117105.69995117 2355.96997070 68 74 92 2.000000 21.000000
561735.85998535 5117100.54003906 2340.16992188 68 74 91 2.000000 21.000000
561749.55000305 5117097.04003906 2327.08007813 78 86 100 2.000000 21.000000
561751.72000122 5117096.34008789 2322.25000000 78 85 100 2.000000 21.000000
561754.55999756 5117095.03002930 2308.12011719 76 81 97 2.000000 21.000000
561758.53999329 5117094.02001953 2304.51000977 76 80 96 2.000000 21.000000
561762.77000427 5117092.79003906 2297.63989258 66 70 87 2.000000 21.000000
561765.77999878 5117091.38989258 2282.51000977 61 68 82 2.000000 21.000000
561774.13000488 5117089.12011719 2271.95996094 62 68 82 2.000000 21.000000
561778.25999451 5117088.05004883 2267.56005859 61 68 82 2.000000 21.000000
561782.17999268 5117085.35009766 2262.09008789 58 65 80 2.000000 21.000000
561771.52999878 5117088.31005859 2277.33007813 63 70 82 2.000000 21.000000
561765.11000061 5117090.14990234 2287.58007813 61 68 83 2.000000 21.000000
561741.54000854 5117097.32006836 2333.18994141 71 78 92 2.000000 21.000000
561727.95999146 5117100.70996094 2345.32006836 68 76 91 2.000000 21.000000
561724.07998657 5117101.70996094 2349.26000977 67 74 92 2.000000 21.000000
561718.41000366 5117103.05004883 2352.72998047 59 65 84 2.000000 21.000000
561657.85998535 5117113.89990234 2323.93994141 222 224 207 2.000000 21.000000
561640.88000488 5117116.82006836 2313.32006836 212 216 198 2.000000 21.000000
561635.16000366 5117117.76000977 2308.94995117 212 214 199 2.000000 21.000000
561600.19000244 5117123.47998047 2281.56005859 230 230 218 2.000000 21.000000
561592.25000000 5117124.73999023 2274.68994141 233 234 224 2.000000 21.000000
561588.26998901 5117125.39990234 2271.68994141 232 232 222 2.000000 21.000000
561582.27999878 5117126.39990234 2267.46997070 229 229 219 2.000000 21.000000
561504.33999634 5117139.37011719 2210.78002930 227 229 217 2.000000 21.000000
561456.28997803 5117147.66992188 2181.66992188 241 243 236 2.000000 21.000000
561465.15997314 5117144.29003906 2186.92993164 242 245 237 2.000000 21.000000
561471.42999268 5117143.17993164 2190.52001953 241 243 236 2.000000 21.000000
561486.13000488 5117140.62988281 2199.85009766 241 244 236 2.000000 21.000000
561492.39001465 5117139.54003906 2203.72998047 243 246 236 2.000000 21.000000
561511.10000610 5117136.29003906 2215.53002930 210 210 196 2.000000 21.000000
561519.36999512 5117134.85009766 2220.53002930 195 198 184 2.000000 21.000000
561527.60000610 5117133.40991211 2225.63989258 225 226 210 2.000000 21.000000
561537.86999512 5117131.63989258 2232.22998047 228 228 215 2.000000 21.000000
561541.97000122 5117130.93994141 2235.06005859 198 198 191 2.000000 21.000000
561552.17999268 5117129.18994141 2242.01000977 236 238 227 2.000000 21.000000
561574.55999756 5117125.52001953 2260.22998047 240 240 226 2.000000 21.000000
561578.60998535 5117124.87988281 2264.06005859 238 238 226 2.000000 21.000000
561610.39999390 5117119.70996094 2290.94995117 229 229 216 2.000000 21.000000
561614.30999756 5117119.08007813 2294.33007813 228 228 214 2.000000 21.000000
561620.14001465 5117118.10009766 2298.55004883 228 228 214 2.000000 21.000000
561627.85998535 5117116.79003906 2304.10009766 224 224 210 2.000000 21.000000
561645.08999634 5117113.90991211 2317.02001953 202 206 190 2.000000 21.000000
561662.07000732 5117110.92993164 2327.25000000 222 222 204 2.000000 21.000000
561667.67999268 5117109.90991211 2329.87011719 210 209 192 2.000000 21.000000
561673.27999878 5117108.88989258 2332.40991211 200 198 182 2.000000 21.000000
561688.05999756 5117106.25000000 2340.41992188 219 221 209 2.000000 21.000000
561698.97000122 5117104.37011719 2347.56005859 78 90 108 2.000000 21.000000
561704.36999512 5117103.43994141 2351.07006836 69 76 94 2.000000 21.000000
561723.14999390 5117099.18994141 2343.88989258 65 71 89 2.000000 21.000000
561738.16000366 5117095.82006836 2338.77001953 78 86 103 2.000000 21.000000
561746.00999451 5117093.79003906 2330.78002930 80 86 98 2.000000 21.000000
561754.50999451 5117091.18994141 2314.52001953 74 79 95 2.000000 21.000000
561756.69999695 5117090.48999023 2309.68994141 70 74 90 2.000000 21.000000
561760.75999451 5117089.40991211 2305.06005859 69 73 91 2.000000 21.000000
561765.19000244 5117088.00000000 2295.41992188 70 76 90 2.000000 21.000000
561769.89999390 5117086.37011719 2282.82006836 68 75 85 2.000000 21.000000
561775.77999878 5117084.96997070 2279.16992188 61 67 81 2.000000 21.000000
561783.22999573 5117081.17993164 2266.34008789 60 68 82 2.000000 21.000000
561780.00999451 5117082.66992188 2282.30004883 60 68 82 2.000000 21.000000
561768.38000488 5117085.32006836 2287.69995117 72 79 88 2.000000 21.000000
561750.83000183 5117090.83007813 2324.75000000 77 84 99 2.000000 21.000000
561731.39999390 5117095.62988281 2341.01000977 70 76 94 2.000000 21.000000
561718.07998657 5117098.78002930 2349.46997070 62 69 88 2.000000 21.000000
561694.25000000 5117103.40991211 2345.12011719 135 148 155 2.000000 21.000000
561683.27999878 5117105.30004883 2338.57006836 216 218 204 2.000000 21.000000
561677.76000977 5117106.27001953 2335.52001953 204 204 188 2.000000 21.000000
561653.48001099 5117110.56005859 2322.96997070 220 220 204 2.000000 21.000000
561605.48001099 5117118.50000000 2287.48999023 224 224 212 2.000000 21.000000
561601.54000854 5117119.12011719 2283.93994141 228 228 216 2.000000 21.000000
561595.58999634 5117120.04003906 2278.42993164 228 229 218 2.000000 21.000000
561569.45999146 5117124.15991211 2255.13989258 225 225 210 2.000000 21.000000
561565.41000366 5117124.82006836 2252.08007813 230 231 217 2.000000 21.000000
561561.35998535 5117125.48999023 2249.12988281 232 234 222 2.000000 21.000000
561557.30999756 5117126.16992188 2246.27001953 234 236 226 2.000000 21.000000
561547.13000488 5117127.87988281 2239.23999023 222 224 212 2.000000 21.000000
561532.79000854 5117130.31005859 2229.64990234 226 229 215 2.000000 21.000000
561522.52999878 5117132.07006836 2223.34008789 184 186 172 2.000000 21.000000
561514.29000854 5117133.48999023 2218.26000977 212 212 198 2.000000 21.000000
561506.04998779 5117134.91992188 2213.53002930 188 190 180 2.000000 21.000000
561499.88000488 5117136.01000977 2210.19995117 232 232 227 2.000000 21.000000
561495.66000366 5117136.68994141 2206.87988281 242 243 233 2.000000 21.000000
561481.01000977 5117139.16992188 2197.02001953 242 242 238 2.000000 21.000000
561474.73999023 5117140.25000000 2193.18994141 242 244 238 2.000000 21.000000
561460.19000244 5117142.81005859 2185.39990234 242 244 237 2.000000 21.000000
561467.82000732 5117139.70996094 2190.25000000 242 244 236 2.000000 21.000000
561488.67999268 5117136.08007813 2203.18994141 240 244 236 2.000000 21.000000
561580.95999146 5117120.37988281 2266.72998047 234 235 222 2.000000 21.000000
561584.98999023 5117119.72998047 2270.29003906 230 232 222 2.000000 21.000000
561589.00000000 5117119.08007813 2273.66992188 232 233 222 2.000000 21.000000
561616.67999268 5117114.59008789 2296.85009766 226 226 214 2.000000 21.000000
561622.51000977 5117113.59008789 2300.76000977 227 226 214 2.000000 21.000000
561630.25000000 5117112.30004883 2306.69995117 226 226 212 2.000000 21.000000
561636.01998901 5117111.34008789 2311.07006836 223 224 210 2.000000 21.000000
561641.76000977 5117110.37988281 2315.37011719 220 222 206 2.000000 21.000000
561647.48001099 5117109.42993164 2319.70996094 225 226 208 2.000000 21.000000
561656.92999268 5117107.82006836 2326.19995117 224 224 209 2.000000 21.000000
561723.82998657 5117094.76000977 2340.45996094 63 67 88 2.000000 21.000000
561731.39999390 5117093.00000000 2336.69995117 68 72 88 2.000000 21.000000
561740.54998779 5117091.13989258 2337.19995117 71 80 92 2.000000 21.000000
561748.35000610 5117089.15991211 2330.12011719 78 83 98 2.000000 21.000000
561752.88000488 5117087.58007813 2317.66992188 74 81 99 2.000000 21.000000
561756.89999390 5117086.50000000 2312.93994141 70 72 88 2.000000 21.000000
561773.53999329 5117081.81005859 2288.81005859 72 78 92 2.000000 21.000000
561782.28999329 5117079.17993164 2272.92993164 60 67 81 2.000000 21.000000
561779.67999268 5117078.40991211 2279.60009766 63 68 82 2.000000 21.000000
561777.28999329 5117079.22998047 2285.92993164 64 68 82 2.000000 21.000000
561771.11000061 5117080.87011719 2293.20996094 66 73 88 2.000000 21.000000
561767.10000610 5117081.87988281 2296.91992188 53 60 74 2.000000 21.000000
561763.00000000 5117082.97998047 2302.00000000 56 59 74 2.000000 21.000000
561758.78999329 5117084.19995117 2308.81005859 70 72 89 2.000000 21.000000
561744.17999268 5117088.45996094 2333.41992188 77 81 93 2.000000 21.000000
561717.70001221 5117094.53002930 2346.40991211 62 70 84 2.000000 21.000000
561712.10998535 5117095.76000977 2348.01000977 57 65 82 2.000000 21.000000
561697.35000610 5117098.77001953 2348.17993164 75 85 103 2.000000 21.000000
561690.10000610 5117100.01000977 2343.82006836 219 217 203 2.000000 21.000000
561684.61999512 5117100.97998047 2340.95996094 200 200 186 2.000000 21.000000
561679.10998535 5117101.95996094 2338.26000977 196 196 178 2.000000 21.000000
561673.57000732 5117102.96997070 2335.93994141 191 190 176 2.000000 21.000000
561667.98999023 5117103.97998047 2333.62011719 206 206 190 2.000000 21.000000
561662.41000366 5117104.93994141 2330.31005859 219 218 202 2.000000 21.000000
561611.02999878 5117113.46997070 2293.21997070 228 228 216 2.000000 21.000000
561597.26000977 5117115.62988281 2280.96997070 229 230 220 2.000000 21.000000
561577.26998901 5117118.79003906 2263.42993164 226 228 212 2.000000 21.000000
561573.20001221 5117119.40991211 2259.58007813 224 224 208 2.000000 21.000000
561552.85998535 5117122.76000977 2244.31005859 238 242 232 2.000000 21.000000
561542.64001465 5117124.50000000 2237.75000000 214 216 202 2.000000 21.000000
561538.51000977 5117125.17993164 2234.66992188 235 236 224 2.000000 21.000000
561528.22000122 5117126.94995117 2228.37988281 206 204 190 2.000000 21.000000
561517.86999512 5117128.71997070 2222.00000000 205 204 195 2.000000 21.000000
561509.60000610 5117130.16992188 2217.42993164 221 219 213 2.000000 21.000000
561484.44000244 5117134.43994141 2201.05004883 239 241 234 2.000000 21.000000
561476.02001953 5117135.87988281 2195.78002930 242 242 236 2.000000 21.000000
561461.39001465 5117138.42993164 2187.73999023 242 244 238 2.000000 21.000000
561455.35998535 5117137.77001953 2185.13989258 238 241 235 2.000000 21.000000
561469.88000488 5117135.17993164 2192.82006836 240 242 234 2.000000 21.000000
561490.76998901 5117131.54003906 2205.45996094 242 244 236 2.000000 21.000000
561494.95999146 5117130.83007813 2208.37988281 242 243 236 2.000000 21.000000
561501.20999146 5117129.75000000 2212.40991211 241 244 236 2.000000 21.000000
561521.92999268 5117126.15991211 2225.22998047 229 227 214 2.000000 21.000000
561532.23001099 5117124.37011719 2231.61010742 218 216 204 2.000000 21.000000
561546.60998535 5117121.89990234 2240.96997070 241 242 232 2.000000 21.000000
561556.82000732 5117120.15991211 2247.86010742 236 238 228 2.000000 21.000000
561562.92001343 5117119.12988281 2252.09008789 237 238 226 2.000000 21.000000
561566.98999023 5117118.44995117 2255.12988281 236 236 224 2.000000 21.000000
561591.29000854 5117114.59008789 2276.96997070 220 223 212 2.000000 21.000000
561601.23001099 5117112.95996094 2284.83007813 228 228 216 2.000000 21.000000
561605.17999268 5117112.33007813 2288.36010742 229 229 216 2.000000 21.000000
561618.89001465 5117110.07006836 2299.15991211 223 222 210 2.000000 21.000000
561624.70999146 5117109.10009766 2303.50000000 225 223 211 2.000000 21.000000
561632.41000366 5117107.81005859 2309.13989258 224 226 210 2.000000 21.000000
561638.16000366 5117106.85009766 2313.35009766 224 226 210 2.000000 21.000000
561643.88000488 5117105.90991211 2317.97998047 226 227 210 2.000000 21.000000
561649.55999756 5117104.94995117 2321.90991211 222 224 208 2.000000 21.000000
561714.51000977 5117092.60009766 2341.70996094 64 73 89 2.000000 21.000000
561720.01998901 5117091.46997070 2341.89990234 68 93 97 2.000000 21.000000
561725.82998657 5117089.98999023 2336.57006836 80 88 104 2.000000 21.000000
561731.52999878 5117088.64990234 2333.37988281 72 77 92 2.000000 21.000000
561737.01998901 5117087.55004883 2333.92993164 60 68 87 2.000000 21.000000
561753.11000061 5117083.14990234 2313.44995117 78 84 100 2.000000 21.000000
561766.94999695 5117079.67993164 2301.60009766 54 60 76 2.000000 21.000000
561780.44000244 5117073.28002930 2264.83007813 63 69 85 2.000000 21.000000
561775.38999939 5117075.13989258 2280.60009766 62 68 82 2.000000 21.000000
561772.97999573 5117075.98999023 2287.39990234 56 64 78 2.000000 21.000000
561767.02000427 5117077.45996094 2292.30004883 54 60 80 2.000000 21.000000
561761.52000427 5117078.52001953 2291.25000000 59 64 79 2.000000 21.000000
561759.11999512 5117079.39990234 2298.62011719 64 68 84 2.000000 21.000000
561747.57000732 5117083.52001953 2332.04003906 78 84 98 2.000000 21.000000
561742.19000244 5117084.52001953 2330.28002930 77 84 95 2.000000 21.000000
561680.72000122 5117097.60009766 2341.28002930 187 182 171 2.000000 21.000000
561675.20001221 5117098.60009766 2338.98999023 182 182 168 2.000000 21.000000
561669.66000366 5117099.59008789 2336.25000000 222 222 206 2.000000 21.000000
561664.10998535 5117100.53002930 2332.72998047 224 224 208 2.000000 21.000000
561658.52999878 5117101.45996094 2328.85009766 224 224 210 2.000000 21.000000
561652.92001343 5117102.38989258 2324.89990234 224 226 210 2.000000 21.000000
561612.76000977 5117109.01000977 2295.37988281 230 228 216 2.000000 21.000000
561585.08999634 5117113.43994141 2272.66992188 216 216 203 2.000000 21.000000
561581.07998657 5117114.09008789 2269.48999023 217 218 204 2.000000 21.000000
561513.70999146 5117125.25000000 2221.21997070 241 244 234 2.000000 21.000000
561505.42001343 5117126.65991211 2215.88989258 241 243 237 2.000000 21.000000
561480.48999023 5117130.88989258 2199.93994141 240 242 234 2.000000 21.000000
561463.90002441 5117133.78002930 2190.69995117 242 244 238 2.000000 21.000000
561458.04998779 5117133.19995117 2188.40991211 242 244 238 2.000000 21.000000
561472.57000732 5117130.62011719 2196.10009766 241 241 235 2.000000 21.000000
561485.09002686 5117128.42993164 2203.56005859 240 242 233 2.000000 21.000000
561497.55999756 5117126.25000000 2210.86010742 243 244 237 2.000000 21.000000
561524.51998901 5117121.62011719 2228.30004883 231 229 217 2.000000 21.000000
561534.76998901 5117119.84008789 2234.51000977 219 218 204 2.000000 21.000000
561540.89999390 5117118.78002930 2238.33007813 232 232 219 2.000000 21.000000
561549.07000732 5117117.37988281 2243.71997070 239 242 230 2.000000 21.000000
561559.23001099 5117115.65991211 2250.80004883 238 240 228 2.000000 21.000000
561569.33999634 5117113.97998047 2258.40991211 226 226 212 2.000000 21.000000
561573.38000488 5117113.33007813 2261.90991211 227 228 212 2.000000 21.000000
561577.44000244 5117112.71997070 2266.12011719 225 227 211 2.000000 21.000000
561587.51000977 5117111.19995117 2276.69995117 218 218 205 2.000000 21.000000
561593.44000244 5117110.19995117 2280.73999023 213 215 202 2.000000 21.000000
561607.19000244 5117107.90991211 2291.02001953 232 233 220 2.000000 21.000000
561620.77999878 5117105.72998047 2302.87988281 222 222 209 2.000000 21.000000
561626.54998779 5117104.76000977 2306.98999023 218 218 204 2.000000 21.000000
561634.20001221 5117103.44995117 2311.93994141 220 222 204 2.000000 21.000000
561639.91000366 5117102.46997070 2315.61010742 225 225 208 2.000000 21.000000
561645.58999634 5117101.52001953 2319.88989258 226 228 210 2.000000 21.000000
561710.83999634 5117089.17993164 2340.79003906 66 72 88 2.000000 21.000000
561716.57000732 5117087.82006836 2337.48999023 70 76 94 2.000000 21.000000
561722.08999634 5117086.71997070 2338.20996094 236 226 206 2.000000 21.000000
561727.97000122 5117085.20996094 2332.56005859 80 91 104 2.000000 21.000000
561731.85000610 5117084.23999023 2329.39990234 86 87 98 2.000000 21.000000
561737.48999023 5117083.02001953 2328.18994141 130 124 124 2.000000 21.000000
561749.30999756 5117080.02001953 2317.60009766 77 84 98 2.000000 21.000000
561755.69999695 5117078.09008789 2306.01000977 75 82 96 2.000000 21.000000
561762.77999878 5117075.57006836 2286.08007813 57 62 76 2.000000 21.000000
561771.61999512 5117071.64990234 2279.87988281 52 60 74 2.000000 21.000000
561765.99000549 5117072.84008789 2280.55004883 55 62 75 2.000000 21.000000
561752.39999390 5117077.37988281 2314.03002930 86 89 101 2.000000 21.000000
561745.96000671 5117079.42993164 2327.80004883 70 76 88 2.000000 21.000000
561671.32998657 5117095.16992188 2338.36010742 222 222 206 2.000000 21.000000
561665.76998901 5117096.09008789 2334.46997070 223 223 207 2.000000 21.000000
561660.19000244 5117097.02001953 2330.48999023 223 223 207 2.000000 21.000000
561654.55999756 5117097.96997070 2326.80004883 226 226 210 2.000000 21.000000
561648.92001343 5117098.88989258 2322.66992188 224 226 210 2.000000 21.000000
561629.85000610 5117102.09008789 2309.79003906 220 220 204 2.000000 21.000000
561616.29000854 5117104.26000977 2298.78002930 233 233 221 2.000000 21.000000
561602.58999634 5117106.52001953 2288.80004883 205 206 196 2.000000 21.000000
561596.66000366 5117107.50000000 2284.43994141 211 214 200 2.000000 21.000000
561564.42999268 5117112.53002930 2255.62011719 234 237 224 2.000000 21.000000
561554.27999878 5117114.19995117 2248.23999023 238 240 228 2.000000 21.000000
561544.10000610 5117115.90991211 2241.37988281 223 222 209 2.000000 21.000000
561529.80999756 5117118.34008789 2232.46997070 215 215 203 2.000000 21.000000
561519.57998657 5117120.12011719 2226.62011719 241 241 232 2.000000 21.000000
561509.23001099 5117121.84008789 2219.53002930 237 239 233 2.000000 21.000000
561500.92999268 5117123.23999023 2213.92993164 242 242 236 2.000000 21.000000
561492.64999390 5117124.64990234 2208.82006836 243 243 237 2.000000 21.000000
561476.09002686 5117127.51000977 2199.21997070 240 242 234 2.000000 21.000000
561467.79998779 5117128.95996094 2194.73999023 242 242 236 2.000000 21.000000
561460.63000488 5117128.57006836 2191.83007813 240 242 236 2.000000 21.000000
561481.35998535 5117124.88989258 2202.78002930 240 243 232 2.000000 21.000000
561487.59002686 5117123.79003906 2206.17993164 242 242 234 2.000000 21.000000
561514.57998657 5117119.14990234 2223.54003906 237 238 232 2.000000 21.000000
561537.16000366 5117115.23999023 2237.50000000 208 207 194 2.000000 21.000000
561579.77999878 5117108.17993164 2269.80004883 230 230 216 2.000000 21.000000
561583.82998657 5117107.62011719 2274.89990234 225 226 213 2.000000 21.000000
561589.79998779 5117106.63989258 2279.56005859 225 225 212 2.000000 21.000000
561609.45999146 5117103.37988281 2294.53002930 234 234 222 2.000000 21.000000
561623.01998901 5117101.10009766 2304.17993164 229 231 216 2.000000 21.000000
561636.45001221 5117098.87988281 2314.44995117 224 225 208 2.000000 21.000000
561642.14999390 5117097.90991211 2318.35009766 223 223 208 2.000000 21.000000
561715.22000122 5117083.72998047 2334.69995117 66 72 88 2.000000 21.000000
561720.75000000 5117082.62988281 2335.51000977 55 63 87 2.000000 21.000000
561730.55999756 5117080.07006836 2325.38989258 150 153 148 2.000000 21.000000
561736.23001099 5117078.81005859 2323.61010742 67 72 86 2.000000 21.000000
561741.70999146 5117077.72998047 2324.52001953 68 74 88 2.000000 21.000000
561753.80000305 5117074.44995117 2309.69995117 70 78 91 2.000000 21.000000
561756.75999451 5117073.01000977 2294.10009766 70 77 90 2.000000 21.000000
561759.25000000 5117072.04003906 2285.45996094 62 66 80 2.000000 21.000000
561776.78999329 5117067.92993164 2276.30004883 53 59 73 2.000000 21.000000
561779.44999695 5117066.87011719 2266.69995117 52 58 74 2.000000 21.000000
561771.38999939 5117067.19995117 2273.68994141 52 58 72 2.000000 21.000000
561765.58000183 5117068.50000000 2275.87988281 56 62 76 2.000000 21.000000
561761.50000000 5117069.57006836 2280.32006836 58 63 78 2.000000 21.000000
561754.50000000 5117072.02001953 2299.56005859 72 78 91 2.000000 21.000000
561749.58000183 5117073.96997070 2317.25000000 70 78 92 2.000000 21.000000
561728.42001343 5117079.00000000 2330.78002930 55 67 73 2.000000 21.000000
561627.08999634 5117098.36010742 2307.44995117 231 233 218 2.000000 21.000000
561603.85998535 5117102.26000977 2292.08007813 207 209 197 2.000000 21.000000
561597.98001099 5117103.25000000 2288.13989258 224 228 216 2.000000 21.000000
561574.00000000 5117106.89990234 2265.30004883 227 228 211 2.000000 21.000000
561569.95001221 5117107.53002930 2261.50000000 231 232 218 2.000000 21.000000
561565.91000366 5117108.16992188 2258.13989258 234 236 224 2.000000 21.000000
561559.82998657 5117109.14990234 2253.44995117 233 234 222 2.000000 21.000000
561555.76998901 5117109.83007813 2250.58007813 196 196 183 2.000000 21.000000
561549.67999268 5117110.84008789 2246.37011719 208 206 192 2.000000 21.000000
561531.35000610 5117113.96997070 2235.21997070 236 236 224 2.000000 21.000000
561525.17999268 5117115.00000000 2231.04003906 242 242 233 2.000000 21.000000
561504.54998779 5117118.48999023 2217.75000000 242 241 236 2.000000 21.000000
561496.27999878 5117119.90991211 2212.72998047 242 242 236 2.000000 21.000000
561471.46002197 5117124.20996094 2198.73999023 240 242 236 2.000000 21.000000
561454.90002441 5117125.46997070 2191.32006836 240 242 235 2.000000 21.000000
561463.10998535 5117124.00000000 2195.34008789 240 240 234 2.000000 21.000000
561475.47998047 5117121.80004883 2201.83007813 238 240 232 2.000000 21.000000
561483.70001221 5117120.34008789 2206.10009766 241 244 234 2.000000 21.000000
561489.89001465 5117119.25000000 2209.60009766 239 240 232 2.000000 21.000000
561508.48999023 5117116.03002930 2220.97998047 242 241 236 2.000000 21.000000
561516.75000000 5117114.62011719 2226.34008789 240 241 236 2.000000 21.000000
561539.29000854 5117110.72998047 2240.42993164 201 198 186 2.000000 21.000000
561586.00000000 5117103.09008789 2277.48999023 229 231 217 2.000000 21.000000
561591.97000122 5117102.11010742 2282.05004883 226 228 216 2.000000 21.000000
561611.70001221 5117098.86010742 2297.25000000 225 226 214 2.000000 21.000000
561617.54998779 5117097.86010742 2301.13989258 234 234 222 2.000000 21.000000
561631.07000732 5117095.59008789 2310.68994141 231 233 219 2.000000 21.000000
561638.73999023 5117094.35009766 2317.02001953 228 228 213 2.000000 21.000000
561644.44000244 5117093.37988281 2320.85009766 223 223 209 2.000000 21.000000
561650.10998535 5117092.40991211 2324.54003906 223 223 209 2.000000 21.000000
561655.73999023 5117091.48999023 2328.88989258 224 224 208 2.000000 21.000000
561715.57998657 5117079.29003906 2331.31005859 62 67 83 2.000000 21.000000
561721.32000732 5117077.90991211 2327.70996094 58 60 80 2.000000 21.000000
561727.07000732 5117076.54003906 2324.19995117 64 70 87 2.000000 21.000000
561732.76000977 5117075.23999023 2321.85009766 67 68 86 2.000000 21.000000
561738.48001099 5117073.91992188 2319.19995117 60 69 83 2.000000 21.000000
561743.75000000 5117073.06005859 2323.46997070 64 72 84 2.000000 21.000000
561755.41999817 5117068.77001953 2288.21997070 70 72 85 2.000000 21.000000
561766.03999329 5117065.68994141 2271.50000000 60 64 76 2.000000 21.000000
561770.22999573 5117064.54003906 2266.25000000 56 62 76 2.000000 21.000000
561775.96000671 5117063.32006836 2265.41992188 52 58 72 2.000000 21.000000
561780.22000122 5117062.12011719 2259.45996094 51 58 71 2.000000 21.000000
561781.97999573 5117059.89990234 2255.20996094 54 60 74 2.000000 21.000000
561758.94999695 5117066.11010742 2283.54003906 68 73 86 2.000000 21.000000
561747.05000305 5117070.51000977 2320.37011719 68 74 86 2.000000 21.000000
561728.51998901 5117074.21997070 2319.19995117 62 64 82 2.000000 21.000000
561622.70001221 5117094.97998047 2305.23999023 231 233 220 2.000000 21.000000
561607.20001221 5117097.59008789 2295.23999023 224 224 212 2.000000 21.000000
561595.42999268 5117099.48999023 2285.89990234 224 226 214 2.000000 21.000000
561581.54000854 5117101.72998047 2275.07006836 224 224 210 2.000000 21.000000
561577.48999023 5117102.32006836 2270.71997070 216 217 200 2.000000 21.000000
561561.27999878 5117104.84008789 2256.30004883 173 176 171 2.000000 21.000000
561551.10998535 5117106.50000000 2248.76000977 204 201 185 2.000000 21.000000
561545.00000000 5117107.53002930 2244.73999023 202 197 182 2.000000 21.000000
561534.79000854 5117109.27001953 2238.53002930 236 235 225 2.000000 21.000000
561526.58999634 5117110.65991211 2233.31005859 241 241 232 2.000000 21.000000
561520.42001343 5117111.69995117 2229.33007813 238 240 233 2.000000 21.000000
561512.16000366 5117113.09008789 2224.02001953 236 236 231 2.000000 21.000000
561499.77999878 5117115.20996094 2216.58007813 240 240 234 2.000000 21.000000
561466.70001221 5117120.95996094 2198.55004883 239 240 233 2.000000 21.000000
561458.45001221 5117122.40991211 2194.46997070 240 242 234 2.000000 21.000000
561471.44000244 5117118.37988281 2202.04003906 240 240 234 2.000000 21.000000
561477.65002441 5117117.28002930 2205.25000000 237 240 231 2.000000 21.000000
561485.90997314 5117115.82006836 2209.65991211 238 240 230 2.000000 21.000000
561492.10998535 5117114.71997070 2213.00000000 238 239 231 2.000000 21.000000
561504.51998901 5117112.56005859 2220.31005859 240 240 234 2.000000 21.000000
561555.89001465 5117103.75000000 2252.97998047 202 200 186 2.000000 21.000000
561566.05999756 5117102.08007813 2260.67993164 228 230 218 2.000000 21.000000
561570.10998535 5117101.42993164 2264.07006836 226 224 208 2.000000 21.000000
561588.26998901 5117098.60009766 2280.89990234 224 226 213 2.000000 21.000000
561600.17999268 5117096.68994141 2291.05004883 226 228 214 2.000000 21.000000
561613.85000610 5117094.37011719 2300.22998047 229 229 217 2.000000 21.000000
561627.36999512 5117092.07006836 2309.09008789 230 233 221 2.000000 21.000000
561633.11999512 5117091.11010742 2313.32006836 233 234 222 2.000000 21.000000
561640.73001099 5117089.86010742 2319.10009766 237 235 223 2.000000 21.000000
561646.41000366 5117088.89990234 2322.98999023 232 231 220 2.000000 21.000000
561652.04998779 5117087.96997070 2327.29003906 229 229 216 2.000000 21.000000
561715.80999756 5117074.89990234 2328.55004883 61 67 82 2.000000 21.000000
561719.70999146 5117073.90991211 2325.02001953 60 63 81 2.000000 21.000000
561723.60998535 5117072.91992188 2321.56005859 64 66 86 2.000000 21.000000
561731.39001465 5117071.00000000 2315.63989258 58 60 80 2.000000 21.000000
561736.98001099 5117069.84008789 2315.62011719 56 60 80 2.000000 21.000000
561742.32998657 5117068.93994141 2319.33007813 62 68 83 2.000000 21.000000
561751.13000488 5117066.02001953 2298.73999023 66 71 84 2.000000 21.000000
561761.80999756 5117062.85009766 2280.69995117 64 70 82 2.000000 21.000000
561764.08999634 5117062.09008789 2275.44995117 61 65 77 2.000000 21.000000
561770.64999390 5117060.12011719 2263.87988281 57 64 80 2.000000 21.000000
561774.71000671 5117059.10009766 2260.50000000 57 64 78 2.000000 21.000000
561767.61999512 5117059.34008789 2268.02001953 56 63 78 2.000000 21.000000
561754.77000427 5117063.10009766 2289.38989258 65 70 83 2.000000 21.000000
561748.22999573 5117065.17993164 2303.20996094 74 79 93 2.000000 21.000000
561636.42999268 5117088.62988281 2316.78002930 229 228 216 2.000000 21.000000
561619.17999268 5117091.46997070 2304.61010742 231 231 217 2.000000 21.000000
561609.48999023 5117093.08007813 2297.92993164 232 232 220 2.000000 21.000000
561603.64999390 5117094.04003906 2293.67993164 228 230 216 2.000000 21.000000
561591.85000610 5117095.95996094 2284.92993164 225 226 214 2.000000 21.000000
561583.89999390 5117097.20996094 2278.16992188 226 228 214 2.000000 21.000000
561573.85998535 5117098.75000000 2269.02001953 192 190 172 2.000000 21.000000
561547.51998901 5117102.97998047 2248.21997070 196 193 177 2.000000 21.000000
561541.42999268 5117104.00000000 2244.23999023 229 228 216 2.000000 21.000000
561531.23999023 5117105.72998047 2237.86010742 240 240 232 2.000000 21.000000
561523.05999756 5117107.11010742 2232.64990234 238 240 232 2.000000 21.000000
561516.91000366 5117108.14990234 2228.80004883 238 240 232 2.000000 21.000000
561461.39001465 5117117.76000977 2198.21997070 236 238 230 2.000000 21.000000
561466.75000000 5117115.00000000 2201.77001953 234 236 228 2.000000 21.000000
561472.91998291 5117113.89990234 2204.87988281 231 233 225 2.000000 21.000000
561479.11999512 5117112.82006836 2208.23999023 239 241 232 2.000000 21.000000
561487.33001709 5117111.36010742 2212.50000000 238 239 230 2.000000 21.000000
561493.48999023 5117110.27001953 2215.88989258 237 237 229 2.000000 21.000000
561499.64999390 5117109.18994141 2219.21997070 238 240 232 2.000000 21.000000
561505.79998779 5117108.11010742 2222.75000000 238 240 232 2.000000 21.000000
561511.95999146 5117107.05004883 2226.43994141 238 240 232 2.000000 21.000000
561536.47000122 5117102.84008789 2241.77001953 240 240 232 2.000000 21.000000
561556.73001099 5117099.39990234 2255.32006836 196 190 172 2.000000 21.000000
561560.77999878 5117098.72998047 2258.27001953 198 195 177 2.000000 21.000000
561576.91000366 5117096.18994141 2272.57006836 230 226 204 2.000000 21.000000
561596.76998901 5117093.02001953 2289.50000000 226 226 212 2.000000 21.000000
561623.92999268 5117088.44995117 2308.11010742 228 230 218 2.000000 21.000000
561629.69000244 5117087.47998047 2312.13989258 234 234 222 2.000000 21.000000
561642.98999023 5117085.28002930 2322.09008789 226 225 214 2.000000 21.000000
561726.14999390 5117067.98999023 2318.85009766 61 69 85 2.000000 21.000000
561732.17001343 5117066.35009766 2311.47998047 58 66 78 2.000000 21.000000
561739.39999390 5117065.07006836 2315.37011719 54 60 77 2.000000 21.000000
561744.69000244 5117064.22998047 2319.96997070 66 72 86 2.000000 21.000000
561748.02999878 5117062.32006836 2297.42993164 64 69 82 2.000000 21.000000
561756.49000549 5117059.83007813 2283.69995117 61 65 80 2.000000 21.000000
561777.27999878 5117054.18994141 2258.77001953 48 54 68 2.000000 21.000000
561783.17999268 5117052.83007813 2256.00000000 54 58 74 2.000000 21.000000
561773.27999878 5117053.69995117 2262.62011719 48 53 67 2.000000 21.000000
561769.25999451 5117054.67993164 2265.61010742 48 52 66 2.000000 21.000000
561762.97999573 5117056.39990234 2273.65991211 54 58 72 2.000000 21.000000
561758.77999878 5117057.57006836 2279.48999023 55 60 74 2.000000 21.000000
561724.05999756 5117067.10009766 2325.03002930 56 64 82 2.000000 21.000000
561614.20999146 5117088.16992188 2302.17993164 228 228 215 2.000000 21.000000
561588.70999146 5117092.31005859 2283.21997070 223 222 206 2.000000 21.000000
561570.66000366 5117095.12011719 2267.37988281 175 173 158 2.000000 21.000000
561566.60000610 5117095.72998047 2263.54003906 183 178 165 2.000000 21.000000
561550.44000244 5117098.37988281 2251.98999023 198 194 180 2.000000 21.000000
561526.01000977 5117102.46997070 2236.12011719 238 240 232 2.000000 21.000000
561462.04998779 5117111.70996094 2201.68994141 237 240 232 2.000000 21.000000
561468.22998047 5117110.62011719 2204.81005859 236 238 230 2.000000 21.000000
561474.40997314 5117109.53002930 2208.02001953 234 236 228 2.000000 21.000000
561480.59997559 5117108.43994141 2211.25000000 232 234 226 2.000000 21.000000
561488.82998657 5117106.98999023 2215.68994141 236 237 229 2.000000 21.000000
561495.00000000 5117105.89990234 2218.98999023 236 236 228 2.000000 21.000000
561501.17001343 5117104.82006836 2222.39990234 236 236 228 2.000000 21.000000
561507.32998657 5117103.73999023 2225.81005859 236 238 230 2.000000 21.000000
561513.48999023 5117102.67993164 2229.53002930 238 238 230 2.000000 21.000000
561519.63000488 5117101.61010742 2233.04003906 238 239 231 2.000000 21.000000
561529.88000488 5117099.86010742 2239.58007813 238 238 230 2.000000 21.000000
561538.02999878 5117098.45996094 2244.64990234 239 239 230 2.000000 21.000000
561544.14001465 5117097.41992188 2248.46997070 237 238 227 2.000000 21.000000
561562.39999390 5117094.35009766 2261.07006836 190 186 171 2.000000 21.000000
561578.55999756 5117091.81005859 2275.35009766 231 229 212 2.000000 21.000000
561582.58999634 5117091.21997070 2279.66992188 220 220 205 2.000000 21.000000
561592.51000977 5117089.60009766 2287.37011719 225 225 211 2.000000 21.000000
561598.42999268 5117088.63989258 2291.96997070 224 225 210 2.000000 21.000000
561604.29998779 5117087.64990234 2295.95996094 223 224 210 2.000000 21.000000
561617.91000366 5117085.37988281 2305.62988281 221 226 216 2.000000 21.000000
561625.61999512 5117084.12011719 2311.60009766 220 222 209 2.000000 21.000000
561631.35998535 5117083.13989258 2315.20996094 216 214 202 2.000000 21.000000
561729.77999878 5117062.91992188 2315.65991211 70 75 89 2.000000 21.000000
561732.10000610 5117062.02001953 2307.83007813 64 70 87 2.000000 21.000000
561737.57000732 5117061.02001953 2310.16992188 54 58 72 2.000000 21.000000
561741.92001343 5117059.59008789 2300.37011719 58 62 74 2.000000 21.000000
561744.19000244 5117058.78002930 2294.20996094 58 62 75 2.000000 21.000000
561748.22000122 5117057.72998047 2290.12988281 60 64 79 2.000000 21.000000
561752.32000732 5117056.62988281 2285.37988281 56 60 76 2.000000 21.000000
561764.77999878 5117053.20996094 2269.70996094 48 51 65 2.000000 21.000000
561778.58999634 5117049.95996094 2262.16992188 56 62 77 2.000000 21.000000
561784.35000610 5117048.70996094 2261.09008789 58 62 80 2.000000 21.000000
561771.52000427 5117050.00000000 2266.02001953 54 60 74 2.000000 21.000000
561757.52999878 5117053.40991211 2276.55004883 52 54 70 2.000000 21.000000
561737.04998779 5117058.96997070 2302.02001953 58 62 74 2.000000 21.000000
561621.26998901 5117082.83007813 2309.12988281 224 223 208 2.000000 21.000000
561609.70999146 5117084.75000000 2301.33007813 221 220 206 2.000000 21.000000
561574.20001221 5117090.36010742 2272.37011719 175 175 162 2.000000 21.000000
561556.04000854 5117093.23999023 2257.77001953 185 185 171 2.000000 21.000000
561551.98001099 5117093.88989258 2254.66992188 216 214 201 2.000000 21.000000
561464.28002930 5117107.21997070 2205.22998047 239 242 234 2.000000 21.000000
561470.45001221 5117106.13989258 2208.41992188 236 238 231 2.000000 21.000000
561476.60998535 5117105.04003906 2211.54003906 232 234 226 2.000000 21.000000
561482.79998779 5117103.95996094 2214.86010742 236 237 231 2.000000 21.000000
561491.01000977 5117102.51000977 2219.18994141 234 236 228 2.000000 21.000000
561497.17999268 5117101.42993164 2222.56005859 234 236 228 2.000000 21.000000
561503.33999634 5117100.35009766 2225.89990234 235 237 229 2.000000 21.000000
561509.48999023 5117099.27001953 2229.27001953 238 240 232 2.000000 21.000000
561515.64001465 5117098.19995117 2232.83007813 234 236 226 2.000000 21.000000
561521.79000854 5117097.13989258 2236.43994141 236 238 230 2.000000 21.000000
561532.01998901 5117095.37988281 2242.66992188 236 238 229 2.000000 21.000000
561540.19000244 5117093.98999023 2247.86010742 237 238 228 2.000000 21.000000
561546.30999756 5117092.94995117 2251.91992188 239 238 228 2.000000 21.000000
561564.54998779 5117089.88989258 2264.30004883 194 190 170 2.000000 21.000000
561568.60000610 5117089.23999023 2267.56005859 183 180 165 2.000000 21.000000
561584.73999023 5117086.75000000 2282.61010742 228 230 216 2.000000 21.000000
561594.64999390 5117085.12011719 2290.06005859 220 220 206 2.000000 21.000000
561600.54998779 5117084.14990234 2294.31005859 224 224 208 2.000000 21.000000
561614.23999023 5117081.97998047 2306.00000000 217 219 205 2.000000 21.000000
561726.07998657 5117059.65991211 2318.16992188 67 73 88 2.000000 21.000000
561730.13000488 5117058.53002930 2312.76000977 62 67 82 2.000000 21.000000
561740.76000977 5117055.18994141 2291.81005859 57 61 75 2.000000 21.000000
561744.78999329 5117054.13989258 2287.75000000 52 54 68 2.000000 21.000000
561748.82000732 5117053.09008789 2283.77001953 48 50 66 2.000000 21.000000
561752.85000610 5117052.06005859 2280.09008789 56 59 76 2.000000 21.000000
561760.88000488 5117050.05004883 2273.62011719 60 67 82 2.000000 21.000000
561766.80000305 5117048.65991211 2270.37988281 54 60 76 2.000000 21.000000
561776.47000122 5117046.52001953 2267.56005859 57 63 78 2.000000 21.000000
561736.79998779 5117054.54003906 2298.91992188 63 70 84 2.000000 21.000000
561732.76000977 5117055.62988281 2303.85009766 64 70 84 2.000000 21.000000
561605.27999878 5117081.20996094 2298.87988281 224 225 212 2.000000 21.000000
561589.55999756 5117083.76000977 2287.37988281 224 224 212 2.000000 21.000000
561579.63000488 5117085.34008789 2279.54003906 202 202 192 2.000000 21.000000
561575.58999634 5117085.90991211 2275.09008789 160 160 151 2.000000 21.000000
561559.44000244 5117088.44995117 2261.71997070 175 174 168 2.000000 21.000000
561535.10000610 5117092.51000977 2245.88989258 234 236 228 2.000000 21.000000
561526.94000244 5117093.87988281 2240.70996094 236 237 229 2.000000 21.000000
561486.05999756 5117100.90991211 2217.86010742 236 238 231 2.000000 21.000000
561465.21002197 5117102.90991211 2208.07006836 240 242 236 2.000000 21.000000
561471.35998535 5117101.82006836 2211.12988281 238 240 234 2.000000 21.000000
561477.52001953 5117100.72998047 2214.20996094 236 238 232 2.000000 21.000000
561491.94000244 5117098.19995117 2221.92993164 234 236 228 2.000000 21.000000
561498.10000610 5117097.12011719 2225.30004883 232 234 226 2.000000 21.000000
561504.23999023 5117096.04003906 2228.66992188 232 234 226 2.000000 21.000000
561510.36999512 5117094.96997070 2232.05004883 234 236 228 2.000000 21.000000
561516.51000977 5117093.89990234 2235.51000977 233 234 225 2.000000 21.000000
561540.97000122 5117089.69995117 2250.40991211 235 236 226 2.000000 21.000000
561549.07998657 5117088.32006836 2255.45996094 239 238 227 2.000000 21.000000
561571.25000000 5117084.63989258 2271.23999023 190 186 167 2.000000 21.000000
561597.10998535 5117080.57006836 2293.60009766 225 225 211 2.000000 21.000000
561608.82000732 5117078.67993164 2302.98999023 220 222 210 2.000000 21.000000
561616.54998779 5117077.43994141 2309.20996094 221 221 206 2.000000 21.000000
561741.01000977 5117051.05004883 2294.67993164 54 58 71 2.000000 21.000000
561755.22000122 5117047.33007813 2280.27001953 60 66 82 2.000000 21.000000
561759.21000671 5117046.35009766 2277.40991211 58 63 77 2.000000 21.000000
561765.11000061 5117044.97998047 2274.57006836 57 64 78 2.000000 21.000000
561770.82000732 5117043.77001953 2273.97998047 56 65 80 2.000000 21.000000
561776.49000549 5117042.60009766 2273.83007813 57 66 80 2.000000 21.000000
561749.75000000 5117046.92993164 2284.64990234 64 68 84 2.000000 21.000000
561745.77999878 5117047.90991211 2287.69995117 66 68 83 2.000000 21.000000
561731.29000854 5117052.07006836 2309.63989258 62 69 84 2.000000 21.000000
561601.39999390 5117077.77001953 2298.26000977 208 208 194 2.000000 21.000000
561591.52999878 5117079.34008789 2290.48999023 232 233 220 2.000000 21.000000
561585.57998657 5117080.30004883 2286.07006836 198 198 186 2.000000 21.000000
561581.57000732 5117080.88989258 2281.94995117 175 175 163 2.000000 21.000000
561565.44000244 5117083.37011719 2267.77001953 162 164 160 2.000000 21.000000
561555.33999634 5117085.03002930 2260.81005859 236 238 226 2.000000 21.000000
561530.95999146 5117089.10009766 2245.18994141 234 234 226 2.000000 21.000000
561522.80999756 5117090.48999023 2240.52001953 234 234 226 2.000000 21.000000
561481.83001709 5117097.54003906 2217.82006836 235 238 232 2.000000 21.000000
561467.61999512 5117098.28002930 2211.64990234 240 242 236 2.000000 21.000000
561473.77001953 5117097.19995117 2214.86010742 241 243 238 2.000000 21.000000
561486.05999756 5117095.04003906 2221.22998047 240 242 234 2.000000 21.000000
561492.20999146 5117093.95996094 2224.57006836 240 242 234 2.000000 21.000000
561500.39001465 5117092.53002930 2228.98999023 236 239 231 2.000000 21.000000
561506.51998901 5117091.45996094 2232.37011719 234 235 227 2.000000 21.000000
561512.64001465 5117090.38989258 2235.82006836 234 236 226 2.000000 21.000000
561535.00000000 5117086.51000977 2248.65991211 234 235 226 2.000000 21.000000
561543.10998535 5117085.12988281 2253.79003906 232 234 223 2.000000 21.000000
561559.26998901 5117082.40991211 2264.46997070 232 231 218 2.000000 21.000000
561573.35998535 5117080.12011719 2275.36010742 204 198 182 2.000000 21.000000
561577.38000488 5117079.50000000 2279.00000000 196 190 175 2.000000 21.000000
561605.07998657 5117075.12988281 2302.67993164 212 214 201 2.000000 21.000000
561735.17001343 5117048.34008789 2301.77001953 72 76 86 2.000000 21.000000
561755.05000305 5117043.32006836 2285.00000000 58 64 78 2.000000 21.000000
561760.86000061 5117041.98999023 2282.50000000 55 62 73 2.000000 21.000000
561766.58999634 5117040.73999023 2281.12988281 56 64 78 2.000000 21.000000
561772.33000183 5117039.47998047 2279.66992188 59 67 83 2.000000 21.000000
561778.00999451 5117038.26000977 2278.83007813 59 69 82 2.000000 21.000000
561750.14999390 5117042.82006836 2288.08007813 64 70 86 2.000000 21.000000
561744.22999573 5117044.25000000 2292.22998047 66 68 84 2.000000 21.000000
561738.23001099 5117045.80004883 2298.12011719 59 69 79 2.000000 21.000000
561596.63000488 5117074.36010742 2295.90991211 235 236 224 2.000000 21.000000
561568.79000854 5117078.67993164 2272.39990234 178 172 160 2.000000 21.000000
561550.67001343 5117081.63989258 2259.76000977 234 237 227 2.000000 21.000000
561538.52999878 5117083.65991211 2251.91992188 232 232 222 2.000000 21.000000
561526.35000610 5117085.71997070 2244.76000977 235 237 228 2.000000 21.000000
561518.23001099 5117087.12011719 2240.35009766 237 237 229 2.000000 21.000000
561495.76000977 5117090.96997070 2227.91992188 238 242 234 2.000000 21.000000
561477.33001709 5117094.14990234 2218.09008789 240 243 238 2.000000 21.000000
561470.10998535 5117093.65991211 2215.28002930 242 244 238 2.000000 21.000000
561482.35998535 5117091.52001953 2221.78002930 240 243 238 2.000000 21.000000
561488.47000122 5117090.44995117 2225.06005859 240 242 236 2.000000 21.000000
561500.69000244 5117088.32006836 2231.71997070 238 240 234 2.000000 21.000000
561506.80999756 5117087.26000977 2235.14990234 238 240 232 2.000000 21.000000
561512.91000366 5117086.19995117 2238.55004883 238 240 232 2.000000 21.000000
561531.16000366 5117083.03002930 2248.73999023 234 234 224 2.000000 21.000000
561545.32000732 5117080.60009766 2257.32006836 233 234 224 2.000000 21.000000
561555.42001343 5117078.89990234 2263.89990234 234 236 226 2.000000 21.000000
561561.45001221 5117077.87988281 2267.84008789 234 233 224 2.000000 21.000000
561577.60998535 5117075.40991211 2282.76000977 182 176 163 2.000000 21.000000
561581.60000610 5117074.76000977 2285.80004883 184 180 164 2.000000 21.000000
561587.51998901 5117073.73999023 2289.28002930 185 184 166 2.000000 21.000000
561748.77000427 5117040.85009766 2293.12988281 62 68 84 2.000000 21.000000
561754.42999268 5117039.63989258 2292.30004883 58 64 78 2.000000 21.000000
561760.27000427 5117038.26000977 2289.04003906 58 66 76 2.000000 21.000000
561766.08000183 5117036.90991211 2286.26000977 57 62 78 2.000000 21.000000
561771.77999878 5117035.67993164 2285.17993164 64 71 86 2.000000 21.000000
561780.03999329 5117033.42993164 2275.38989258 58 66 80 2.000000 21.000000
561774.91000366 5117033.03002930 2279.22998047 62 72 86 2.000000 21.000000
561758.83000183 5117037.12011719 2293.97998047 61 68 77 2.000000 21.000000
561751.11999512 5117038.87011719 2297.22998047 59 68 82 2.000000 21.000000
561743.67001343 5117040.32006836 2296.25000000 62 70 84 2.000000 21.000000
561739.60998535 5117041.40991211 2301.06005859 64 74 86 2.000000 21.000000
561592.48999023 5117070.80004883 2294.06005859 177 178 163 2.000000 21.000000
561572.60000610 5117073.92993164 2278.10009766 190 184 171 2.000000 21.000000
561564.54998779 5117075.18994141 2271.51000977 236 235 225 2.000000 21.000000
561540.30999756 5117079.18994141 2255.48999023 237 238 228 2.000000 21.000000
561534.22000122 5117080.21997070 2251.80004883 229 230 220 2.000000 21.000000
561522.04998779 5117082.30004883 2245.06005859 234 236 228 2.000000 21.000000
561491.44000244 5117087.55004883 2228.16992188 238 242 236 2.000000 21.000000
561473.01000977 5117090.71997070 2218.38989258 242 244 238 2.000000 21.000000
561477.19000244 5117088.22998047 2221.69995117 242 244 240 2.000000 21.000000
561483.33001709 5117087.14990234 2224.86010742 240 244 238 2.000000 21.000000
561495.60998535 5117085.01000977 2231.51000977 238 242 234 2.000000 21.000000
561501.75000000 5117083.94995117 2234.93994141 238 240 234 2.000000 21.000000
561507.86999512 5117082.87988281 2238.21997070 238 240 232 2.000000 21.000000
561514.00000000 5117081.82006836 2241.68994141 238 239 231 2.000000 21.000000
561526.20001221 5117079.69995117 2248.46997070 238 239 230 2.000000 21.000000
561546.44000244 5117076.20996094 2260.16992188 235 236 226 2.000000 21.000000
561556.54000854 5117074.51000977 2266.64990234 234 236 226 2.000000 21.000000
561582.70001221 5117070.43994141 2289.59008789 142 146 140 2.000000 21.000000
561754.85000610 5117035.61010742 2298.33007813 63 68 80 2.000000 21.000000
561762.61999512 5117033.78002930 2294.17993164 62 72 84 2.000000 21.000000
561766.61999512 5117032.76000977 2290.58007813 66 70 83 2.000000 21.000000
561779.55000305 5117028.91992188 2269.66992188 57 64 80 2.000000 21.000000
561783.71000671 5117027.80004883 2264.95996094 56 60 76 2.000000 21.000000
561770.85000610 5117029.87988281 2282.80004883 68 74 86 2.000000 21.000000
561760.13000488 5117033.11010742 2301.39990234 59 71 82 2.000000 21.000000
561749.00000000 5117035.33007813 2300.94995117 62 70 82 2.000000 21.000000
561586.60998535 5117067.71997070 2292.93994141 223 214 196 2.000000 21.000000
561576.72000122 5117069.31005859 2285.79003906 199 193 177 2.000000 21.000000
561572.67999268 5117069.86010742 2281.14990234 206 209 196 2.000000 21.000000
561568.66000366 5117070.45996094 2277.37011719 232 236 222 2.000000 21.000000
561560.63000488 5117071.75000000 2271.44995117 232 234 224 2.000000 21.000000
561550.54000854 5117073.37011719 2264.12011719 231 233 223 2.000000 21.000000
561536.44000244 5117075.75000000 2255.83007813 236 238 230 2.000000 21.000000
561530.38000488 5117076.78002930 2252.37988281 236 237 228 2.000000 21.000000
561518.25000000 5117078.85009766 2245.66992188 238 238 232 2.000000 21.000000
561487.73999023 5117084.07006836 2228.83007813 240 244 238 2.000000 21.000000
561473.72998047 5117084.66992188 2222.50000000 242 244 239 2.000000 21.000000
561479.88000488 5117083.59008789 2225.72998047 242 244 240 2.000000 21.000000
561492.17999268 5117081.45996094 2232.36010742 239 242 236 2.000000 21.000000
561498.32000732 5117080.38989258 2235.71997070 238 240 234 2.000000 21.000000
561504.44000244 5117079.33007813 2239.07006836 240 240 234 2.000000 21.000000
561510.54998779 5117078.27001953 2242.40991211 240 240 232 2.000000 21.000000
561522.73001099 5117076.15991211 2249.18994141 238 238 231 2.000000 21.000000
561540.88000488 5117073.01000977 2259.30004883 234 236 226 2.000000 21.000000
561579.04000854 5117066.95996094 2290.35009766 226 226 211 2.000000 21.000000
561773.53999329 5117026.39990234 2277.84008789 62 68 84 2.000000 21.000000
561777.57000732 5117025.37011719 2274.28002930 58 66 81 2.000000 21.000000
561783.71000671 5117023.77001953 2268.26000977 60 66 81 2.000000 21.000000
561766.49000549 5117026.66992188 2286.00000000 64 68 82 2.000000 21.000000
561762.25999451 5117027.90991211 2292.68994141 64 70 82 2.000000 21.000000
561564.54998779 5117066.91992188 2276.12988281 230 234 222 2.000000 21.000000
561556.54000854 5117068.19995117 2270.29003906 230 234 222 2.000000 21.000000
561546.52999878 5117069.87988281 2264.22998047 235 236 226 2.000000 21.000000
561532.48001099 5117072.26000977 2256.23999023 236 238 230 2.000000 21.000000
561526.45001221 5117073.29003906 2252.97998047 238 240 232 2.000000 21.000000
561514.33999634 5117075.36010742 2246.32006836 240 240 234 2.000000 21.000000
561483.88000488 5117080.56005859 2229.65991211 240 244 238 2.000000 21.000000
561488.79000854 5117077.91992188 2233.45996094 241 243 237 2.000000 21.000000
561494.86999512 5117076.87011719 2236.80004883 240 242 236 2.000000 21.000000
561500.95999146 5117075.81005859 2240.12988281 240 240 234 2.000000 21.000000
561507.04000854 5117074.76000977 2243.50000000 240 242 234 2.000000 21.000000
561519.16000366 5117072.65991211 2250.27001953 238 240 234 2.000000 21.000000
561537.23999023 5117069.52001953 2259.98999023 236 238 228 2.000000 21.000000
561551.27999878 5117067.12011719 2268.27001953 230 232 222 2.000000 21.000000
561569.29998779 5117064.15991211 2281.06005859 232 234 224 2.000000 21.000000
561573.32998657 5117063.58007813 2285.27001953 228 230 218 2.000000 21.000000
561769.75000000 5117023.20996094 2282.62988281 68 74 91 2.000000 21.000000
561775.66000366 5117021.79003906 2278.98999023 62 70 85 2.000000 21.000000
561779.83999634 5117020.62988281 2273.62011719 60 68 84 2.000000 21.000000
561762.91000366 5117023.35009766 2290.59008789 66 70 84 2.000000 21.000000
561559.33999634 5117063.58007813 2274.79003906 226 228 218 2.000000 21.000000
561541.29000854 5117066.59008789 2263.81005859 237 239 229 2.000000 21.000000
561527.20999146 5117069.01000977 2256.31005859 238 240 233 2.000000 21.000000
561511.01998901 5117071.78002930 2247.54003906 242 242 236 2.000000 21.000000
561480.44000244 5117076.98999023 2230.66992188 242 244 238 2.000000 21.000000
561489.82000732 5117073.69995117 2236.98999023 240 242 236 2.000000 21.000000
561495.94000244 5117072.64990234 2240.46997070 240 240 234 2.000000 21.000000
561502.04000854 5117071.59008789 2243.81005859 240 240 234 2.000000 21.000000
561520.29000854 5117068.42993164 2253.73999023 240 242 236 2.000000 21.000000
561532.42001343 5117066.33007813 2260.31005859 238 239 230 2.000000 21.000000
561546.50000000 5117063.87988281 2267.77001953 236 238 228 2.000000 21.000000
561552.54000854 5117062.86010742 2271.42993164 234 236 228 2.000000 21.000000
561562.57998657 5117061.17993164 2278.00000000 227 228 219 2.000000 21.000000
561767.03999329 5117019.75000000 2285.39990234 67 73 90 2.000000 21.000000
561772.88999939 5117018.37988281 2282.54003906 61 68 83 2.000000 21.000000
561774.74000549 5117016.03002930 2278.50000000 61 68 83 2.000000 21.000000
561536.94000244 5117063.20996094 2264.16992188 239 240 232 2.000000 21.000000
561514.80999756 5117067.00000000 2252.58007813 241 242 236 2.000000 21.000000
561506.70001221 5117068.37988281 2248.07006836 242 242 236 2.000000 21.000000
561484.34002686 5117072.17993164 2235.76000977 242 244 238 2.000000 21.000000
561490.51998901 5117069.48999023 2240.35009766 240 242 236 2.000000 21.000000
561496.63000488 5117068.43994141 2243.68994141 240 240 234 2.000000 21.000000
561520.94000244 5117064.22998047 2256.89990234 242 242 236 2.000000 21.000000
561526.98001099 5117063.17993164 2260.08007813 240 242 234 2.000000 21.000000
561541.02999878 5117060.73999023 2267.39990234 238 240 232 2.000000 21.000000
561547.04000854 5117059.69995117 2270.67993164 238 240 232 2.000000 21.000000
561555.02999878 5117058.33007813 2275.21997070 238 240 230 2.000000 21.000000
561763.11000061 5117016.38989258 2286.38989258 65 72 86 2.000000 21.000000
561767.16999817 5117015.33007813 2282.53002930 63 69 84 2.000000 21.000000
561770.50000000 5117012.59008789 2278.34008789 60 68 84 2.000000 21.000000
561532.50000000 5117059.85009766 2264.66992188 239 241 233 2.000000 21.000000
561510.41000366 5117063.62988281 2253.02001953 242 242 236 2.000000 21.000000
561502.33999634 5117065.01000977 2248.62988281 242 242 236 2.000000 21.000000
561483.02001953 5117066.72998047 2238.89990234 242 244 238 2.000000 21.000000
561491.16000366 5117065.33007813 2243.40991211 242 244 238 2.000000 21.000000
561497.26998901 5117064.28002930 2246.87011719 240 242 236 2.000000 21.000000
561515.45999146 5117061.12988281 2256.66992188 240 240 234 2.000000 21.000000
561521.50000000 5117060.09008789 2259.92993164 240 242 234 2.000000 21.000000
561527.51998901 5117059.04003906 2263.06005859 240 242 234 2.000000 21.000000
561541.51000977 5117056.60009766 2270.31005859 239 241 232 2.000000 21.000000
561766.13000488 5117009.31005859 2279.33007813 60 68 84 2.000000 21.000000
561535.76998901 5117055.20996094 2268.83007813 240 242 234 2.000000 21.000000
561505.67999268 5117060.36010742 2253.18994141 242 242 236 2.000000 21.000000
561485.92999268 5117062.14990234 2243.43994141 242 244 238 2.000000 21.000000
561492.01998901 5117061.11010742 2246.88989258 242 244 238 2.000000 21.000000
561498.07998657 5117060.07006836 2250.21997070 242 242 238 2.000000 21.000000
561510.19000244 5117057.97998047 2256.83007813 242 242 236 2.000000 21.000000
561516.22000122 5117056.92993164 2260.00000000 240 240 234 2.000000 21.000000
561522.23999023 5117055.88989258 2263.19995117 240 242 234 2.000000 21.000000
561528.25000000 5117054.84008789 2266.28002930 242 243 236 2.000000 21.000000
561768.64999390 5117005.98999023 2272.52001953 61 65 80 2.000000 21.000000
561501.35998535 5117057.08007813 2253.68994141 242 242 238 2.000000 21.000000
561487.92999268 5117057.63989258 2247.54003906 242 244 238 2.000000 21.000000
561494.00000000 5117056.59008789 2250.88989258 242 242 238 2.000000 21.000000
561506.13000488 5117054.50000000 2257.41992188 240 241 236 2.000000 21.000000
561512.17001343 5117053.44995117 2260.61010742 241 243 237 2.000000 21.000000
561768.94999695 5117001.43994141 2269.59008789 59 63 77 2.000000 21.000000
561497.22000122 5117053.70996094 2254.28002930 240 242 238 2.000000 21.000000
561500.66000366 5117051.35009766 2257.06005859 240 242 237 2.000000 21.000000
561493.45001221 5117050.26000977 2254.76000977 242 242 238 2.000000 21.000000
561774.85000610 5116997.75000000 2256.38989258 62 69 84 2.000000 21.000000
561769.99000549 5116996.39990234 2259.30004883 60 66 77 2.000000 21.000000
561772.77999878 5116993.79003906 2252.66992188 65 69 83 2.000000 21.000000
561764.13999939 5116996.37988281 2266.80004883 55 61 74 2.000000 21.000000
561764.57000732 5116993.29003906 2258.92993164 64 69 81 2.000000 21.000000
561766.80999756 5116992.56005859 2254.38989258 62 67 78 2.000000 21.000000
561770.35000610 5116989.80004883 2250.21997070 64 68 80 2.000000 21.000000
561759.89999390 5116992.67993164 2262.92993164 60 65 78 2.000000 21.000000
561759.46000671 5116990.09008789 2258.16992188 60 66 80 2.000000 21.000000
561761.80000305 5116989.25000000 2252.18994141 57 64 76 2.000000 21.000000
561765.94999695 5116988.13989258 2247.73999023 61 66 78 2.000000 21.000000
561759.52000427 5116985.29003906 2250.04003906 60 66 80 2.000000 21.000000
561763.72999573 5116984.12988281 2245.07006836 62 68 82 2.000000 21.000000
561758.89999390 5116980.95996094 2246.85009766 63 68 83 2.000000 21.000000
561765.07000732 5116979.37011719 2241.45996094 54 59 74 2.000000 21.000000
561760.27000427 5116976.28002930 2243.66992188 62 67 84 2.000000 21.000000
561760.83000183 5116969.93994141 2240.41992188 62 66 81 2.000000 21.000000
561817.22000122 5117462.96997070 2148.10009766 72 79 94 1.000000 12.000000
561784.99000549 5117342.19995117 2241.27001953 64 70 80 1.000000 12.000000
561775.41000366 5117155.69995117 2258.70996094 54 60 74 1.000000 12.000000
